[2026-03-23 11:56:22.223] [Normal] Resolve Telerik Products.
  MSBuildProjectName=2
  MSBuildProjectDirectory=\\FEAP1313L\Users\edward.barreras\source\repos\LIVE\MIA SRC\ERP
  MSBuildProjectExtension=.vbproj
  Language=VB
  OutputPath=bin\Debug\
  Platform=AnyCPU
  TargetFramework=
  TargetFrameworks=
  TargetFrameworkVersion=v4.8
  VisualStudioVersion=17.0
  UsingMicrosoftNETSdk=
  UsingMicrosoftNETSdkRazor=
  UsingMicrosoftNETSdkWeb=
  ImportXamlTargets=True
  OutputType=WinExe
  UseMaui=
  NuGetPackageRoot=

  PackageReferences
  ReferencePaths
  - BouncyCastle.Crypto.dll 1.8.3 at \\FEAP1313L\Users\edward.barreras\source\repos\LIVE\MIA SRC\packages\BouncyCastle.1.8.3.1\lib\BouncyCastle.Crypto.dll
  - BouncyCastle.Cryptography.dll 2.5.1 at \\FEAP1313L\Users\edward.barreras\source\repos\LIVE\MIA SRC\packages\BouncyCastle.Cryptography.2.5.1\lib\net461\BouncyCastle.Cryptography.dll
  - ClosedXML.dll 0.96.0 at \\FEAP1313L\Users\edward.barreras\source\repos\LIVE\MIA SRC\packages\ClosedXML.0.96.0\lib\net40\ClosedXML.dll
  - DocumentFormat.OpenXml.dll 2.16.0 at \\FEAP1313L\Users\edward.barreras\source\repos\LIVE\MIA SRC\packages\DocumentFormat.OpenXml.2.16.0\lib\net40\DocumentFormat.OpenXml.dll
  - ExcelNumberFormat.dll 1.1.0 at \\FEAP1313L\Users\edward.barreras\source\repos\LIVE\MIA SRC\packages\ExcelNumberFormat.1.1.0\lib\net20\ExcelNumberFormat.dll
  - FEAPNS.dll 1.0.0 at \\FEAP1313L\Users\edward.barreras\source\repos\LIVE\MIA SRC\ERP\bin\Debug\FEAPNS.dll
  - Gma.QrCodeNet.Encoding.dll 0.4.1 at \\FEAP1313L\Users\edward.barreras\source\repos\LIVE\MIA SRC\packages\Gma.QrCodeNet.0.4.1.2\lib\net40\Gma.QrCodeNet.Encoding.dll
  - Google.Protobuf.dll 3.30.0 at \\FEAP1313L\Users\edward.barreras\source\repos\LIVE\MIA SRC\packages\Google.Protobuf.3.30.0\lib\net45\Google.Protobuf.dll
  - K4os.Compression.LZ4.dll 1.3.8 at \\FEAP1313L\Users\edward.barreras\source\repos\LIVE\MIA SRC\packages\K4os.Compression.LZ4.1.3.8\lib\net462\K4os.Compression.LZ4.dll
  - K4os.Compression.LZ4.Streams.dll 1.3.8 at \\FEAP1313L\Users\edward.barreras\source\repos\LIVE\MIA SRC\packages\K4os.Compression.LZ4.Streams.1.3.8\lib\net462\K4os.Compression.LZ4.Streams.dll
  - K4os.Hash.xxHash.dll 1.0.8 at \\FEAP1313L\Users\edward.barreras\source\repos\LIVE\MIA SRC\packages\K4os.Hash.xxHash.1.0.8\lib\net462\K4os.Hash.xxHash.dll
  - MIA-Linq.dll 1.0.0 at \\FEAP1313L\Users\edward.barreras\source\repos\LIVE\MIA SRC\ERP\bin\Debug\MIA-Linq.dll
  - MIA-Report.dll 1.0.0 at \\FEAP1313L\Users\edward.barreras\source\repos\LIVE\MIA SRC\ERP\bin\Debug\MIA-Report.dll
  - Microsoft.Bcl.AsyncInterfaces.dll 5.0.0 at \\FEAP1313L\Users\edward.barreras\source\repos\LIVE\MIA SRC\packages\Microsoft.Bcl.AsyncInterfaces.5.0.0\lib\net461\Microsoft.Bcl.AsyncInterfaces.dll
  - Microsoft.CSharp.dll 4.8.3761 at C:\Program Files (x86)\Reference Assemblies\Microsoft\Framework\.NETFramework\v4.8\Microsoft.CSharp.dll
  - MySql.Data.dll 9.4.0 at \\FEAP1313L\Users\edward.barreras\source\repos\LIVE\MIA SRC\packages\MySql.Data.9.4.0\lib\net48\MySql.Data.dll
  - Newtonsoft.Json.dll 13.0.3 at \\FEAP1313L\Users\edward.barreras\source\repos\LIVE\MIA SRC\packages\Newtonsoft.Json.13.0.3\lib\net45\Newtonsoft.Json.dll
  - SRCDailyReportv2.dll 1.0.0 at \\FEAP1313L\Users\edward.barreras\source\repos\LIVE\MIA SRC\ERP\bin\Debug\SRCDailyReportv2.dll
  - System.Buffers.dll 4.6.28619 at \\FEAP1313L\Users\edward.barreras\source\repos\LIVE\MIA SRC\packages\System.Buffers.4.5.1\lib\net461\System.Buffers.dll
  - System.ComponentModel.DataAnnotations.dll 4.8.3761 at C:\Program Files (x86)\Reference Assemblies\Microsoft\Framework\.NETFramework\v4.8\System.ComponentModel.DataAnnotations.dll
  - System.ComponentModel.dll 4.8.3761 at C:\Program Files (x86)\Reference Assemblies\Microsoft\Framework\.NETFramework\v4.8\Facades\System.ComponentModel.dll
  - System.Configuration.ConfigurationManager.dll 8.0.0 at \\FEAP1313L\Users\edward.barreras\source\repos\LIVE\MIA SRC\packages\System.Configuration.ConfigurationManager.8.0.0\lib\net462\System.Configuration.ConfigurationManager.dll
  - System.Configuration.dll 4.8.3761 at C:\Program Files (x86)\Reference Assemblies\Microsoft\Framework\.NETFramework\v4.8\System.Configuration.dll
  - System.Configuration.Install.dll 4.8.3761 at C:\Program Files (x86)\Reference Assemblies\Microsoft\Framework\.NETFramework\v4.8\System.Configuration.Install.dll
  - System.Core.dll 4.8.3761 at C:\Program Files (x86)\Reference Assemblies\Microsoft\Framework\.NETFramework\v4.8\System.Core.dll
  - System.Data.DataSetExtensions.dll 4.8.3761 at C:\Program Files (x86)\Reference Assemblies\Microsoft\Framework\.NETFramework\v4.8\System.Data.DataSetExtensions.dll
  - System.Data.dll 4.8.3761 at C:\Program Files (x86)\Reference Assemblies\Microsoft\Framework\.NETFramework\v4.8\System.Data.dll
  - System.Data.OleDb.dll 9.0.2 at \\FEAP1313L\Users\edward.barreras\source\repos\LIVE\MIA SRC\packages\System.Data.OleDb.9.0.2\lib\net462\System.Data.OleDb.dll
  - System.Deployment.dll 4.8.3761 at C:\Program Files (x86)\Reference Assemblies\Microsoft\Framework\.NETFramework\v4.8\System.Deployment.dll
  - System.Diagnostics.DiagnosticSource.dll 8.0.4 at \\FEAP1313L\Users\edward.barreras\source\repos\LIVE\MIA SRC\packages\System.Diagnostics.DiagnosticSource.8.0.1\lib\net462\System.Diagnostics.DiagnosticSource.dll
  - System.dll 4.8.3761 at C:\Program Files (x86)\Reference Assemblies\Microsoft\Framework\.NETFramework\v4.8\System.dll
  - System.Drawing.Design.dll 4.8.3761 at C:\Program Files (x86)\Reference Assemblies\Microsoft\Framework\.NETFramework\v4.8\System.Drawing.Design.dll
  - System.Drawing.dll 4.8.3761 at C:\Program Files (x86)\Reference Assemblies\Microsoft\Framework\.NETFramework\v4.8\System.Drawing.dll
  - System.IO.Pipelines.dll 5.0.15 at \\FEAP1313L\Users\edward.barreras\source\repos\LIVE\MIA SRC\packages\System.IO.Pipelines.5.0.2\lib\net461\System.IO.Pipelines.dll
  - System.Management.dll 4.8.3761 at C:\Program Files (x86)\Reference Assemblies\Microsoft\Framework\.NETFramework\v4.8\System.Management.dll
  - System.Memory.dll 4.6.31308 at \\FEAP1313L\Users\edward.barreras\source\repos\LIVE\MIA SRC\packages\System.Memory.4.5.5\lib\net461\System.Memory.dll
  - System.Messaging.dll 4.8.3761 at C:\Program Files (x86)\Reference Assemblies\Microsoft\Framework\.NETFramework\v4.8\System.Messaging.dll
  - System.Net.Http.Formatting.dll 5.2.7 at C:\Program Files\Microsoft Visual Studio\2022\Community\Common7\IDE\PublicAssemblies\System.Net.Http.Formatting.dll
  - System.Numerics.dll 4.8.3761 at C:\Program Files (x86)\Reference Assemblies\Microsoft\Framework\.NETFramework\v4.8\System.Numerics.dll
  - System.Numerics.Vectors.dll 4.6.26515 at \\FEAP1313L\Users\edward.barreras\source\repos\LIVE\MIA SRC\packages\System.Numerics.Vectors.4.5.0\lib\net46\System.Numerics.Vectors.dll
  - System.Runtime.CompilerServices.Unsafe.dll 6.1.0 at \\FEAP1313L\Users\edward.barreras\source\repos\LIVE\MIA SRC\packages\System.Runtime.CompilerServices.Unsafe.6.1.0\lib\net462\System.Runtime.CompilerServices.Unsafe.dll
  - System.Threading.Tasks.Extensions.dll 4.6.0 at \\FEAP1313L\Users\edward.barreras\source\repos\LIVE\MIA SRC\packages\System.Threading.Tasks.Extensions.4.6.0\lib\net462\System.Threading.Tasks.Extensions.dll
  - System.Transactions.dll 4.8.3761 at C:\Program Files (x86)\Reference Assemblies\Microsoft\Framework\.NETFramework\v4.8\System.Transactions.dll
  - System.Web.Extensions.dll 4.8.3761 at C:\Program Files (x86)\Reference Assemblies\Microsoft\Framework\.NETFramework\v4.8\System.Web.Extensions.dll
  - System.Windows.Forms.dll 4.8.3761 at C:\Program Files (x86)\Reference Assemblies\Microsoft\Framework\.NETFramework\v4.8\System.Windows.Forms.dll
  - System.Xml.dll 4.8.3761 at C:\Program Files (x86)\Reference Assemblies\Microsoft\Framework\.NETFramework\v4.8\System.Xml.dll
  - System.Xml.Linq.dll 4.8.3761 at C:\Program Files (x86)\Reference Assemblies\Microsoft\Framework\.NETFramework\v4.8\System.Xml.Linq.dll
  - Telerik.Documents.SpreadsheetStreaming.dll 2026.1.210 at \\FEAP1313L\Users\edward.barreras\source\repos\LIVE\MIA SRC\lib\RCWF\2026.1.210.462\Telerik.Documents.SpreadsheetStreaming.dll
  - Telerik.Licensing.Runtime.dll 1.8.2 at \\FEAP1313L\Users\edward.barreras\source\repos\LIVE\MIA SRC\packages\Telerik.Licensing.1.8.2\lib\net462\Telerik.Licensing.Runtime.dll
  - Telerik.Reporting.dll 19.1.25 at \\FEAP1313L\Users\edward.barreras\source\repos\LIVE\MIA SRC\ERP\bin\Debug\Telerik.Reporting.dll
  - Telerik.Reporting.Services.HttpClient.dll 19.1.25 at \\FEAP1313L\Users\edward.barreras\source\repos\LIVE\MIA SRC\ERP\bin\Debug\Telerik.Reporting.Services.HttpClient.dll
  - Telerik.Reporting.Services.ServiceStack.dll 19.1.25 at \\FEAP1313L\Users\edward.barreras\source\repos\LIVE\MIA SRC\ERP\bin\Debug\Telerik.Reporting.Services.ServiceStack.dll
  - Telerik.ReportViewer.WinForms.dll 19.1.25 at \\FEAP1313L\Users\edward.barreras\source\repos\LIVE\MIA SRC\ERP\bin\Debug\Telerik.ReportViewer.WinForms.dll
  - Telerik.ReportViewer.Wpf.dll 19.1.25 at \\FEAP1313L\Users\edward.barreras\source\repos\LIVE\MIA SRC\ERP\bin\Debug\Telerik.ReportViewer.Wpf.dll
  - Telerik.WinControls.dll 2026.1.210 at \\FEAP1313L\Users\edward.barreras\source\repos\LIVE\MIA SRC\lib\RCWF\2026.1.210.462\Telerik.WinControls.dll
  - Telerik.WinControls.GridView.dll 2026.1.210 at \\FEAP1313L\Users\edward.barreras\source\repos\LIVE\MIA SRC\lib\RCWF\2026.1.210.462\Telerik.WinControls.GridView.dll
  - Telerik.WinControls.RadDock.dll 2026.1.210 at \\FEAP1313L\Users\edward.barreras\source\repos\LIVE\MIA SRC\lib\RCWF\2026.1.210.462\Telerik.WinControls.RadDock.dll
  - Telerik.WinControls.Themes.Aqua.dll 2026.1.210 at \\FEAP1313L\Users\edward.barreras\source\repos\LIVE\MIA SRC\lib\RCWF\2026.1.210.462\Telerik.WinControls.Themes.Aqua.dll
  - Telerik.WinControls.Themes.Breeze.dll 2026.1.210 at \\FEAP1313L\Users\edward.barreras\source\repos\LIVE\MIA SRC\lib\RCWF\2026.1.210.462\Telerik.WinControls.Themes.Breeze.dll
  - Telerik.WinControls.Themes.Crystal.dll 2026.1.210 at \\FEAP1313L\Users\edward.barreras\source\repos\LIVE\MIA SRC\lib\RCWF\2026.1.210.462\Telerik.WinControls.Themes.Crystal.dll
  - Telerik.WinControls.Themes.CrystalDark.dll 2026.1.210 at \\FEAP1313L\Users\edward.barreras\source\repos\LIVE\MIA SRC\lib\RCWF\2026.1.210.462\Telerik.WinControls.Themes.CrystalDark.dll
  - Telerik.WinControls.Themes.Desert.dll 2026.1.210 at \\FEAP1313L\Users\edward.barreras\source\repos\LIVE\MIA SRC\lib\RCWF\2026.1.210.462\Telerik.WinControls.Themes.Desert.dll
  - Telerik.WinControls.Themes.Fluent.dll 2026.1.210 at \\FEAP1313L\Users\edward.barreras\source\repos\LIVE\MIA SRC\lib\RCWF\2026.1.210.462\Telerik.WinControls.Themes.Fluent.dll
  - Telerik.WinControls.Themes.FluentDark.dll 2026.1.210 at \\FEAP1313L\Users\edward.barreras\source\repos\LIVE\MIA SRC\lib\RCWF\2026.1.210.462\Telerik.WinControls.Themes.FluentDark.dll
  - Telerik.WinControls.Themes.HighContrastBlack.dll 2026.1.210 at \\FEAP1313L\Users\edward.barreras\source\repos\LIVE\MIA SRC\lib\RCWF\2026.1.210.462\Telerik.WinControls.Themes.HighContrastBlack.dll
  - Telerik.WinControls.Themes.Material.dll 2026.1.210 at \\FEAP1313L\Users\edward.barreras\source\repos\LIVE\MIA SRC\lib\RCWF\2026.1.210.462\Telerik.WinControls.Themes.Material.dll
  - Telerik.WinControls.Themes.MaterialBlueGrey.dll 2026.1.210 at \\FEAP1313L\Users\edward.barreras\source\repos\LIVE\MIA SRC\lib\RCWF\2026.1.210.462\Telerik.WinControls.Themes.MaterialBlueGrey.dll
  - Telerik.WinControls.Themes.MaterialPink.dll 2026.1.210 at \\FEAP1313L\Users\edward.barreras\source\repos\LIVE\MIA SRC\lib\RCWF\2026.1.210.462\Telerik.WinControls.Themes.MaterialPink.dll
  - Telerik.WinControls.Themes.MaterialTeal.dll 2026.1.210 at \\FEAP1313L\Users\edward.barreras\source\repos\LIVE\MIA SRC\lib\RCWF\2026.1.210.462\Telerik.WinControls.Themes.MaterialTeal.dll
  - Telerik.WinControls.Themes.Office2007Black.dll 2026.1.210 at \\FEAP1313L\Users\edward.barreras\source\repos\LIVE\MIA SRC\lib\RCWF\2026.1.210.462\Telerik.WinControls.Themes.Office2007Black.dll
  - Telerik.WinControls.Themes.Office2010Black.dll 2026.1.210 at \\FEAP1313L\Users\edward.barreras\source\repos\LIVE\MIA SRC\lib\RCWF\2026.1.210.462\Telerik.WinControls.Themes.Office2010Black.dll
  - Telerik.WinControls.Themes.Office2010Blue.dll 2026.1.210 at \\FEAP1313L\Users\edward.barreras\source\repos\LIVE\MIA SRC\lib\RCWF\2026.1.210.462\Telerik.WinControls.Themes.Office2010Blue.dll
  - Telerik.WinControls.Themes.Office2010Silver.dll 2026.1.210 at \\FEAP1313L\Users\edward.barreras\source\repos\LIVE\MIA SRC\lib\RCWF\2026.1.210.462\Telerik.WinControls.Themes.Office2010Silver.dll
  - Telerik.WinControls.Themes.Office2013Dark.dll 2026.1.210 at \\FEAP1313L\Users\edward.barreras\source\repos\LIVE\MIA SRC\lib\RCWF\2026.1.210.462\Telerik.WinControls.Themes.Office2013Dark.dll
  - Telerik.WinControls.Themes.Office2013Light.dll 2026.1.210 at \\FEAP1313L\Users\edward.barreras\source\repos\LIVE\MIA SRC\lib\RCWF\2026.1.210.462\Telerik.WinControls.Themes.Office2013Light.dll
  - Telerik.WinControls.Themes.TelerikMetroBlue.dll 2026.1.210 at \\FEAP1313L\Users\edward.barreras\source\repos\LIVE\MIA SRC\lib\RCWF\2026.1.210.462\Telerik.WinControls.Themes.TelerikMetroBlue.dll
  - Telerik.WinControls.Themes.VisualStudio2012Dark.dll 2026.1.210 at \\FEAP1313L\Users\edward.barreras\source\repos\LIVE\MIA SRC\lib\RCWF\2026.1.210.462\Telerik.WinControls.Themes.VisualStudio2012Dark.dll
  - Telerik.WinControls.Themes.VisualStudio2012Light.dll 2026.1.210 at \\FEAP1313L\Users\edward.barreras\source\repos\LIVE\MIA SRC\lib\RCWF\2026.1.210.462\Telerik.WinControls.Themes.VisualStudio2012Light.dll
  - Telerik.WinControls.Themes.Windows7.dll 2026.1.210 at \\FEAP1313L\Users\edward.barreras\source\repos\LIVE\MIA SRC\lib\RCWF\2026.1.210.462\Telerik.WinControls.Themes.Windows7.dll
  - Telerik.WinControls.Themes.Windows8.dll 2026.1.210 at \\FEAP1313L\Users\edward.barreras\source\repos\LIVE\MIA SRC\lib\RCWF\2026.1.210.462\Telerik.WinControls.Themes.Windows8.dll
  - Telerik.WinControls.UI.dll 2026.1.210 at \\FEAP1313L\Users\edward.barreras\source\repos\LIVE\MIA SRC\lib\RCWF\2026.1.210.462\Telerik.WinControls.UI.dll
  - Telerik.Windows.Documents.Core.dll 2026.1.210 at \\FEAP1313L\Users\edward.barreras\source\repos\LIVE\MIA SRC\lib\RCWF\2026.1.210.462\Telerik.Windows.Documents.Core.dll
  - Telerik.Windows.Documents.Fixed.dll 2026.1.210 at \\FEAP1313L\Users\edward.barreras\source\repos\LIVE\MIA SRC\lib\RCWF\2026.1.210.462\Telerik.Windows.Documents.Fixed.dll
  - Telerik.Windows.Documents.Spreadsheet.dll 2026.1.210 at \\FEAP1313L\Users\edward.barreras\source\repos\LIVE\MIA SRC\lib\RCWF\2026.1.210.462\Telerik.Windows.Documents.Spreadsheet.dll
  - Telerik.Windows.Documents.Spreadsheet.FormatProviders.OpenXml.dll 2026.1.210 at \\FEAP1313L\Users\edward.barreras\source\repos\LIVE\MIA SRC\lib\RCWF\2026.1.210.462\Telerik.Windows.Documents.Spreadsheet.FormatProviders.OpenXml.dll
  - Telerik.Windows.Documents.Spreadsheet.FormatProviders.Pdf.dll 2026.1.210 at \\FEAP1313L\Users\edward.barreras\source\repos\LIVE\MIA SRC\lib\RCWF\2026.1.210.462\Telerik.Windows.Documents.Spreadsheet.FormatProviders.Pdf.dll
  - Telerik.Windows.Documents.Spreadsheet.FormatProviders.Xls.dll 2026.1.210 at \\FEAP1313L\Users\edward.barreras\source\repos\LIVE\MIA SRC\lib\RCWF\2026.1.210.462\Telerik.Windows.Documents.Spreadsheet.FormatProviders.Xls.dll
  - Telerik.Windows.Zip.dll 2026.1.210 at \\FEAP1313L\Users\edward.barreras\source\repos\LIVE\MIA SRC\lib\RCWF\2026.1.210.462\Telerik.Windows.Zip.dll
  - TelerikCommon.dll 2026.1.210 at \\FEAP1313L\Users\edward.barreras\source\repos\LIVE\MIA SRC\lib\RCWF\2026.1.210.462\TelerikCommon.dll
  - TelerikExport.dll 2026.1.210 at \\FEAP1313L\Users\edward.barreras\source\repos\LIVE\MIA SRC\lib\RCWF\2026.1.210.462\TelerikExport.dll
  - Ubiety.Dns.Core.dll 2.2.1 at \\FEAP1313L\Users\edward.barreras\source\repos\LIVE\MIA SRC\ERP\bin\Debug\Ubiety.Dns.Core.dll
  - WindowsBase.dll 4.8.3761 at C:\Program Files (x86)\Reference Assemblies\Microsoft\Framework\.NETFramework\v4.8\WindowsBase.dll
  - ZstdSharp.dll 0.8.5 at \\FEAP1313L\Users\edward.barreras\source\repos\LIVE\MIA SRC\packages\ZstdSharp.Port.0.8.5\lib\net462\ZstdSharp.dll
  MachineId=2xQjveFWQf4bUNzPt3x/SIfuym0=

[2026-03-23 11:56:22.325] [Low]   Looking for Telerik product metadata in referenced assemblies
      - \\FEAP1313L\Users\edward.barreras\source\repos\LIVE\MIA SRC\lib\RCWF\2026.1.210.462\Telerik.Documents.SpreadsheetStreaming.dll
        ProductCode: DPL, LicenseDate: 2026-02-10, Redistributed By: RCWPF, RCWF, MAUI, UIXAM, WINUI, RCAJAX, KENDOUIMVC, UIASPCORE, BLAZOR, ProductName: Telerik Document Processing Libraries, ProductVersion: 2026.1.210.462, Flags: None
      - \\FEAP1313L\Users\edward.barreras\source\repos\LIVE\MIA SRC\ERP\bin\Debug\Telerik.Reporting.dll
        ProductCode: REPORTING, LicenseDate: 2025-05-21, ProductName: Telerik Reporting, ProductVersion: 19.1.25.521, Flags: None
      - \\FEAP1313L\Users\edward.barreras\source\repos\LIVE\MIA SRC\lib\RCWF\2026.1.210.462\Telerik.WinControls.dll
        ProductCode: RCWF, LicenseDate: 2026-02-10, ProductName: Telerik UI for WinForms, ProductVersion: 2026.1.210.462, Flags: None
      - \\FEAP1313L\Users\edward.barreras\source\repos\LIVE\MIA SRC\lib\RCWF\2026.1.210.462\Telerik.WinControls.GridView.dll
        ProductCode: RCWF, LicenseDate: 2026-02-10, ProductName: Telerik UI for WinForms, ProductVersion: 2026.1.210.462, Flags: None
      - \\FEAP1313L\Users\edward.barreras\source\repos\LIVE\MIA SRC\lib\RCWF\2026.1.210.462\Telerik.WinControls.RadDock.dll
        ProductCode: RCWF, LicenseDate: 2026-02-10, ProductName: Telerik UI for WinForms, ProductVersion: 2026.1.210.462, Flags: None
      - \\FEAP1313L\Users\edward.barreras\source\repos\LIVE\MIA SRC\lib\RCWF\2026.1.210.462\Telerik.WinControls.Themes.Aqua.dll
        ProductCode: RCWF, LicenseDate: 2026-02-10, ProductName: Telerik UI for WinForms, ProductVersion: 2026.1.210.462, Flags: None
      - \\FEAP1313L\Users\edward.barreras\source\repos\LIVE\MIA SRC\lib\RCWF\2026.1.210.462\Telerik.WinControls.Themes.Breeze.dll
        ProductCode: RCWF, LicenseDate: 2026-02-10, ProductName: Telerik UI for WinForms, ProductVersion: 2026.1.210.462, Flags: None
      - \\FEAP1313L\Users\edward.barreras\source\repos\LIVE\MIA SRC\lib\RCWF\2026.1.210.462\Telerik.WinControls.Themes.Crystal.dll
        ProductCode: RCWF, LicenseDate: 2026-02-10, ProductName: Telerik UI for WinForms, ProductVersion: 2026.1.210.462, Flags: None
      - \\FEAP1313L\Users\edward.barreras\source\repos\LIVE\MIA SRC\lib\RCWF\2026.1.210.462\Telerik.WinControls.Themes.CrystalDark.dll
        ProductCode: RCWF, LicenseDate: 2026-02-10, ProductName: Telerik UI for WinForms, ProductVersion: 2026.1.210.462, Flags: None
      - \\FEAP1313L\Users\edward.barreras\source\repos\LIVE\MIA SRC\lib\RCWF\2026.1.210.462\Telerik.WinControls.Themes.Desert.dll
        ProductCode: RCWF, LicenseDate: 2026-02-10, ProductName: Telerik UI for WinForms, ProductVersion: 2026.1.210.462, Flags: None
      - \\FEAP1313L\Users\edward.barreras\source\repos\LIVE\MIA SRC\lib\RCWF\2026.1.210.462\Telerik.WinControls.Themes.Fluent.dll
        ProductCode: RCWF, LicenseDate: 2026-02-10, ProductName: Telerik UI for WinForms, ProductVersion: 2026.1.210.462, Flags: None
      - \\FEAP1313L\Users\edward.barreras\source\repos\LIVE\MIA SRC\lib\RCWF\2026.1.210.462\Telerik.WinControls.Themes.FluentDark.dll
        ProductCode: RCWF, LicenseDate: 2026-02-10, ProductName: Telerik UI for WinForms, ProductVersion: 2026.1.210.462, Flags: None
      - \\FEAP1313L\Users\edward.barreras\source\repos\LIVE\MIA SRC\lib\RCWF\2026.1.210.462\Telerik.WinControls.Themes.HighContrastBlack.dll
        ProductCode: RCWF, LicenseDate: 2026-02-10, ProductName: Telerik UI for WinForms, ProductVersion: 2026.1.210.462, Flags: None
      - \\FEAP1313L\Users\edward.barreras\source\repos\LIVE\MIA SRC\lib\RCWF\2026.1.210.462\Telerik.WinControls.Themes.Material.dll
        ProductCode: RCWF, LicenseDate: 2026-02-10, ProductName: Telerik UI for WinForms, ProductVersion: 2026.1.210.462, Flags: None
      - \\FEAP1313L\Users\edward.barreras\source\repos\LIVE\MIA SRC\lib\RCWF\2026.1.210.462\Telerik.WinControls.Themes.MaterialBlueGrey.dll
        ProductCode: RCWF, LicenseDate: 2026-02-10, ProductName: Telerik UI for WinForms, ProductVersion: 2026.1.210.462, Flags: None
      - \\FEAP1313L\Users\edward.barreras\source\repos\LIVE\MIA SRC\lib\RCWF\2026.1.210.462\Telerik.WinControls.Themes.MaterialPink.dll
        ProductCode: RCWF, LicenseDate: 2026-02-10, ProductName: Telerik UI for WinForms, ProductVersion: 2026.1.210.462, Flags: None
      - \\FEAP1313L\Users\edward.barreras\source\repos\LIVE\MIA SRC\lib\RCWF\2026.1.210.462\Telerik.WinControls.Themes.MaterialTeal.dll
        ProductCode: RCWF, LicenseDate: 2026-02-10, ProductName: Telerik UI for WinForms, ProductVersion: 2026.1.210.462, Flags: None
      - \\FEAP1313L\Users\edward.barreras\source\repos\LIVE\MIA SRC\lib\RCWF\2026.1.210.462\Telerik.WinControls.Themes.Office2007Black.dll
        ProductCode: RCWF, LicenseDate: 2026-02-10, ProductName: Telerik UI for WinForms, ProductVersion: 2026.1.210.462, Flags: None
      - \\FEAP1313L\Users\edward.barreras\source\repos\LIVE\MIA SRC\lib\RCWF\2026.1.210.462\Telerik.WinControls.Themes.Office2010Black.dll
        ProductCode: RCWF, LicenseDate: 2026-02-10, ProductName: Telerik UI for WinForms, ProductVersion: 2026.1.210.462, Flags: None
      - \\FEAP1313L\Users\edward.barreras\source\repos\LIVE\MIA SRC\lib\RCWF\2026.1.210.462\Telerik.WinControls.Themes.Office2010Blue.dll
        ProductCode: RCWF, LicenseDate: 2026-02-10, ProductName: Telerik UI for WinForms, ProductVersion: 2026.1.210.462, Flags: None
      - \\FEAP1313L\Users\edward.barreras\source\repos\LIVE\MIA SRC\lib\RCWF\2026.1.210.462\Telerik.WinControls.Themes.Office2010Silver.dll
        ProductCode: RCWF, LicenseDate: 2026-02-10, ProductName: Telerik UI for WinForms, ProductVersion: 2026.1.210.462, Flags: None
      - \\FEAP1313L\Users\edward.barreras\source\repos\LIVE\MIA SRC\lib\RCWF\2026.1.210.462\Telerik.WinControls.Themes.Office2013Dark.dll
        ProductCode: RCWF, LicenseDate: 2026-02-10, ProductName: Telerik UI for WinForms, ProductVersion: 2026.1.210.462, Flags: None
      - \\FEAP1313L\Users\edward.barreras\source\repos\LIVE\MIA SRC\lib\RCWF\2026.1.210.462\Telerik.WinControls.Themes.Office2013Light.dll
        ProductCode: RCWF, LicenseDate: 2026-02-10, ProductName: Telerik UI for WinForms, ProductVersion: 2026.1.210.462, Flags: None
      - \\FEAP1313L\Users\edward.barreras\source\repos\LIVE\MIA SRC\lib\RCWF\2026.1.210.462\Telerik.WinControls.Themes.TelerikMetroBlue.dll
        ProductCode: RCWF, LicenseDate: 2026-02-10, ProductName: Telerik UI for WinForms, ProductVersion: 2026.1.210.462, Flags: None
      - \\FEAP1313L\Users\edward.barreras\source\repos\LIVE\MIA SRC\lib\RCWF\2026.1.210.462\Telerik.WinControls.Themes.VisualStudio2012Dark.dll
        ProductCode: RCWF, LicenseDate: 2026-02-10, ProductName: Telerik UI for WinForms, ProductVersion: 2026.1.210.462, Flags: None
      - \\FEAP1313L\Users\edward.barreras\source\repos\LIVE\MIA SRC\lib\RCWF\2026.1.210.462\Telerik.WinControls.Themes.VisualStudio2012Light.dll
        ProductCode: RCWF, LicenseDate: 2026-02-10, ProductName: Telerik UI for WinForms, ProductVersion: 2026.1.210.462, Flags: None
      - \\FEAP1313L\Users\edward.barreras\source\repos\LIVE\MIA SRC\lib\RCWF\2026.1.210.462\Telerik.WinControls.Themes.Windows7.dll
        ProductCode: RCWF, LicenseDate: 2026-02-10, ProductName: Telerik UI for WinForms, ProductVersion: 2026.1.210.462, Flags: None
      - \\FEAP1313L\Users\edward.barreras\source\repos\LIVE\MIA SRC\lib\RCWF\2026.1.210.462\Telerik.WinControls.Themes.Windows8.dll
        ProductCode: RCWF, LicenseDate: 2026-02-10, ProductName: Telerik UI for WinForms, ProductVersion: 2026.1.210.462, Flags: None
      - \\FEAP1313L\Users\edward.barreras\source\repos\LIVE\MIA SRC\lib\RCWF\2026.1.210.462\Telerik.WinControls.UI.dll
        ProductCode: RCWF, LicenseDate: 2026-02-10, ProductName: Telerik UI for WinForms, ProductVersion: 2026.1.210.462, Flags: None
      - \\FEAP1313L\Users\edward.barreras\source\repos\LIVE\MIA SRC\lib\RCWF\2026.1.210.462\Telerik.Windows.Documents.Core.dll
        ProductCode: DPL, LicenseDate: 2026-02-10, Redistributed By: RCWPF, RCWF, MAUI, UIXAM, WINUI, RCAJAX, KENDOUIMVC, UIASPCORE, BLAZOR, ProductName: Telerik Document Processing Libraries, ProductVersion: 2026.1.210.462, Flags: None
      - \\FEAP1313L\Users\edward.barreras\source\repos\LIVE\MIA SRC\lib\RCWF\2026.1.210.462\Telerik.Windows.Documents.Fixed.dll
        ProductCode: DPL, LicenseDate: 2026-02-10, Redistributed By: RCWPF, RCWF, MAUI, UIXAM, WINUI, RCAJAX, KENDOUIMVC, UIASPCORE, BLAZOR, ProductName: Telerik Document Processing Libraries, ProductVersion: 2026.1.210.462, Flags: None
      - \\FEAP1313L\Users\edward.barreras\source\repos\LIVE\MIA SRC\lib\RCWF\2026.1.210.462\Telerik.Windows.Documents.Spreadsheet.dll
        ProductCode: DPL, LicenseDate: 2026-02-10, Redistributed By: RCWPF, RCWF, MAUI, UIXAM, WINUI, RCAJAX, KENDOUIMVC, UIASPCORE, BLAZOR, ProductName: Telerik Document Processing Libraries, ProductVersion: 2026.1.210.462, Flags: None
      - \\FEAP1313L\Users\edward.barreras\source\repos\LIVE\MIA SRC\lib\RCWF\2026.1.210.462\Telerik.Windows.Documents.Spreadsheet.FormatProviders.Pdf.dll
        ProductCode: DPL, LicenseDate: 2026-02-10, Redistributed By: RCWPF, RCWF, MAUI, UIXAM, WINUI, RCAJAX, KENDOUIMVC, UIASPCORE, BLAZOR, ProductName: Telerik Document Processing Libraries, ProductVersion: 2026.1.210.462, Flags: None
      - \\FEAP1313L\Users\edward.barreras\source\repos\LIVE\MIA SRC\lib\RCWF\2026.1.210.462\Telerik.Windows.Documents.Spreadsheet.FormatProviders.Xls.dll
        ProductCode: DPL, LicenseDate: 2026-02-10, Redistributed By: RCWPF, RCWF, MAUI, UIXAM, WINUI, RCAJAX, KENDOUIMVC, UIASPCORE, BLAZOR, ProductName: Telerik Document Processing Libraries, ProductVersion: 2026.1.210.462, Flags: None
      - \\FEAP1313L\Users\edward.barreras\source\repos\LIVE\MIA SRC\lib\RCWF\2026.1.210.462\Telerik.Windows.Zip.dll
        ProductCode: DPL, LicenseDate: 2026-02-10, Redistributed By: RCWPF, RCWF, MAUI, UIXAM, WINUI, RCAJAX, KENDOUIMVC, UIASPCORE, BLAZOR, ProductName: Telerik Document Processing Libraries, ProductVersion: 2026.1.210.462, Flags: None
      - \\FEAP1313L\Users\edward.barreras\source\repos\LIVE\MIA SRC\lib\RCWF\2026.1.210.462\TelerikCommon.dll
        ProductCode: RCWF, LicenseDate: 2026-02-10, ProductName: Telerik UI for WinForms, ProductVersion: 2026.1.210.462, Flags: None
      - \\FEAP1313L\Users\edward.barreras\source\repos\LIVE\MIA SRC\lib\RCWF\2026.1.210.462\TelerikExport.dll
        ProductCode: RCWF, LicenseDate: 2026-02-10, ProductName: Telerik UI for WinForms, ProductVersion: 2026.1.210.462, Flags: None
      Unique Products:
      - "Telerik Document Processing Libraries" (DPL) 2026.1.210.462 @2026-02-10
      - "Telerik UI for WinForms" (RCWF) 2026.1.210.462 @2026-02-10
      - "Telerik Reporting" (REPORTING) 19.1.25.521 @2025-05-21
      Found a total of 3 referenced Telerik products for 

[2026-03-23 11:56:22.366] [Low]   Provision Licensing
        Looking up license file...
        - EnvironmentVariablePath: TELERIK_LICENSE_PATH (NotAvailable)
        - EnvironmentVariable: TELERIK_LICENSE (NotAvailable)
        - EnvironmentVariable: KENDO_UI_LICENSE (NotAvailable)
        - RecursiveFilePath: \\FEAP1313L\Users\edward.barreras\source\repos\LIVE\MIA SRC\ERP\telerik-license.txt (NotAvailable)
        - RecursiveFilePath: \\FEAP1313L\Users\edward.barreras\source\repos\LIVE\MIA SRC\ERP\kendo-ui-license.txt (NotAvailable)
        - RecursiveFilePath: \\FEAP1313L\Users\edward.barreras\source\repos\LIVE\MIA SRC\telerik-license.txt (LicenseFound)
        - RecursiveFilePath: \\FEAP1313L\Users\edward.barreras\source\repos\LIVE\MIA SRC\kendo-ui-license.txt (Skip)
        - RecursiveFilePath: \\FEAP1313L\Users\edward.barreras\source\repos\LIVE\telerik-license.txt (Skip)
        - RecursiveFilePath: \\FEAP1313L\Users\edward.barreras\source\repos\LIVE\kendo-ui-license.txt (Skip)
        - RecursiveFilePath: \\FEAP1313L\Users\edward.barreras\source\repos\telerik-license.txt (Skip)
        - RecursiveFilePath: \\FEAP1313L\Users\edward.barreras\source\repos\kendo-ui-license.txt (Skip)
        - RecursiveFilePath: \\FEAP1313L\Users\edward.barreras\source\telerik-license.txt (Skip)
        - RecursiveFilePath: \\FEAP1313L\Users\edward.barreras\source\kendo-ui-license.txt (Skip)
        - RecursiveFilePath: \\FEAP1313L\Users\edward.barreras\telerik-license.txt (Skip)
        - RecursiveFilePath: \\FEAP1313L\Users\edward.barreras\kendo-ui-license.txt (Skip)
        - RecursiveFilePath: \\FEAP1313L\Users\telerik-license.txt (Skip)
        - RecursiveFilePath: \\FEAP1313L\Users\kendo-ui-license.txt (Skip)
        - UserDirectory: C:\Users\edward.barreras\AppData\Roaming\Telerik\telerik-license.txt (Skip)
        - UserDirectory: C:\Users\edward.barreras\AppData\Roaming\Telerik\kendo-ui-license.txt (Skip)
        LicenseKey
        - AUD: f***.m**@f***************.com
        - UsedId: ab69b8b5-c84c-45ed-8228-81dac868c759
        - LicenseId: e7eaafda-87c7-42d6-9ce6-49a541b8c4ed
        - IssuedAt: 1/20/2026 6:35:06 AM
        - Licenses
          0) Perpetual BLAZOR, expiration 9/25/2027 12:49:33 PM, type: 'perpetual'
          1) Perpetual JM, expiration 9/25/2027 12:49:33 PM, type: 'perpetual'
          2) Perpetual KENDOUIANGULAR, expiration 9/25/2027 12:49:33 PM, type: 'perpetual'
          3) Perpetual KENDOUICOMPLETE, expiration 9/25/2027 12:49:33 PM, type: 'perpetual'
          4) Perpetual KENDOUIMVC, expiration 9/25/2027 12:49:33 PM, type: 'perpetual'
          5) Perpetual KENDOUIREACT, expiration 9/25/2027 12:49:33 PM, type: 'perpetual'
          6) Perpetual KENDOUIVUE, expiration 9/25/2027 12:49:33 PM, type: 'perpetual'
          7) Perpetual MAUI, expiration 9/25/2027 12:49:33 PM, type: 'perpetual'
          8) Perpetual RCAJAX, expiration 9/25/2027 12:49:33 PM, type: 'perpetual'
          9) Perpetual RCWF, expiration 9/25/2027 12:49:33 PM, type: 'perpetual'
          10) Perpetual RCWPF, expiration 9/25/2027 12:49:33 PM, type: 'perpetual'
          11) Perpetual REPORTING, expiration 9/25/2027 12:49:33 PM, type: 'perpetual'
          12) Perpetual REPORTSERVER, expiration 9/25/2027 12:49:33 PM, type: 'perpetual'
          13) Perpetual UIASPCORE, expiration 9/25/2027 12:49:33 PM, type: 'perpetual'
          14) Perpetual UIXAM, expiration 2/19/2025 6:00:00 AM, type: 'perpetual'
          15) Perpetual WINUI, expiration 9/25/2027 12:49:33 PM, type: 'perpetual'
          16) Usage UserId: ab69b8b5-c84c-45ed-8228-81dac868c759, LicenseId: e7eaafda-87c7-42d6-9ce6-49a541b8c4ed, type: 'usage'

[2026-03-23 11:56:22.375] [Low]   License Resolution
        Messages
          - License OK for "Telerik UI for WinForms" (RCWF) 2026.1.210.462 @2026-02-10 - Perpetual, valid until 2027-09-25.
          - License OK for "Telerik Reporting" (REPORTING) 19.1.25.521 @2025-05-21 - Perpetual, valid until 2027-09-25.
          - License OK for "Telerik Document Processing Libraries" (DPL) 2026.1.210.462 @2026-02-10 - Perpetual for RCWF, valid until 2027-09-25.
        JWTs
          - eyJhbGciOiJSUzI1NiIsInR5cCI6IlRlbGVyaWsgTGljZW5zZSBFdmlkZW5jZSJ9.eyJjb2RlIjoiUkNXRiIsInR5cGUiOiJwZXJwZXR1YWwiLCJleHBpcmF0aW9uIjoxODIxODc2NTczLCJ1c2VySWQiOiJhYjY5YjhiNS1jODRjLTQ1ZWQtODIyOC04MWRhYzg2OGM3NTkiLCJsaWNlbnNlSWQiOiJlN2VhYWZkYS04N2M3LTQyZDYtOWNlNi00OWE1NDFiOGM0ZWQifQ.H8sxX5O2T3i22Uhy0PFV3YDo-lS1iHVocWX9Eu-82PheI3XbKMkEr7QiChWfuNwS9afgR7PMGy4_nx9HXRV5V9cRQ1zWvIkJsG2EbadPtKlygaAkCh-FXSRVflm3WITNHIAYfazZa26sHSnqBW_XRbH3o0GQkqVYkLlxLuLuKa4M7LlA1KtQZcVFhOH2oaXQoxfrkUMQxNFCz0JdI76T1YJNrAwxpXri8KUzfoDwKhY-IhN-bU25hJs19yGvWykTuZqrZ3lv603aQkaCaPnlF_tHROsmC7nbV4aaxaSHRF1PVD5lqsAhkA5OdGmqH8Kq9F5mhRXVVwYWf3WBcxZKkg
          - eyJhbGciOiJSUzI1NiIsInR5cCI6IlRlbGVyaWsgTGljZW5zZSBFdmlkZW5jZSJ9.eyJjb2RlIjoiUkVQT1JUSU5HIiwidHlwZSI6InBlcnBldHVhbCIsImV4cGlyYXRpb24iOjE4MjE4NzY1NzMsInVzZXJJZCI6ImFiNjliOGI1LWM4NGMtNDVlZC04MjI4LTgxZGFjODY4Yzc1OSIsImxpY2Vuc2VJZCI6ImU3ZWFhZmRhLTg3YzctNDJkNi05Y2U2LTQ5YTU0MWI4YzRlZCJ9.vMdezVVvhtRG-iThgXrXFDyr8L394y38spuHWK9Cyc_b9XZ2iHzEwyT9dLgOqBfvEQM3-GKFcOW6O4-_SSwoIjNhm9paVKSVEmeonMfEOgZjOXuqYFCrXmegYUefJNkHmL6P9cB0CPtA_PThVXqg_RGtCMGEoTW_ISG2ymjLnKXwuGf3uQoTxYWCmdBVMAeZHBlzpUh7aJ78fWmWbIvGf_jrykaFhCaWML2yJHyAjHIH1uzf088pGqdOeDvhBQsIva3Hg0KPLptC4ZqxkkVyYHFvvqFgwwkv8O3ex6Df238honjg-11aXIid1Ad6SSsrqEuKqHBUF__HbdhN0AvfLg
        Licenses
          - License OK for "Telerik UI for WinForms" (RCWF) 2026.1.210.462 @2026-02-10 - Perpetual, valid until 2027-09-25.
          - License OK for "Telerik Reporting" (REPORTING) 19.1.25.521 @2025-05-21 - Perpetual, valid until 2027-09-25.
          - License OK for "Telerik Document Processing Libraries" (DPL) 2026.1.210.462 @2026-02-10 - Perpetual for RCWF, valid until 2027-09-25.

[2026-03-23 11:56:22.379] [Low] OutputType: WinExe, ImportXamlTargets: True
[2026-03-23 11:56:22.394] [Low] 
      Call-Home Telerik Products (3 for )
      - "Telerik UI for WinForms" (RCWF) 2026.1.210
      - "DPL" (DPL) 2026.1.210
      - "Telerik Reporting" (REPORTING) 19.1.25

[2026-03-23 11:56:22.394] [Low] 
[2026-03-23 11:56:22.398] [Low] 
      Call-Home Telerik Features (0 for )

[2026-03-23 11:56:22.398] [Low] 
[2026-03-23 11:56:22.445] [Low]   Report Telerik.Licensing
        UserId: ab69b8b5-c84c-45ed-8228-81dac868c759
        LicenseId: e7eaafda-87c7-42d6-9ce6-49a541b8c4ed
        Products
        - LicenseUsed RCWF 2026.1.210.462 SKIPPED
        - LicenseUsed REPORTING 19.1.25.521 SKIPPED
        - LicenseUsed DPL 2026.1.210.462 SKIPPED
      Report finished in 00:00:00.0408484

[2026-03-23 11:56:22.448] [Low]   Sending Telemetry...
[2026-03-23 11:56:22.477] [Low]   Metrics done 00:00:00.0288842
[2026-03-23 11:56:22.480] [Normal] Resolve Telerik Products. Done (00:00:00.5976982) for 
[2026-03-23 11:56:55.550] [Normal] Resolve Telerik Products.
  MSBuildProjectName=2
  MSBuildProjectDirectory=\\FEAP1313L\Users\edward.barreras\source\repos\LIVE\MIA SRC\ERP
  MSBuildProjectExtension=.vbproj
  Language=VB
  OutputPath=bin\Debug\
  Platform=AnyCPU
  TargetFramework=
  TargetFrameworks=
  TargetFrameworkVersion=v4.8
  VisualStudioVersion=17.0
  UsingMicrosoftNETSdk=
  UsingMicrosoftNETSdkRazor=
  UsingMicrosoftNETSdkWeb=
  ImportXamlTargets=True
  OutputType=WinExe
  UseMaui=
  NuGetPackageRoot=

  PackageReferences
  ReferencePaths
  - BouncyCastle.Crypto.dll 1.8.3 at \\FEAP1313L\Users\edward.barreras\source\repos\LIVE\MIA SRC\packages\BouncyCastle.1.8.3.1\lib\BouncyCastle.Crypto.dll
  - BouncyCastle.Cryptography.dll 2.5.1 at \\FEAP1313L\Users\edward.barreras\source\repos\LIVE\MIA SRC\packages\BouncyCastle.Cryptography.2.5.1\lib\net461\BouncyCastle.Cryptography.dll
  - ClosedXML.dll 0.96.0 at \\FEAP1313L\Users\edward.barreras\source\repos\LIVE\MIA SRC\packages\ClosedXML.0.96.0\lib\net40\ClosedXML.dll
  - DocumentFormat.OpenXml.dll 2.16.0 at \\FEAP1313L\Users\edward.barreras\source\repos\LIVE\MIA SRC\packages\DocumentFormat.OpenXml.2.16.0\lib\net40\DocumentFormat.OpenXml.dll
  - ExcelNumberFormat.dll 1.1.0 at \\FEAP1313L\Users\edward.barreras\source\repos\LIVE\MIA SRC\packages\ExcelNumberFormat.1.1.0\lib\net20\ExcelNumberFormat.dll
  - FEAPNS.dll 1.0.0 at \\FEAP1313L\Users\edward.barreras\source\repos\LIVE\MIA SRC\ERP\bin\Debug\FEAPNS.dll
  - Gma.QrCodeNet.Encoding.dll 0.4.1 at \\FEAP1313L\Users\edward.barreras\source\repos\LIVE\MIA SRC\packages\Gma.QrCodeNet.0.4.1.2\lib\net40\Gma.QrCodeNet.Encoding.dll
  - Google.Protobuf.dll 3.30.0 at \\FEAP1313L\Users\edward.barreras\source\repos\LIVE\MIA SRC\packages\Google.Protobuf.3.30.0\lib\net45\Google.Protobuf.dll
  - K4os.Compression.LZ4.dll 1.3.8 at \\FEAP1313L\Users\edward.barreras\source\repos\LIVE\MIA SRC\packages\K4os.Compression.LZ4.1.3.8\lib\net462\K4os.Compression.LZ4.dll
  - K4os.Compression.LZ4.Streams.dll 1.3.8 at \\FEAP1313L\Users\edward.barreras\source\repos\LIVE\MIA SRC\packages\K4os.Compression.LZ4.Streams.1.3.8\lib\net462\K4os.Compression.LZ4.Streams.dll
  - K4os.Hash.xxHash.dll 1.0.8 at \\FEAP1313L\Users\edward.barreras\source\repos\LIVE\MIA SRC\packages\K4os.Hash.xxHash.1.0.8\lib\net462\K4os.Hash.xxHash.dll
  - MIA-Linq.dll 1.0.0 at \\FEAP1313L\Users\edward.barreras\source\repos\LIVE\MIA SRC\ERP\bin\Debug\MIA-Linq.dll
  - MIA-Report.dll 1.0.0 at \\FEAP1313L\Users\edward.barreras\source\repos\LIVE\MIA SRC\ERP\bin\Debug\MIA-Report.dll
  - Microsoft.Bcl.AsyncInterfaces.dll 5.0.0 at \\FEAP1313L\Users\edward.barreras\source\repos\LIVE\MIA SRC\packages\Microsoft.Bcl.AsyncInterfaces.5.0.0\lib\net461\Microsoft.Bcl.AsyncInterfaces.dll
  - Microsoft.CSharp.dll 4.8.3761 at C:\Program Files (x86)\Reference Assemblies\Microsoft\Framework\.NETFramework\v4.8\Microsoft.CSharp.dll
  - MySql.Data.dll 9.4.0 at \\FEAP1313L\Users\edward.barreras\source\repos\LIVE\MIA SRC\packages\MySql.Data.9.4.0\lib\net48\MySql.Data.dll
  - Newtonsoft.Json.dll 13.0.3 at \\FEAP1313L\Users\edward.barreras\source\repos\LIVE\MIA SRC\packages\Newtonsoft.Json.13.0.3\lib\net45\Newtonsoft.Json.dll
  - SRCDailyReportv2.dll 1.0.0 at \\FEAP1313L\Users\edward.barreras\source\repos\LIVE\MIA SRC\ERP\bin\Debug\SRCDailyReportv2.dll
  - System.Buffers.dll 4.6.28619 at \\FEAP1313L\Users\edward.barreras\source\repos\LIVE\MIA SRC\packages\System.Buffers.4.5.1\lib\net461\System.Buffers.dll
  - System.ComponentModel.DataAnnotations.dll 4.8.3761 at C:\Program Files (x86)\Reference Assemblies\Microsoft\Framework\.NETFramework\v4.8\System.ComponentModel.DataAnnotations.dll
  - System.ComponentModel.dll 4.8.3761 at C:\Program Files (x86)\Reference Assemblies\Microsoft\Framework\.NETFramework\v4.8\Facades\System.ComponentModel.dll
  - System.Configuration.ConfigurationManager.dll 8.0.0 at \\FEAP1313L\Users\edward.barreras\source\repos\LIVE\MIA SRC\packages\System.Configuration.ConfigurationManager.8.0.0\lib\net462\System.Configuration.ConfigurationManager.dll
  - System.Configuration.dll 4.8.3761 at C:\Program Files (x86)\Reference Assemblies\Microsoft\Framework\.NETFramework\v4.8\System.Configuration.dll
  - System.Configuration.Install.dll 4.8.3761 at C:\Program Files (x86)\Reference Assemblies\Microsoft\Framework\.NETFramework\v4.8\System.Configuration.Install.dll
  - System.Core.dll 4.8.3761 at C:\Program Files (x86)\Reference Assemblies\Microsoft\Framework\.NETFramework\v4.8\System.Core.dll
  - System.Data.DataSetExtensions.dll 4.8.3761 at C:\Program Files (x86)\Reference Assemblies\Microsoft\Framework\.NETFramework\v4.8\System.Data.DataSetExtensions.dll
  - System.Data.dll 4.8.3761 at C:\Program Files (x86)\Reference Assemblies\Microsoft\Framework\.NETFramework\v4.8\System.Data.dll
  - System.Data.OleDb.dll 9.0.2 at \\FEAP1313L\Users\edward.barreras\source\repos\LIVE\MIA SRC\packages\System.Data.OleDb.9.0.2\lib\net462\System.Data.OleDb.dll
  - System.Deployment.dll 4.8.3761 at C:\Program Files (x86)\Reference Assemblies\Microsoft\Framework\.NETFramework\v4.8\System.Deployment.dll
  - System.Diagnostics.DiagnosticSource.dll 8.0.4 at \\FEAP1313L\Users\edward.barreras\source\repos\LIVE\MIA SRC\packages\System.Diagnostics.DiagnosticSource.8.0.1\lib\net462\System.Diagnostics.DiagnosticSource.dll
  - System.dll 4.8.3761 at C:\Program Files (x86)\Reference Assemblies\Microsoft\Framework\.NETFramework\v4.8\System.dll
  - System.Drawing.Design.dll 4.8.3761 at C:\Program Files (x86)\Reference Assemblies\Microsoft\Framework\.NETFramework\v4.8\System.Drawing.Design.dll
  - System.Drawing.dll 4.8.3761 at C:\Program Files (x86)\Reference Assemblies\Microsoft\Framework\.NETFramework\v4.8\System.Drawing.dll
  - System.IO.Pipelines.dll 5.0.15 at \\FEAP1313L\Users\edward.barreras\source\repos\LIVE\MIA SRC\packages\System.IO.Pipelines.5.0.2\lib\net461\System.IO.Pipelines.dll
  - System.Management.dll 4.8.3761 at C:\Program Files (x86)\Reference Assemblies\Microsoft\Framework\.NETFramework\v4.8\System.Management.dll
  - System.Memory.dll 4.6.31308 at \\FEAP1313L\Users\edward.barreras\source\repos\LIVE\MIA SRC\packages\System.Memory.4.5.5\lib\net461\System.Memory.dll
  - System.Messaging.dll 4.8.3761 at C:\Program Files (x86)\Reference Assemblies\Microsoft\Framework\.NETFramework\v4.8\System.Messaging.dll
  - System.Net.Http.Formatting.dll 5.2.7 at C:\Program Files\Microsoft Visual Studio\2022\Community\Common7\IDE\PublicAssemblies\System.Net.Http.Formatting.dll
  - System.Numerics.dll 4.8.3761 at C:\Program Files (x86)\Reference Assemblies\Microsoft\Framework\.NETFramework\v4.8\System.Numerics.dll
  - System.Numerics.Vectors.dll 4.6.26515 at \\FEAP1313L\Users\edward.barreras\source\repos\LIVE\MIA SRC\packages\System.Numerics.Vectors.4.5.0\lib\net46\System.Numerics.Vectors.dll
  - System.Runtime.CompilerServices.Unsafe.dll 6.1.0 at \\FEAP1313L\Users\edward.barreras\source\repos\LIVE\MIA SRC\packages\System.Runtime.CompilerServices.Unsafe.6.1.0\lib\net462\System.Runtime.CompilerServices.Unsafe.dll
  - System.Threading.Tasks.Extensions.dll 4.6.0 at \\FEAP1313L\Users\edward.barreras\source\repos\LIVE\MIA SRC\packages\System.Threading.Tasks.Extensions.4.6.0\lib\net462\System.Threading.Tasks.Extensions.dll
  - System.Transactions.dll 4.8.3761 at C:\Program Files (x86)\Reference Assemblies\Microsoft\Framework\.NETFramework\v4.8\System.Transactions.dll
  - System.Web.Extensions.dll 4.8.3761 at C:\Program Files (x86)\Reference Assemblies\Microsoft\Framework\.NETFramework\v4.8\System.Web.Extensions.dll
  - System.Windows.Forms.dll 4.8.3761 at C:\Program Files (x86)\Reference Assemblies\Microsoft\Framework\.NETFramework\v4.8\System.Windows.Forms.dll
  - System.Xml.dll 4.8.3761 at C:\Program Files (x86)\Reference Assemblies\Microsoft\Framework\.NETFramework\v4.8\System.Xml.dll
  - System.Xml.Linq.dll 4.8.3761 at C:\Program Files (x86)\Reference Assemblies\Microsoft\Framework\.NETFramework\v4.8\System.Xml.Linq.dll
  - Telerik.Documents.SpreadsheetStreaming.dll 2026.1.210 at \\FEAP1313L\Users\edward.barreras\source\repos\LIVE\MIA SRC\lib\RCWF\2026.1.210.462\Telerik.Documents.SpreadsheetStreaming.dll
  - Telerik.Licensing.Runtime.dll 1.8.2 at \\FEAP1313L\Users\edward.barreras\source\repos\LIVE\MIA SRC\packages\Telerik.Licensing.1.8.2\lib\net462\Telerik.Licensing.Runtime.dll
  - Telerik.Reporting.dll 19.1.25 at \\FEAP1313L\Users\edward.barreras\source\repos\LIVE\MIA SRC\ERP\bin\Debug\Telerik.Reporting.dll
  - Telerik.Reporting.Services.HttpClient.dll 19.1.25 at \\FEAP1313L\Users\edward.barreras\source\repos\LIVE\MIA SRC\ERP\bin\Debug\Telerik.Reporting.Services.HttpClient.dll
  - Telerik.Reporting.Services.ServiceStack.dll 19.1.25 at \\FEAP1313L\Users\edward.barreras\source\repos\LIVE\MIA SRC\ERP\bin\Debug\Telerik.Reporting.Services.ServiceStack.dll
  - Telerik.ReportViewer.WinForms.dll 19.1.25 at \\FEAP1313L\Users\edward.barreras\source\repos\LIVE\MIA SRC\ERP\bin\Debug\Telerik.ReportViewer.WinForms.dll
  - Telerik.ReportViewer.Wpf.dll 19.1.25 at \\FEAP1313L\Users\edward.barreras\source\repos\LIVE\MIA SRC\ERP\bin\Debug\Telerik.ReportViewer.Wpf.dll
  - Telerik.WinControls.dll 2026.1.210 at \\FEAP1313L\Users\edward.barreras\source\repos\LIVE\MIA SRC\lib\RCWF\2026.1.210.462\Telerik.WinControls.dll
  - Telerik.WinControls.GridView.dll 2026.1.210 at \\FEAP1313L\Users\edward.barreras\source\repos\LIVE\MIA SRC\lib\RCWF\2026.1.210.462\Telerik.WinControls.GridView.dll
  - Telerik.WinControls.RadDock.dll 2026.1.210 at \\FEAP1313L\Users\edward.barreras\source\repos\LIVE\MIA SRC\lib\RCWF\2026.1.210.462\Telerik.WinControls.RadDock.dll
  - Telerik.WinControls.Themes.Aqua.dll 2026.1.210 at \\FEAP1313L\Users\edward.barreras\source\repos\LIVE\MIA SRC\lib\RCWF\2026.1.210.462\Telerik.WinControls.Themes.Aqua.dll
  - Telerik.WinControls.Themes.Breeze.dll 2026.1.210 at \\FEAP1313L\Users\edward.barreras\source\repos\LIVE\MIA SRC\lib\RCWF\2026.1.210.462\Telerik.WinControls.Themes.Breeze.dll
  - Telerik.WinControls.Themes.Crystal.dll 2026.1.210 at \\FEAP1313L\Users\edward.barreras\source\repos\LIVE\MIA SRC\lib\RCWF\2026.1.210.462\Telerik.WinControls.Themes.Crystal.dll
  - Telerik.WinControls.Themes.CrystalDark.dll 2026.1.210 at \\FEAP1313L\Users\edward.barreras\source\repos\LIVE\MIA SRC\lib\RCWF\2026.1.210.462\Telerik.WinControls.Themes.CrystalDark.dll
  - Telerik.WinControls.Themes.Desert.dll 2026.1.210 at \\FEAP1313L\Users\edward.barreras\source\repos\LIVE\MIA SRC\lib\RCWF\2026.1.210.462\Telerik.WinControls.Themes.Desert.dll
  - Telerik.WinControls.Themes.Fluent.dll 2026.1.210 at \\FEAP1313L\Users\edward.barreras\source\repos\LIVE\MIA SRC\lib\RCWF\2026.1.210.462\Telerik.WinControls.Themes.Fluent.dll
  - Telerik.WinControls.Themes.FluentDark.dll 2026.1.210 at \\FEAP1313L\Users\edward.barreras\source\repos\LIVE\MIA SRC\lib\RCWF\2026.1.210.462\Telerik.WinControls.Themes.FluentDark.dll
  - Telerik.WinControls.Themes.HighContrastBlack.dll 2026.1.210 at \\FEAP1313L\Users\edward.barreras\source\repos\LIVE\MIA SRC\lib\RCWF\2026.1.210.462\Telerik.WinControls.Themes.HighContrastBlack.dll
  - Telerik.WinControls.Themes.Material.dll 2026.1.210 at \\FEAP1313L\Users\edward.barreras\source\repos\LIVE\MIA SRC\lib\RCWF\2026.1.210.462\Telerik.WinControls.Themes.Material.dll
  - Telerik.WinControls.Themes.MaterialBlueGrey.dll 2026.1.210 at \\FEAP1313L\Users\edward.barreras\source\repos\LIVE\MIA SRC\lib\RCWF\2026.1.210.462\Telerik.WinControls.Themes.MaterialBlueGrey.dll
  - Telerik.WinControls.Themes.MaterialPink.dll 2026.1.210 at \\FEAP1313L\Users\edward.barreras\source\repos\LIVE\MIA SRC\lib\RCWF\2026.1.210.462\Telerik.WinControls.Themes.MaterialPink.dll
  - Telerik.WinControls.Themes.MaterialTeal.dll 2026.1.210 at \\FEAP1313L\Users\edward.barreras\source\repos\LIVE\MIA SRC\lib\RCWF\2026.1.210.462\Telerik.WinControls.Themes.MaterialTeal.dll
  - Telerik.WinControls.Themes.Office2007Black.dll 2026.1.210 at \\FEAP1313L\Users\edward.barreras\source\repos\LIVE\MIA SRC\lib\RCWF\2026.1.210.462\Telerik.WinControls.Themes.Office2007Black.dll
  - Telerik.WinControls.Themes.Office2010Black.dll 2026.1.210 at \\FEAP1313L\Users\edward.barreras\source\repos\LIVE\MIA SRC\lib\RCWF\2026.1.210.462\Telerik.WinControls.Themes.Office2010Black.dll
  - Telerik.WinControls.Themes.Office2010Blue.dll 2026.1.210 at \\FEAP1313L\Users\edward.barreras\source\repos\LIVE\MIA SRC\lib\RCWF\2026.1.210.462\Telerik.WinControls.Themes.Office2010Blue.dll
  - Telerik.WinControls.Themes.Office2010Silver.dll 2026.1.210 at \\FEAP1313L\Users\edward.barreras\source\repos\LIVE\MIA SRC\lib\RCWF\2026.1.210.462\Telerik.WinControls.Themes.Office2010Silver.dll
  - Telerik.WinControls.Themes.Office2013Dark.dll 2026.1.210 at \\FEAP1313L\Users\edward.barreras\source\repos\LIVE\MIA SRC\lib\RCWF\2026.1.210.462\Telerik.WinControls.Themes.Office2013Dark.dll
  - Telerik.WinControls.Themes.Office2013Light.dll 2026.1.210 at \\FEAP1313L\Users\edward.barreras\source\repos\LIVE\MIA SRC\lib\RCWF\2026.1.210.462\Telerik.WinControls.Themes.Office2013Light.dll
  - Telerik.WinControls.Themes.TelerikMetroBlue.dll 2026.1.210 at \\FEAP1313L\Users\edward.barreras\source\repos\LIVE\MIA SRC\lib\RCWF\2026.1.210.462\Telerik.WinControls.Themes.TelerikMetroBlue.dll
  - Telerik.WinControls.Themes.VisualStudio2012Dark.dll 2026.1.210 at \\FEAP1313L\Users\edward.barreras\source\repos\LIVE\MIA SRC\lib\RCWF\2026.1.210.462\Telerik.WinControls.Themes.VisualStudio2012Dark.dll
  - Telerik.WinControls.Themes.VisualStudio2012Light.dll 2026.1.210 at \\FEAP1313L\Users\edward.barreras\source\repos\LIVE\MIA SRC\lib\RCWF\2026.1.210.462\Telerik.WinControls.Themes.VisualStudio2012Light.dll
  - Telerik.WinControls.Themes.Windows7.dll 2026.1.210 at \\FEAP1313L\Users\edward.barreras\source\repos\LIVE\MIA SRC\lib\RCWF\2026.1.210.462\Telerik.WinControls.Themes.Windows7.dll
  - Telerik.WinControls.Themes.Windows8.dll 2026.1.210 at \\FEAP1313L\Users\edward.barreras\source\repos\LIVE\MIA SRC\lib\RCWF\2026.1.210.462\Telerik.WinControls.Themes.Windows8.dll
  - Telerik.WinControls.UI.dll 2026.1.210 at \\FEAP1313L\Users\edward.barreras\source\repos\LIVE\MIA SRC\lib\RCWF\2026.1.210.462\Telerik.WinControls.UI.dll
  - Telerik.Windows.Documents.Core.dll 2026.1.210 at \\FEAP1313L\Users\edward.barreras\source\repos\LIVE\MIA SRC\lib\RCWF\2026.1.210.462\Telerik.Windows.Documents.Core.dll
  - Telerik.Windows.Documents.Fixed.dll 2026.1.210 at \\FEAP1313L\Users\edward.barreras\source\repos\LIVE\MIA SRC\lib\RCWF\2026.1.210.462\Telerik.Windows.Documents.Fixed.dll
  - Telerik.Windows.Documents.Spreadsheet.dll 2026.1.210 at \\FEAP1313L\Users\edward.barreras\source\repos\LIVE\MIA SRC\lib\RCWF\2026.1.210.462\Telerik.Windows.Documents.Spreadsheet.dll
  - Telerik.Windows.Documents.Spreadsheet.FormatProviders.OpenXml.dll 2026.1.210 at \\FEAP1313L\Users\edward.barreras\source\repos\LIVE\MIA SRC\lib\RCWF\2026.1.210.462\Telerik.Windows.Documents.Spreadsheet.FormatProviders.OpenXml.dll
  - Telerik.Windows.Documents.Spreadsheet.FormatProviders.Pdf.dll 2026.1.210 at \\FEAP1313L\Users\edward.barreras\source\repos\LIVE\MIA SRC\lib\RCWF\2026.1.210.462\Telerik.Windows.Documents.Spreadsheet.FormatProviders.Pdf.dll
  - Telerik.Windows.Documents.Spreadsheet.FormatProviders.Xls.dll 2026.1.210 at \\FEAP1313L\Users\edward.barreras\source\repos\LIVE\MIA SRC\lib\RCWF\2026.1.210.462\Telerik.Windows.Documents.Spreadsheet.FormatProviders.Xls.dll
  - Telerik.Windows.Zip.dll 2026.1.210 at \\FEAP1313L\Users\edward.barreras\source\repos\LIVE\MIA SRC\lib\RCWF\2026.1.210.462\Telerik.Windows.Zip.dll
  - TelerikCommon.dll 2026.1.210 at \\FEAP1313L\Users\edward.barreras\source\repos\LIVE\MIA SRC\lib\RCWF\2026.1.210.462\TelerikCommon.dll
  - TelerikExport.dll 2026.1.210 at \\FEAP1313L\Users\edward.barreras\source\repos\LIVE\MIA SRC\lib\RCWF\2026.1.210.462\TelerikExport.dll
  - Ubiety.Dns.Core.dll 2.2.1 at \\FEAP1313L\Users\edward.barreras\source\repos\LIVE\MIA SRC\ERP\bin\Debug\Ubiety.Dns.Core.dll
  - WindowsBase.dll 4.8.3761 at C:\Program Files (x86)\Reference Assemblies\Microsoft\Framework\.NETFramework\v4.8\WindowsBase.dll
  - ZstdSharp.dll 0.8.5 at \\FEAP1313L\Users\edward.barreras\source\repos\LIVE\MIA SRC\packages\ZstdSharp.Port.0.8.5\lib\net462\ZstdSharp.dll
  MachineId=2xQjveFWQf4bUNzPt3x/SIfuym0=

[2026-03-23 11:56:55.655] [Low]   Looking for Telerik product metadata in referenced assemblies
      - \\FEAP1313L\Users\edward.barreras\source\repos\LIVE\MIA SRC\lib\RCWF\2026.1.210.462\Telerik.Documents.SpreadsheetStreaming.dll
        ProductCode: DPL, LicenseDate: 2026-02-10, Redistributed By: RCWPF, RCWF, MAUI, UIXAM, WINUI, RCAJAX, KENDOUIMVC, UIASPCORE, BLAZOR, ProductName: Telerik Document Processing Libraries, ProductVersion: 2026.1.210.462, Flags: None
      - \\FEAP1313L\Users\edward.barreras\source\repos\LIVE\MIA SRC\ERP\bin\Debug\Telerik.Reporting.dll
        ProductCode: REPORTING, LicenseDate: 2025-05-21, ProductName: Telerik Reporting, ProductVersion: 19.1.25.521, Flags: None
      - \\FEAP1313L\Users\edward.barreras\source\repos\LIVE\MIA SRC\lib\RCWF\2026.1.210.462\Telerik.WinControls.dll
        ProductCode: RCWF, LicenseDate: 2026-02-10, ProductName: Telerik UI for WinForms, ProductVersion: 2026.1.210.462, Flags: None
      - \\FEAP1313L\Users\edward.barreras\source\repos\LIVE\MIA SRC\lib\RCWF\2026.1.210.462\Telerik.WinControls.GridView.dll
        ProductCode: RCWF, LicenseDate: 2026-02-10, ProductName: Telerik UI for WinForms, ProductVersion: 2026.1.210.462, Flags: None
      - \\FEAP1313L\Users\edward.barreras\source\repos\LIVE\MIA SRC\lib\RCWF\2026.1.210.462\Telerik.WinControls.RadDock.dll
        ProductCode: RCWF, LicenseDate: 2026-02-10, ProductName: Telerik UI for WinForms, ProductVersion: 2026.1.210.462, Flags: None
      - \\FEAP1313L\Users\edward.barreras\source\repos\LIVE\MIA SRC\lib\RCWF\2026.1.210.462\Telerik.WinControls.Themes.Aqua.dll
        ProductCode: RCWF, LicenseDate: 2026-02-10, ProductName: Telerik UI for WinForms, ProductVersion: 2026.1.210.462, Flags: None
      - \\FEAP1313L\Users\edward.barreras\source\repos\LIVE\MIA SRC\lib\RCWF\2026.1.210.462\Telerik.WinControls.Themes.Breeze.dll
        ProductCode: RCWF, LicenseDate: 2026-02-10, ProductName: Telerik UI for WinForms, ProductVersion: 2026.1.210.462, Flags: None
      - \\FEAP1313L\Users\edward.barreras\source\repos\LIVE\MIA SRC\lib\RCWF\2026.1.210.462\Telerik.WinControls.Themes.Crystal.dll
        ProductCode: RCWF, LicenseDate: 2026-02-10, ProductName: Telerik UI for WinForms, ProductVersion: 2026.1.210.462, Flags: None
      - \\FEAP1313L\Users\edward.barreras\source\repos\LIVE\MIA SRC\lib\RCWF\2026.1.210.462\Telerik.WinControls.Themes.CrystalDark.dll
        ProductCode: RCWF, LicenseDate: 2026-02-10, ProductName: Telerik UI for WinForms, ProductVersion: 2026.1.210.462, Flags: None
      - \\FEAP1313L\Users\edward.barreras\source\repos\LIVE\MIA SRC\lib\RCWF\2026.1.210.462\Telerik.WinControls.Themes.Desert.dll
        ProductCode: RCWF, LicenseDate: 2026-02-10, ProductName: Telerik UI for WinForms, ProductVersion: 2026.1.210.462, Flags: None
      - \\FEAP1313L\Users\edward.barreras\source\repos\LIVE\MIA SRC\lib\RCWF\2026.1.210.462\Telerik.WinControls.Themes.Fluent.dll
        ProductCode: RCWF, LicenseDate: 2026-02-10, ProductName: Telerik UI for WinForms, ProductVersion: 2026.1.210.462, Flags: None
      - \\FEAP1313L\Users\edward.barreras\source\repos\LIVE\MIA SRC\lib\RCWF\2026.1.210.462\Telerik.WinControls.Themes.FluentDark.dll
        ProductCode: RCWF, LicenseDate: 2026-02-10, ProductName: Telerik UI for WinForms, ProductVersion: 2026.1.210.462, Flags: None
      - \\FEAP1313L\Users\edward.barreras\source\repos\LIVE\MIA SRC\lib\RCWF\2026.1.210.462\Telerik.WinControls.Themes.HighContrastBlack.dll
        ProductCode: RCWF, LicenseDate: 2026-02-10, ProductName: Telerik UI for WinForms, ProductVersion: 2026.1.210.462, Flags: None
      - \\FEAP1313L\Users\edward.barreras\source\repos\LIVE\MIA SRC\lib\RCWF\2026.1.210.462\Telerik.WinControls.Themes.Material.dll
        ProductCode: RCWF, LicenseDate: 2026-02-10, ProductName: Telerik UI for WinForms, ProductVersion: 2026.1.210.462, Flags: None
      - \\FEAP1313L\Users\edward.barreras\source\repos\LIVE\MIA SRC\lib\RCWF\2026.1.210.462\Telerik.WinControls.Themes.MaterialBlueGrey.dll
        ProductCode: RCWF, LicenseDate: 2026-02-10, ProductName: Telerik UI for WinForms, ProductVersion: 2026.1.210.462, Flags: None
      - \\FEAP1313L\Users\edward.barreras\source\repos\LIVE\MIA SRC\lib\RCWF\2026.1.210.462\Telerik.WinControls.Themes.MaterialPink.dll
        ProductCode: RCWF, LicenseDate: 2026-02-10, ProductName: Telerik UI for WinForms, ProductVersion: 2026.1.210.462, Flags: None
      - \\FEAP1313L\Users\edward.barreras\source\repos\LIVE\MIA SRC\lib\RCWF\2026.1.210.462\Telerik.WinControls.Themes.MaterialTeal.dll
        ProductCode: RCWF, LicenseDate: 2026-02-10, ProductName: Telerik UI for WinForms, ProductVersion: 2026.1.210.462, Flags: None
      - \\FEAP1313L\Users\edward.barreras\source\repos\LIVE\MIA SRC\lib\RCWF\2026.1.210.462\Telerik.WinControls.Themes.Office2007Black.dll
        ProductCode: RCWF, LicenseDate: 2026-02-10, ProductName: Telerik UI for WinForms, ProductVersion: 2026.1.210.462, Flags: None
      - \\FEAP1313L\Users\edward.barreras\source\repos\LIVE\MIA SRC\lib\RCWF\2026.1.210.462\Telerik.WinControls.Themes.Office2010Black.dll
        ProductCode: RCWF, LicenseDate: 2026-02-10, ProductName: Telerik UI for WinForms, ProductVersion: 2026.1.210.462, Flags: None
      - \\FEAP1313L\Users\edward.barreras\source\repos\LIVE\MIA SRC\lib\RCWF\2026.1.210.462\Telerik.WinControls.Themes.Office2010Blue.dll
        ProductCode: RCWF, LicenseDate: 2026-02-10, ProductName: Telerik UI for WinForms, ProductVersion: 2026.1.210.462, Flags: None
      - \\FEAP1313L\Users\edward.barreras\source\repos\LIVE\MIA SRC\lib\RCWF\2026.1.210.462\Telerik.WinControls.Themes.Office2010Silver.dll
        ProductCode: RCWF, LicenseDate: 2026-02-10, ProductName: Telerik UI for WinForms, ProductVersion: 2026.1.210.462, Flags: None
      - \\FEAP1313L\Users\edward.barreras\source\repos\LIVE\MIA SRC\lib\RCWF\2026.1.210.462\Telerik.WinControls.Themes.Office2013Dark.dll
        ProductCode: RCWF, LicenseDate: 2026-02-10, ProductName: Telerik UI for WinForms, ProductVersion: 2026.1.210.462, Flags: None
      - \\FEAP1313L\Users\edward.barreras\source\repos\LIVE\MIA SRC\lib\RCWF\2026.1.210.462\Telerik.WinControls.Themes.Office2013Light.dll
        ProductCode: RCWF, LicenseDate: 2026-02-10, ProductName: Telerik UI for WinForms, ProductVersion: 2026.1.210.462, Flags: None
      - \\FEAP1313L\Users\edward.barreras\source\repos\LIVE\MIA SRC\lib\RCWF\2026.1.210.462\Telerik.WinControls.Themes.TelerikMetroBlue.dll
        ProductCode: RCWF, LicenseDate: 2026-02-10, ProductName: Telerik UI for WinForms, ProductVersion: 2026.1.210.462, Flags: None
      - \\FEAP1313L\Users\edward.barreras\source\repos\LIVE\MIA SRC\lib\RCWF\2026.1.210.462\Telerik.WinControls.Themes.VisualStudio2012Dark.dll
        ProductCode: RCWF, LicenseDate: 2026-02-10, ProductName: Telerik UI for WinForms, ProductVersion: 2026.1.210.462, Flags: None
      - \\FEAP1313L\Users\edward.barreras\source\repos\LIVE\MIA SRC\lib\RCWF\2026.1.210.462\Telerik.WinControls.Themes.VisualStudio2012Light.dll
        ProductCode: RCWF, LicenseDate: 2026-02-10, ProductName: Telerik UI for WinForms, ProductVersion: 2026.1.210.462, Flags: None
      - \\FEAP1313L\Users\edward.barreras\source\repos\LIVE\MIA SRC\lib\RCWF\2026.1.210.462\Telerik.WinControls.Themes.Windows7.dll
        ProductCode: RCWF, LicenseDate: 2026-02-10, ProductName: Telerik UI for WinForms, ProductVersion: 2026.1.210.462, Flags: None
      - \\FEAP1313L\Users\edward.barreras\source\repos\LIVE\MIA SRC\lib\RCWF\2026.1.210.462\Telerik.WinControls.Themes.Windows8.dll
        ProductCode: RCWF, LicenseDate: 2026-02-10, ProductName: Telerik UI for WinForms, ProductVersion: 2026.1.210.462, Flags: None
      - \\FEAP1313L\Users\edward.barreras\source\repos\LIVE\MIA SRC\lib\RCWF\2026.1.210.462\Telerik.WinControls.UI.dll
        ProductCode: RCWF, LicenseDate: 2026-02-10, ProductName: Telerik UI for WinForms, ProductVersion: 2026.1.210.462, Flags: None
      - \\FEAP1313L\Users\edward.barreras\source\repos\LIVE\MIA SRC\lib\RCWF\2026.1.210.462\Telerik.Windows.Documents.Core.dll
        ProductCode: DPL, LicenseDate: 2026-02-10, Redistributed By: RCWPF, RCWF, MAUI, UIXAM, WINUI, RCAJAX, KENDOUIMVC, UIASPCORE, BLAZOR, ProductName: Telerik Document Processing Libraries, ProductVersion: 2026.1.210.462, Flags: None
      - \\FEAP1313L\Users\edward.barreras\source\repos\LIVE\MIA SRC\lib\RCWF\2026.1.210.462\Telerik.Windows.Documents.Fixed.dll
        ProductCode: DPL, LicenseDate: 2026-02-10, Redistributed By: RCWPF, RCWF, MAUI, UIXAM, WINUI, RCAJAX, KENDOUIMVC, UIASPCORE, BLAZOR, ProductName: Telerik Document Processing Libraries, ProductVersion: 2026.1.210.462, Flags: None
      - \\FEAP1313L\Users\edward.barreras\source\repos\LIVE\MIA SRC\lib\RCWF\2026.1.210.462\Telerik.Windows.Documents.Spreadsheet.dll
        ProductCode: DPL, LicenseDate: 2026-02-10, Redistributed By: RCWPF, RCWF, MAUI, UIXAM, WINUI, RCAJAX, KENDOUIMVC, UIASPCORE, BLAZOR, ProductName: Telerik Document Processing Libraries, ProductVersion: 2026.1.210.462, Flags: None
      - \\FEAP1313L\Users\edward.barreras\source\repos\LIVE\MIA SRC\lib\RCWF\2026.1.210.462\Telerik.Windows.Documents.Spreadsheet.FormatProviders.Pdf.dll
        ProductCode: DPL, LicenseDate: 2026-02-10, Redistributed By: RCWPF, RCWF, MAUI, UIXAM, WINUI, RCAJAX, KENDOUIMVC, UIASPCORE, BLAZOR, ProductName: Telerik Document Processing Libraries, ProductVersion: 2026.1.210.462, Flags: None
      - \\FEAP1313L\Users\edward.barreras\source\repos\LIVE\MIA SRC\lib\RCWF\2026.1.210.462\Telerik.Windows.Documents.Spreadsheet.FormatProviders.Xls.dll
        ProductCode: DPL, LicenseDate: 2026-02-10, Redistributed By: RCWPF, RCWF, MAUI, UIXAM, WINUI, RCAJAX, KENDOUIMVC, UIASPCORE, BLAZOR, ProductName: Telerik Document Processing Libraries, ProductVersion: 2026.1.210.462, Flags: None
      - \\FEAP1313L\Users\edward.barreras\source\repos\LIVE\MIA SRC\lib\RCWF\2026.1.210.462\Telerik.Windows.Zip.dll
        ProductCode: DPL, LicenseDate: 2026-02-10, Redistributed By: RCWPF, RCWF, MAUI, UIXAM, WINUI, RCAJAX, KENDOUIMVC, UIASPCORE, BLAZOR, ProductName: Telerik Document Processing Libraries, ProductVersion: 2026.1.210.462, Flags: None
      - \\FEAP1313L\Users\edward.barreras\source\repos\LIVE\MIA SRC\lib\RCWF\2026.1.210.462\TelerikCommon.dll
        ProductCode: RCWF, LicenseDate: 2026-02-10, ProductName: Telerik UI for WinForms, ProductVersion: 2026.1.210.462, Flags: None
      - \\FEAP1313L\Users\edward.barreras\source\repos\LIVE\MIA SRC\lib\RCWF\2026.1.210.462\TelerikExport.dll
        ProductCode: RCWF, LicenseDate: 2026-02-10, ProductName: Telerik UI for WinForms, ProductVersion: 2026.1.210.462, Flags: None
      Unique Products:
      - "Telerik Document Processing Libraries" (DPL) 2026.1.210.462 @2026-02-10
      - "Telerik UI for WinForms" (RCWF) 2026.1.210.462 @2026-02-10
      - "Telerik Reporting" (REPORTING) 19.1.25.521 @2025-05-21
      Found a total of 3 referenced Telerik products for 

[2026-03-23 11:56:55.692] [Low]   Provision Licensing
        Looking up license file...
        - EnvironmentVariablePath: TELERIK_LICENSE_PATH (NotAvailable)
        - EnvironmentVariable: TELERIK_LICENSE (NotAvailable)
        - EnvironmentVariable: KENDO_UI_LICENSE (NotAvailable)
        - RecursiveFilePath: \\FEAP1313L\Users\edward.barreras\source\repos\LIVE\MIA SRC\ERP\telerik-license.txt (NotAvailable)
        - RecursiveFilePath: \\FEAP1313L\Users\edward.barreras\source\repos\LIVE\MIA SRC\ERP\kendo-ui-license.txt (NotAvailable)
        - RecursiveFilePath: \\FEAP1313L\Users\edward.barreras\source\repos\LIVE\MIA SRC\telerik-license.txt (LicenseFound)
        - RecursiveFilePath: \\FEAP1313L\Users\edward.barreras\source\repos\LIVE\MIA SRC\kendo-ui-license.txt (Skip)
        - RecursiveFilePath: \\FEAP1313L\Users\edward.barreras\source\repos\LIVE\telerik-license.txt (Skip)
        - RecursiveFilePath: \\FEAP1313L\Users\edward.barreras\source\repos\LIVE\kendo-ui-license.txt (Skip)
        - RecursiveFilePath: \\FEAP1313L\Users\edward.barreras\source\repos\telerik-license.txt (Skip)
        - RecursiveFilePath: \\FEAP1313L\Users\edward.barreras\source\repos\kendo-ui-license.txt (Skip)
        - RecursiveFilePath: \\FEAP1313L\Users\edward.barreras\source\telerik-license.txt (Skip)
        - RecursiveFilePath: \\FEAP1313L\Users\edward.barreras\source\kendo-ui-license.txt (Skip)
        - RecursiveFilePath: \\FEAP1313L\Users\edward.barreras\telerik-license.txt (Skip)
        - RecursiveFilePath: \\FEAP1313L\Users\edward.barreras\kendo-ui-license.txt (Skip)
        - RecursiveFilePath: \\FEAP1313L\Users\telerik-license.txt (Skip)
        - RecursiveFilePath: \\FEAP1313L\Users\kendo-ui-license.txt (Skip)
        - UserDirectory: C:\Users\edward.barreras\AppData\Roaming\Telerik\telerik-license.txt (Skip)
        - UserDirectory: C:\Users\edward.barreras\AppData\Roaming\Telerik\kendo-ui-license.txt (Skip)
        LicenseKey
        - AUD: f***.m**@f***************.com
        - UsedId: ab69b8b5-c84c-45ed-8228-81dac868c759
        - LicenseId: e7eaafda-87c7-42d6-9ce6-49a541b8c4ed
        - IssuedAt: 1/20/2026 6:35:06 AM
        - Licenses
          0) Perpetual BLAZOR, expiration 9/25/2027 12:49:33 PM, type: 'perpetual'
          1) Perpetual JM, expiration 9/25/2027 12:49:33 PM, type: 'perpetual'
          2) Perpetual KENDOUIANGULAR, expiration 9/25/2027 12:49:33 PM, type: 'perpetual'
          3) Perpetual KENDOUICOMPLETE, expiration 9/25/2027 12:49:33 PM, type: 'perpetual'
          4) Perpetual KENDOUIMVC, expiration 9/25/2027 12:49:33 PM, type: 'perpetual'
          5) Perpetual KENDOUIREACT, expiration 9/25/2027 12:49:33 PM, type: 'perpetual'
          6) Perpetual KENDOUIVUE, expiration 9/25/2027 12:49:33 PM, type: 'perpetual'
          7) Perpetual MAUI, expiration 9/25/2027 12:49:33 PM, type: 'perpetual'
          8) Perpetual RCAJAX, expiration 9/25/2027 12:49:33 PM, type: 'perpetual'
          9) Perpetual RCWF, expiration 9/25/2027 12:49:33 PM, type: 'perpetual'
          10) Perpetual RCWPF, expiration 9/25/2027 12:49:33 PM, type: 'perpetual'
          11) Perpetual REPORTING, expiration 9/25/2027 12:49:33 PM, type: 'perpetual'
          12) Perpetual REPORTSERVER, expiration 9/25/2027 12:49:33 PM, type: 'perpetual'
          13) Perpetual UIASPCORE, expiration 9/25/2027 12:49:33 PM, type: 'perpetual'
          14) Perpetual UIXAM, expiration 2/19/2025 6:00:00 AM, type: 'perpetual'
          15) Perpetual WINUI, expiration 9/25/2027 12:49:33 PM, type: 'perpetual'
          16) Usage UserId: ab69b8b5-c84c-45ed-8228-81dac868c759, LicenseId: e7eaafda-87c7-42d6-9ce6-49a541b8c4ed, type: 'usage'

[2026-03-23 11:56:55.701] [Low]   License Resolution
        Messages
          - License OK for "Telerik UI for WinForms" (RCWF) 2026.1.210.462 @2026-02-10 - Perpetual, valid until 2027-09-25.
          - License OK for "Telerik Reporting" (REPORTING) 19.1.25.521 @2025-05-21 - Perpetual, valid until 2027-09-25.
          - License OK for "Telerik Document Processing Libraries" (DPL) 2026.1.210.462 @2026-02-10 - Perpetual for RCWF, valid until 2027-09-25.
        JWTs
          - eyJhbGciOiJSUzI1NiIsInR5cCI6IlRlbGVyaWsgTGljZW5zZSBFdmlkZW5jZSJ9.eyJjb2RlIjoiUkNXRiIsInR5cGUiOiJwZXJwZXR1YWwiLCJleHBpcmF0aW9uIjoxODIxODc2NTczLCJ1c2VySWQiOiJhYjY5YjhiNS1jODRjLTQ1ZWQtODIyOC04MWRhYzg2OGM3NTkiLCJsaWNlbnNlSWQiOiJlN2VhYWZkYS04N2M3LTQyZDYtOWNlNi00OWE1NDFiOGM0ZWQifQ.H8sxX5O2T3i22Uhy0PFV3YDo-lS1iHVocWX9Eu-82PheI3XbKMkEr7QiChWfuNwS9afgR7PMGy4_nx9HXRV5V9cRQ1zWvIkJsG2EbadPtKlygaAkCh-FXSRVflm3WITNHIAYfazZa26sHSnqBW_XRbH3o0GQkqVYkLlxLuLuKa4M7LlA1KtQZcVFhOH2oaXQoxfrkUMQxNFCz0JdI76T1YJNrAwxpXri8KUzfoDwKhY-IhN-bU25hJs19yGvWykTuZqrZ3lv603aQkaCaPnlF_tHROsmC7nbV4aaxaSHRF1PVD5lqsAhkA5OdGmqH8Kq9F5mhRXVVwYWf3WBcxZKkg
          - eyJhbGciOiJSUzI1NiIsInR5cCI6IlRlbGVyaWsgTGljZW5zZSBFdmlkZW5jZSJ9.eyJjb2RlIjoiUkVQT1JUSU5HIiwidHlwZSI6InBlcnBldHVhbCIsImV4cGlyYXRpb24iOjE4MjE4NzY1NzMsInVzZXJJZCI6ImFiNjliOGI1LWM4NGMtNDVlZC04MjI4LTgxZGFjODY4Yzc1OSIsImxpY2Vuc2VJZCI6ImU3ZWFhZmRhLTg3YzctNDJkNi05Y2U2LTQ5YTU0MWI4YzRlZCJ9.vMdezVVvhtRG-iThgXrXFDyr8L394y38spuHWK9Cyc_b9XZ2iHzEwyT9dLgOqBfvEQM3-GKFcOW6O4-_SSwoIjNhm9paVKSVEmeonMfEOgZjOXuqYFCrXmegYUefJNkHmL6P9cB0CPtA_PThVXqg_RGtCMGEoTW_ISG2ymjLnKXwuGf3uQoTxYWCmdBVMAeZHBlzpUh7aJ78fWmWbIvGf_jrykaFhCaWML2yJHyAjHIH1uzf088pGqdOeDvhBQsIva3Hg0KPLptC4ZqxkkVyYHFvvqFgwwkv8O3ex6Df238honjg-11aXIid1Ad6SSsrqEuKqHBUF__HbdhN0AvfLg
        Licenses
          - License OK for "Telerik UI for WinForms" (RCWF) 2026.1.210.462 @2026-02-10 - Perpetual, valid until 2027-09-25.
          - License OK for "Telerik Reporting" (REPORTING) 19.1.25.521 @2025-05-21 - Perpetual, valid until 2027-09-25.
          - License OK for "Telerik Document Processing Libraries" (DPL) 2026.1.210.462 @2026-02-10 - Perpetual for RCWF, valid until 2027-09-25.

[2026-03-23 11:56:55.704] [Low] OutputType: WinExe, ImportXamlTargets: True
[2026-03-23 11:56:55.717] [Low] 
      Call-Home Telerik Products (3 for )
      - "Telerik UI for WinForms" (RCWF) 2026.1.210
      - "DPL" (DPL) 2026.1.210
      - "Telerik Reporting" (REPORTING) 19.1.25

[2026-03-23 11:56:55.717] [Low] 
[2026-03-23 11:56:55.720] [Low] 
      Call-Home Telerik Features (0 for )

[2026-03-23 11:56:55.720] [Low] 
[2026-03-23 11:56:55.766] [Low]   Report Telerik.Licensing
        UserId: ab69b8b5-c84c-45ed-8228-81dac868c759
        LicenseId: e7eaafda-87c7-42d6-9ce6-49a541b8c4ed
        Products
        - LicenseUsed RCWF 2026.1.210.462 SKIPPED
        - LicenseUsed REPORTING 19.1.25.521 SKIPPED
        - LicenseUsed DPL 2026.1.210.462 SKIPPED
      Report finished in 00:00:00.0407664

[2026-03-23 11:56:55.768] [Low]   Sending Telemetry...
[2026-03-23 11:56:55.796] [Low]   Metrics done 00:00:00.0285199
[2026-03-23 11:56:55.798] [Normal] Resolve Telerik Products. Done (00:00:00.5460981) for 
[2026-03-23 13:29:16.924] [Normal] Resolve Telerik Products.
  MSBuildProjectName=2
  MSBuildProjectDirectory=\\FEAP1313L\Users\edward.barreras\source\repos\LIVE\MIA SRC\ERP
  MSBuildProjectExtension=.vbproj
  Language=VB
  OutputPath=bin\Debug\
  Platform=AnyCPU
  TargetFramework=
  TargetFrameworks=
  TargetFrameworkVersion=v4.8
  VisualStudioVersion=17.0
  UsingMicrosoftNETSdk=
  UsingMicrosoftNETSdkRazor=
  UsingMicrosoftNETSdkWeb=
  ImportXamlTargets=True
  OutputType=WinExe
  UseMaui=
  NuGetPackageRoot=

  PackageReferences
  ReferencePaths
  - BouncyCastle.Crypto.dll 1.8.3 at \\FEAP1313L\Users\edward.barreras\source\repos\LIVE\MIA SRC\packages\BouncyCastle.1.8.3.1\lib\BouncyCastle.Crypto.dll
  - BouncyCastle.Cryptography.dll 2.5.1 at \\FEAP1313L\Users\edward.barreras\source\repos\LIVE\MIA SRC\packages\BouncyCastle.Cryptography.2.5.1\lib\net461\BouncyCastle.Cryptography.dll
  - ClosedXML.dll 0.96.0 at \\FEAP1313L\Users\edward.barreras\source\repos\LIVE\MIA SRC\packages\ClosedXML.0.96.0\lib\net40\ClosedXML.dll
  - DocumentFormat.OpenXml.dll 2.16.0 at \\FEAP1313L\Users\edward.barreras\source\repos\LIVE\MIA SRC\packages\DocumentFormat.OpenXml.2.16.0\lib\net40\DocumentFormat.OpenXml.dll
  - ExcelNumberFormat.dll 1.1.0 at \\FEAP1313L\Users\edward.barreras\source\repos\LIVE\MIA SRC\packages\ExcelNumberFormat.1.1.0\lib\net20\ExcelNumberFormat.dll
  - FEAPNS.dll 1.0.0 at \\FEAP1313L\Users\edward.barreras\source\repos\LIVE\MIA SRC\ERP\bin\Debug\FEAPNS.dll
  - Gma.QrCodeNet.Encoding.dll 0.4.1 at \\FEAP1313L\Users\edward.barreras\source\repos\LIVE\MIA SRC\packages\Gma.QrCodeNet.0.4.1.2\lib\net40\Gma.QrCodeNet.Encoding.dll
  - Google.Protobuf.dll 3.30.0 at \\FEAP1313L\Users\edward.barreras\source\repos\LIVE\MIA SRC\packages\Google.Protobuf.3.30.0\lib\net45\Google.Protobuf.dll
  - K4os.Compression.LZ4.dll 1.3.8 at \\FEAP1313L\Users\edward.barreras\source\repos\LIVE\MIA SRC\packages\K4os.Compression.LZ4.1.3.8\lib\net462\K4os.Compression.LZ4.dll
  - K4os.Compression.LZ4.Streams.dll 1.3.8 at \\FEAP1313L\Users\edward.barreras\source\repos\LIVE\MIA SRC\packages\K4os.Compression.LZ4.Streams.1.3.8\lib\net462\K4os.Compression.LZ4.Streams.dll
  - K4os.Hash.xxHash.dll 1.0.8 at \\FEAP1313L\Users\edward.barreras\source\repos\LIVE\MIA SRC\packages\K4os.Hash.xxHash.1.0.8\lib\net462\K4os.Hash.xxHash.dll
  - MIA-Linq.dll 1.0.0 at \\FEAP1313L\Users\edward.barreras\source\repos\LIVE\MIA SRC\ERP\bin\Debug\MIA-Linq.dll
  - MIA-Report.dll 1.0.0 at \\FEAP1313L\Users\edward.barreras\source\repos\LIVE\MIA SRC\ERP\bin\Debug\MIA-Report.dll
  - Microsoft.Bcl.AsyncInterfaces.dll 5.0.0 at \\FEAP1313L\Users\edward.barreras\source\repos\LIVE\MIA SRC\packages\Microsoft.Bcl.AsyncInterfaces.5.0.0\lib\net461\Microsoft.Bcl.AsyncInterfaces.dll
  - Microsoft.CSharp.dll 4.8.3761 at C:\Program Files (x86)\Reference Assemblies\Microsoft\Framework\.NETFramework\v4.8\Microsoft.CSharp.dll
  - MySql.Data.dll 9.4.0 at \\FEAP1313L\Users\edward.barreras\source\repos\LIVE\MIA SRC\packages\MySql.Data.9.4.0\lib\net48\MySql.Data.dll
  - Newtonsoft.Json.dll 13.0.3 at \\FEAP1313L\Users\edward.barreras\source\repos\LIVE\MIA SRC\packages\Newtonsoft.Json.13.0.3\lib\net45\Newtonsoft.Json.dll
  - SRCDailyReportv2.dll 1.0.0 at \\FEAP1313L\Users\edward.barreras\source\repos\LIVE\MIA SRC\ERP\bin\Debug\SRCDailyReportv2.dll
  - System.Buffers.dll 4.6.28619 at \\FEAP1313L\Users\edward.barreras\source\repos\LIVE\MIA SRC\packages\System.Buffers.4.5.1\lib\net461\System.Buffers.dll
  - System.ComponentModel.DataAnnotations.dll 4.8.3761 at C:\Program Files (x86)\Reference Assemblies\Microsoft\Framework\.NETFramework\v4.8\System.ComponentModel.DataAnnotations.dll
  - System.ComponentModel.dll 4.8.3761 at C:\Program Files (x86)\Reference Assemblies\Microsoft\Framework\.NETFramework\v4.8\Facades\System.ComponentModel.dll
  - System.Configuration.ConfigurationManager.dll 8.0.0 at \\FEAP1313L\Users\edward.barreras\source\repos\LIVE\MIA SRC\packages\System.Configuration.ConfigurationManager.8.0.0\lib\net462\System.Configuration.ConfigurationManager.dll
  - System.Configuration.dll 4.8.3761 at C:\Program Files (x86)\Reference Assemblies\Microsoft\Framework\.NETFramework\v4.8\System.Configuration.dll
  - System.Configuration.Install.dll 4.8.3761 at C:\Program Files (x86)\Reference Assemblies\Microsoft\Framework\.NETFramework\v4.8\System.Configuration.Install.dll
  - System.Core.dll 4.8.3761 at C:\Program Files (x86)\Reference Assemblies\Microsoft\Framework\.NETFramework\v4.8\System.Core.dll
  - System.Data.DataSetExtensions.dll 4.8.3761 at C:\Program Files (x86)\Reference Assemblies\Microsoft\Framework\.NETFramework\v4.8\System.Data.DataSetExtensions.dll
  - System.Data.dll 4.8.3761 at C:\Program Files (x86)\Reference Assemblies\Microsoft\Framework\.NETFramework\v4.8\System.Data.dll
  - System.Data.OleDb.dll 9.0.2 at \\FEAP1313L\Users\edward.barreras\source\repos\LIVE\MIA SRC\packages\System.Data.OleDb.9.0.2\lib\net462\System.Data.OleDb.dll
  - System.Deployment.dll 4.8.3761 at C:\Program Files (x86)\Reference Assemblies\Microsoft\Framework\.NETFramework\v4.8\System.Deployment.dll
  - System.Diagnostics.DiagnosticSource.dll 8.0.4 at \\FEAP1313L\Users\edward.barreras\source\repos\LIVE\MIA SRC\packages\System.Diagnostics.DiagnosticSource.8.0.1\lib\net462\System.Diagnostics.DiagnosticSource.dll
  - System.dll 4.8.3761 at C:\Program Files (x86)\Reference Assemblies\Microsoft\Framework\.NETFramework\v4.8\System.dll
  - System.Drawing.Design.dll 4.8.3761 at C:\Program Files (x86)\Reference Assemblies\Microsoft\Framework\.NETFramework\v4.8\System.Drawing.Design.dll
  - System.Drawing.dll 4.8.3761 at C:\Program Files (x86)\Reference Assemblies\Microsoft\Framework\.NETFramework\v4.8\System.Drawing.dll
  - System.IO.Pipelines.dll 5.0.15 at \\FEAP1313L\Users\edward.barreras\source\repos\LIVE\MIA SRC\packages\System.IO.Pipelines.5.0.2\lib\net461\System.IO.Pipelines.dll
  - System.Management.dll 4.8.3761 at C:\Program Files (x86)\Reference Assemblies\Microsoft\Framework\.NETFramework\v4.8\System.Management.dll
  - System.Memory.dll 4.6.31308 at \\FEAP1313L\Users\edward.barreras\source\repos\LIVE\MIA SRC\packages\System.Memory.4.5.5\lib\net461\System.Memory.dll
  - System.Messaging.dll 4.8.3761 at C:\Program Files (x86)\Reference Assemblies\Microsoft\Framework\.NETFramework\v4.8\System.Messaging.dll
  - System.Net.Http.Formatting.dll 5.2.7 at C:\Program Files\Microsoft Visual Studio\2022\Community\Common7\IDE\PublicAssemblies\System.Net.Http.Formatting.dll
  - System.Numerics.dll 4.8.3761 at C:\Program Files (x86)\Reference Assemblies\Microsoft\Framework\.NETFramework\v4.8\System.Numerics.dll
  - System.Numerics.Vectors.dll 4.6.26515 at \\FEAP1313L\Users\edward.barreras\source\repos\LIVE\MIA SRC\packages\System.Numerics.Vectors.4.5.0\lib\net46\System.Numerics.Vectors.dll
  - System.Runtime.CompilerServices.Unsafe.dll 6.1.0 at \\FEAP1313L\Users\edward.barreras\source\repos\LIVE\MIA SRC\packages\System.Runtime.CompilerServices.Unsafe.6.1.0\lib\net462\System.Runtime.CompilerServices.Unsafe.dll
  - System.Threading.Tasks.Extensions.dll 4.6.0 at \\FEAP1313L\Users\edward.barreras\source\repos\LIVE\MIA SRC\packages\System.Threading.Tasks.Extensions.4.6.0\lib\net462\System.Threading.Tasks.Extensions.dll
  - System.Transactions.dll 4.8.3761 at C:\Program Files (x86)\Reference Assemblies\Microsoft\Framework\.NETFramework\v4.8\System.Transactions.dll
  - System.Web.Extensions.dll 4.8.3761 at C:\Program Files (x86)\Reference Assemblies\Microsoft\Framework\.NETFramework\v4.8\System.Web.Extensions.dll
  - System.Windows.Forms.dll 4.8.3761 at C:\Program Files (x86)\Reference Assemblies\Microsoft\Framework\.NETFramework\v4.8\System.Windows.Forms.dll
  - System.Xml.dll 4.8.3761 at C:\Program Files (x86)\Reference Assemblies\Microsoft\Framework\.NETFramework\v4.8\System.Xml.dll
  - System.Xml.Linq.dll 4.8.3761 at C:\Program Files (x86)\Reference Assemblies\Microsoft\Framework\.NETFramework\v4.8\System.Xml.Linq.dll
  - Telerik.Documents.SpreadsheetStreaming.dll 2026.1.210 at \\FEAP1313L\Users\edward.barreras\source\repos\LIVE\MIA SRC\lib\RCWF\2026.1.210.462\Telerik.Documents.SpreadsheetStreaming.dll
  - Telerik.Licensing.Runtime.dll 1.8.2 at \\FEAP1313L\Users\edward.barreras\source\repos\LIVE\MIA SRC\packages\Telerik.Licensing.1.8.2\lib\net462\Telerik.Licensing.Runtime.dll
  - Telerik.Reporting.dll 19.1.25 at \\FEAP1313L\Users\edward.barreras\source\repos\LIVE\MIA SRC\ERP\bin\Debug\Telerik.Reporting.dll
  - Telerik.Reporting.Services.HttpClient.dll 19.1.25 at \\FEAP1313L\Users\edward.barreras\source\repos\LIVE\MIA SRC\ERP\bin\Debug\Telerik.Reporting.Services.HttpClient.dll
  - Telerik.Reporting.Services.ServiceStack.dll 19.1.25 at \\FEAP1313L\Users\edward.barreras\source\repos\LIVE\MIA SRC\ERP\bin\Debug\Telerik.Reporting.Services.ServiceStack.dll
  - Telerik.ReportViewer.WinForms.dll 19.1.25 at \\FEAP1313L\Users\edward.barreras\source\repos\LIVE\MIA SRC\ERP\bin\Debug\Telerik.ReportViewer.WinForms.dll
  - Telerik.ReportViewer.Wpf.dll 19.1.25 at \\FEAP1313L\Users\edward.barreras\source\repos\LIVE\MIA SRC\ERP\bin\Debug\Telerik.ReportViewer.Wpf.dll
  - Telerik.WinControls.dll 2026.1.210 at \\FEAP1313L\Users\edward.barreras\source\repos\LIVE\MIA SRC\lib\RCWF\2026.1.210.462\Telerik.WinControls.dll
  - Telerik.WinControls.GridView.dll 2026.1.210 at \\FEAP1313L\Users\edward.barreras\source\repos\LIVE\MIA SRC\lib\RCWF\2026.1.210.462\Telerik.WinControls.GridView.dll
  - Telerik.WinControls.RadDock.dll 2026.1.210 at \\FEAP1313L\Users\edward.barreras\source\repos\LIVE\MIA SRC\lib\RCWF\2026.1.210.462\Telerik.WinControls.RadDock.dll
  - Telerik.WinControls.Themes.Aqua.dll 2026.1.210 at \\FEAP1313L\Users\edward.barreras\source\repos\LIVE\MIA SRC\lib\RCWF\2026.1.210.462\Telerik.WinControls.Themes.Aqua.dll
  - Telerik.WinControls.Themes.Breeze.dll 2026.1.210 at \\FEAP1313L\Users\edward.barreras\source\repos\LIVE\MIA SRC\lib\RCWF\2026.1.210.462\Telerik.WinControls.Themes.Breeze.dll
  - Telerik.WinControls.Themes.Crystal.dll 2026.1.210 at \\FEAP1313L\Users\edward.barreras\source\repos\LIVE\MIA SRC\lib\RCWF\2026.1.210.462\Telerik.WinControls.Themes.Crystal.dll
  - Telerik.WinControls.Themes.CrystalDark.dll 2026.1.210 at \\FEAP1313L\Users\edward.barreras\source\repos\LIVE\MIA SRC\lib\RCWF\2026.1.210.462\Telerik.WinControls.Themes.CrystalDark.dll
  - Telerik.WinControls.Themes.Desert.dll 2026.1.210 at \\FEAP1313L\Users\edward.barreras\source\repos\LIVE\MIA SRC\lib\RCWF\2026.1.210.462\Telerik.WinControls.Themes.Desert.dll
  - Telerik.WinControls.Themes.Fluent.dll 2026.1.210 at \\FEAP1313L\Users\edward.barreras\source\repos\LIVE\MIA SRC\lib\RCWF\2026.1.210.462\Telerik.WinControls.Themes.Fluent.dll
  - Telerik.WinControls.Themes.FluentDark.dll 2026.1.210 at \\FEAP1313L\Users\edward.barreras\source\repos\LIVE\MIA SRC\lib\RCWF\2026.1.210.462\Telerik.WinControls.Themes.FluentDark.dll
  - Telerik.WinControls.Themes.HighContrastBlack.dll 2026.1.210 at \\FEAP1313L\Users\edward.barreras\source\repos\LIVE\MIA SRC\lib\RCWF\2026.1.210.462\Telerik.WinControls.Themes.HighContrastBlack.dll
  - Telerik.WinControls.Themes.Material.dll 2026.1.210 at \\FEAP1313L\Users\edward.barreras\source\repos\LIVE\MIA SRC\lib\RCWF\2026.1.210.462\Telerik.WinControls.Themes.Material.dll
  - Telerik.WinControls.Themes.MaterialBlueGrey.dll 2026.1.210 at \\FEAP1313L\Users\edward.barreras\source\repos\LIVE\MIA SRC\lib\RCWF\2026.1.210.462\Telerik.WinControls.Themes.MaterialBlueGrey.dll
  - Telerik.WinControls.Themes.MaterialPink.dll 2026.1.210 at \\FEAP1313L\Users\edward.barreras\source\repos\LIVE\MIA SRC\lib\RCWF\2026.1.210.462\Telerik.WinControls.Themes.MaterialPink.dll
  - Telerik.WinControls.Themes.MaterialTeal.dll 2026.1.210 at \\FEAP1313L\Users\edward.barreras\source\repos\LIVE\MIA SRC\lib\RCWF\2026.1.210.462\Telerik.WinControls.Themes.MaterialTeal.dll
  - Telerik.WinControls.Themes.Office2007Black.dll 2026.1.210 at \\FEAP1313L\Users\edward.barreras\source\repos\LIVE\MIA SRC\lib\RCWF\2026.1.210.462\Telerik.WinControls.Themes.Office2007Black.dll
  - Telerik.WinControls.Themes.Office2010Black.dll 2026.1.210 at \\FEAP1313L\Users\edward.barreras\source\repos\LIVE\MIA SRC\lib\RCWF\2026.1.210.462\Telerik.WinControls.Themes.Office2010Black.dll
  - Telerik.WinControls.Themes.Office2010Blue.dll 2026.1.210 at \\FEAP1313L\Users\edward.barreras\source\repos\LIVE\MIA SRC\lib\RCWF\2026.1.210.462\Telerik.WinControls.Themes.Office2010Blue.dll
  - Telerik.WinControls.Themes.Office2010Silver.dll 2026.1.210 at \\FEAP1313L\Users\edward.barreras\source\repos\LIVE\MIA SRC\lib\RCWF\2026.1.210.462\Telerik.WinControls.Themes.Office2010Silver.dll
  - Telerik.WinControls.Themes.Office2013Dark.dll 2026.1.210 at \\FEAP1313L\Users\edward.barreras\source\repos\LIVE\MIA SRC\lib\RCWF\2026.1.210.462\Telerik.WinControls.Themes.Office2013Dark.dll
  - Telerik.WinControls.Themes.Office2013Light.dll 2026.1.210 at \\FEAP1313L\Users\edward.barreras\source\repos\LIVE\MIA SRC\lib\RCWF\2026.1.210.462\Telerik.WinControls.Themes.Office2013Light.dll
  - Telerik.WinControls.Themes.TelerikMetroBlue.dll 2026.1.210 at \\FEAP1313L\Users\edward.barreras\source\repos\LIVE\MIA SRC\lib\RCWF\2026.1.210.462\Telerik.WinControls.Themes.TelerikMetroBlue.dll
  - Telerik.WinControls.Themes.VisualStudio2012Dark.dll 2026.1.210 at \\FEAP1313L\Users\edward.barreras\source\repos\LIVE\MIA SRC\lib\RCWF\2026.1.210.462\Telerik.WinControls.Themes.VisualStudio2012Dark.dll
  - Telerik.WinControls.Themes.VisualStudio2012Light.dll 2026.1.210 at \\FEAP1313L\Users\edward.barreras\source\repos\LIVE\MIA SRC\lib\RCWF\2026.1.210.462\Telerik.WinControls.Themes.VisualStudio2012Light.dll
  - Telerik.WinControls.Themes.Windows7.dll 2026.1.210 at \\FEAP1313L\Users\edward.barreras\source\repos\LIVE\MIA SRC\lib\RCWF\2026.1.210.462\Telerik.WinControls.Themes.Windows7.dll
  - Telerik.WinControls.Themes.Windows8.dll 2026.1.210 at \\FEAP1313L\Users\edward.barreras\source\repos\LIVE\MIA SRC\lib\RCWF\2026.1.210.462\Telerik.WinControls.Themes.Windows8.dll
  - Telerik.WinControls.UI.dll 2026.1.210 at \\FEAP1313L\Users\edward.barreras\source\repos\LIVE\MIA SRC\lib\RCWF\2026.1.210.462\Telerik.WinControls.UI.dll
  - Telerik.Windows.Documents.Core.dll 2026.1.210 at \\FEAP1313L\Users\edward.barreras\source\repos\LIVE\MIA SRC\lib\RCWF\2026.1.210.462\Telerik.Windows.Documents.Core.dll
  - Telerik.Windows.Documents.Fixed.dll 2026.1.210 at \\FEAP1313L\Users\edward.barreras\source\repos\LIVE\MIA SRC\lib\RCWF\2026.1.210.462\Telerik.Windows.Documents.Fixed.dll
  - Telerik.Windows.Documents.Spreadsheet.dll 2026.1.210 at \\FEAP1313L\Users\edward.barreras\source\repos\LIVE\MIA SRC\lib\RCWF\2026.1.210.462\Telerik.Windows.Documents.Spreadsheet.dll
  - Telerik.Windows.Documents.Spreadsheet.FormatProviders.OpenXml.dll 2026.1.210 at \\FEAP1313L\Users\edward.barreras\source\repos\LIVE\MIA SRC\lib\RCWF\2026.1.210.462\Telerik.Windows.Documents.Spreadsheet.FormatProviders.OpenXml.dll
  - Telerik.Windows.Documents.Spreadsheet.FormatProviders.Pdf.dll 2026.1.210 at \\FEAP1313L\Users\edward.barreras\source\repos\LIVE\MIA SRC\lib\RCWF\2026.1.210.462\Telerik.Windows.Documents.Spreadsheet.FormatProviders.Pdf.dll
  - Telerik.Windows.Documents.Spreadsheet.FormatProviders.Xls.dll 2026.1.210 at \\FEAP1313L\Users\edward.barreras\source\repos\LIVE\MIA SRC\lib\RCWF\2026.1.210.462\Telerik.Windows.Documents.Spreadsheet.FormatProviders.Xls.dll
  - Telerik.Windows.Zip.dll 2026.1.210 at \\FEAP1313L\Users\edward.barreras\source\repos\LIVE\MIA SRC\lib\RCWF\2026.1.210.462\Telerik.Windows.Zip.dll
  - TelerikCommon.dll 2026.1.210 at \\FEAP1313L\Users\edward.barreras\source\repos\LIVE\MIA SRC\lib\RCWF\2026.1.210.462\TelerikCommon.dll
  - TelerikExport.dll 2026.1.210 at \\FEAP1313L\Users\edward.barreras\source\repos\LIVE\MIA SRC\lib\RCWF\2026.1.210.462\TelerikExport.dll
  - Ubiety.Dns.Core.dll 2.2.1 at \\FEAP1313L\Users\edward.barreras\source\repos\LIVE\MIA SRC\ERP\bin\Debug\Ubiety.Dns.Core.dll
  - WindowsBase.dll 4.8.3761 at C:\Program Files (x86)\Reference Assemblies\Microsoft\Framework\.NETFramework\v4.8\WindowsBase.dll
  - ZstdSharp.dll 0.8.5 at \\FEAP1313L\Users\edward.barreras\source\repos\LIVE\MIA SRC\packages\ZstdSharp.Port.0.8.5\lib\net462\ZstdSharp.dll
  MachineId=2xQjveFWQf4bUNzPt3x/SIfuym0=

[2026-03-23 13:29:17.327] [Low]   Looking for Telerik product metadata in referenced assemblies
      - \\FEAP1313L\Users\edward.barreras\source\repos\LIVE\MIA SRC\lib\RCWF\2026.1.210.462\Telerik.Documents.SpreadsheetStreaming.dll
        ProductCode: DPL, LicenseDate: 2026-02-10, Redistributed By: RCWPF, RCWF, MAUI, UIXAM, WINUI, RCAJAX, KENDOUIMVC, UIASPCORE, BLAZOR, ProductName: Telerik Document Processing Libraries, ProductVersion: 2026.1.210.462, Flags: None
      - \\FEAP1313L\Users\edward.barreras\source\repos\LIVE\MIA SRC\ERP\bin\Debug\Telerik.Reporting.dll
        ProductCode: REPORTING, LicenseDate: 2025-05-21, ProductName: Telerik Reporting, ProductVersion: 19.1.25.521, Flags: None
      - \\FEAP1313L\Users\edward.barreras\source\repos\LIVE\MIA SRC\lib\RCWF\2026.1.210.462\Telerik.WinControls.dll
        ProductCode: RCWF, LicenseDate: 2026-02-10, ProductName: Telerik UI for WinForms, ProductVersion: 2026.1.210.462, Flags: None
      - \\FEAP1313L\Users\edward.barreras\source\repos\LIVE\MIA SRC\lib\RCWF\2026.1.210.462\Telerik.WinControls.GridView.dll
        ProductCode: RCWF, LicenseDate: 2026-02-10, ProductName: Telerik UI for WinForms, ProductVersion: 2026.1.210.462, Flags: None
      - \\FEAP1313L\Users\edward.barreras\source\repos\LIVE\MIA SRC\lib\RCWF\2026.1.210.462\Telerik.WinControls.RadDock.dll
        ProductCode: RCWF, LicenseDate: 2026-02-10, ProductName: Telerik UI for WinForms, ProductVersion: 2026.1.210.462, Flags: None
      - \\FEAP1313L\Users\edward.barreras\source\repos\LIVE\MIA SRC\lib\RCWF\2026.1.210.462\Telerik.WinControls.Themes.Aqua.dll
        ProductCode: RCWF, LicenseDate: 2026-02-10, ProductName: Telerik UI for WinForms, ProductVersion: 2026.1.210.462, Flags: None
      - \\FEAP1313L\Users\edward.barreras\source\repos\LIVE\MIA SRC\lib\RCWF\2026.1.210.462\Telerik.WinControls.Themes.Breeze.dll
        ProductCode: RCWF, LicenseDate: 2026-02-10, ProductName: Telerik UI for WinForms, ProductVersion: 2026.1.210.462, Flags: None
      - \\FEAP1313L\Users\edward.barreras\source\repos\LIVE\MIA SRC\lib\RCWF\2026.1.210.462\Telerik.WinControls.Themes.Crystal.dll
        ProductCode: RCWF, LicenseDate: 2026-02-10, ProductName: Telerik UI for WinForms, ProductVersion: 2026.1.210.462, Flags: None
      - \\FEAP1313L\Users\edward.barreras\source\repos\LIVE\MIA SRC\lib\RCWF\2026.1.210.462\Telerik.WinControls.Themes.CrystalDark.dll
        ProductCode: RCWF, LicenseDate: 2026-02-10, ProductName: Telerik UI for WinForms, ProductVersion: 2026.1.210.462, Flags: None
      - \\FEAP1313L\Users\edward.barreras\source\repos\LIVE\MIA SRC\lib\RCWF\2026.1.210.462\Telerik.WinControls.Themes.Desert.dll
        ProductCode: RCWF, LicenseDate: 2026-02-10, ProductName: Telerik UI for WinForms, ProductVersion: 2026.1.210.462, Flags: None
      - \\FEAP1313L\Users\edward.barreras\source\repos\LIVE\MIA SRC\lib\RCWF\2026.1.210.462\Telerik.WinControls.Themes.Fluent.dll
        ProductCode: RCWF, LicenseDate: 2026-02-10, ProductName: Telerik UI for WinForms, ProductVersion: 2026.1.210.462, Flags: None
      - \\FEAP1313L\Users\edward.barreras\source\repos\LIVE\MIA SRC\lib\RCWF\2026.1.210.462\Telerik.WinControls.Themes.FluentDark.dll
        ProductCode: RCWF, LicenseDate: 2026-02-10, ProductName: Telerik UI for WinForms, ProductVersion: 2026.1.210.462, Flags: None
      - \\FEAP1313L\Users\edward.barreras\source\repos\LIVE\MIA SRC\lib\RCWF\2026.1.210.462\Telerik.WinControls.Themes.HighContrastBlack.dll
        ProductCode: RCWF, LicenseDate: 2026-02-10, ProductName: Telerik UI for WinForms, ProductVersion: 2026.1.210.462, Flags: None
      - \\FEAP1313L\Users\edward.barreras\source\repos\LIVE\MIA SRC\lib\RCWF\2026.1.210.462\Telerik.WinControls.Themes.Material.dll
        ProductCode: RCWF, LicenseDate: 2026-02-10, ProductName: Telerik UI for WinForms, ProductVersion: 2026.1.210.462, Flags: None
      - \\FEAP1313L\Users\edward.barreras\source\repos\LIVE\MIA SRC\lib\RCWF\2026.1.210.462\Telerik.WinControls.Themes.MaterialBlueGrey.dll
        ProductCode: RCWF, LicenseDate: 2026-02-10, ProductName: Telerik UI for WinForms, ProductVersion: 2026.1.210.462, Flags: None
      - \\FEAP1313L\Users\edward.barreras\source\repos\LIVE\MIA SRC\lib\RCWF\2026.1.210.462\Telerik.WinControls.Themes.MaterialPink.dll
        ProductCode: RCWF, LicenseDate: 2026-02-10, ProductName: Telerik UI for WinForms, ProductVersion: 2026.1.210.462, Flags: None
      - \\FEAP1313L\Users\edward.barreras\source\repos\LIVE\MIA SRC\lib\RCWF\2026.1.210.462\Telerik.WinControls.Themes.MaterialTeal.dll
        ProductCode: RCWF, LicenseDate: 2026-02-10, ProductName: Telerik UI for WinForms, ProductVersion: 2026.1.210.462, Flags: None
      - \\FEAP1313L\Users\edward.barreras\source\repos\LIVE\MIA SRC\lib\RCWF\2026.1.210.462\Telerik.WinControls.Themes.Office2007Black.dll
        ProductCode: RCWF, LicenseDate: 2026-02-10, ProductName: Telerik UI for WinForms, ProductVersion: 2026.1.210.462, Flags: None
      - \\FEAP1313L\Users\edward.barreras\source\repos\LIVE\MIA SRC\lib\RCWF\2026.1.210.462\Telerik.WinControls.Themes.Office2010Black.dll
        ProductCode: RCWF, LicenseDate: 2026-02-10, ProductName: Telerik UI for WinForms, ProductVersion: 2026.1.210.462, Flags: None
      - \\FEAP1313L\Users\edward.barreras\source\repos\LIVE\MIA SRC\lib\RCWF\2026.1.210.462\Telerik.WinControls.Themes.Office2010Blue.dll
        ProductCode: RCWF, LicenseDate: 2026-02-10, ProductName: Telerik UI for WinForms, ProductVersion: 2026.1.210.462, Flags: None
      - \\FEAP1313L\Users\edward.barreras\source\repos\LIVE\MIA SRC\lib\RCWF\2026.1.210.462\Telerik.WinControls.Themes.Office2010Silver.dll
        ProductCode: RCWF, LicenseDate: 2026-02-10, ProductName: Telerik UI for WinForms, ProductVersion: 2026.1.210.462, Flags: None
      - \\FEAP1313L\Users\edward.barreras\source\repos\LIVE\MIA SRC\lib\RCWF\2026.1.210.462\Telerik.WinControls.Themes.Office2013Dark.dll
        ProductCode: RCWF, LicenseDate: 2026-02-10, ProductName: Telerik UI for WinForms, ProductVersion: 2026.1.210.462, Flags: None
      - \\FEAP1313L\Users\edward.barreras\source\repos\LIVE\MIA SRC\lib\RCWF\2026.1.210.462\Telerik.WinControls.Themes.Office2013Light.dll
        ProductCode: RCWF, LicenseDate: 2026-02-10, ProductName: Telerik UI for WinForms, ProductVersion: 2026.1.210.462, Flags: None
      - \\FEAP1313L\Users\edward.barreras\source\repos\LIVE\MIA SRC\lib\RCWF\2026.1.210.462\Telerik.WinControls.Themes.TelerikMetroBlue.dll
        ProductCode: RCWF, LicenseDate: 2026-02-10, ProductName: Telerik UI for WinForms, ProductVersion: 2026.1.210.462, Flags: None
      - \\FEAP1313L\Users\edward.barreras\source\repos\LIVE\MIA SRC\lib\RCWF\2026.1.210.462\Telerik.WinControls.Themes.VisualStudio2012Dark.dll
        ProductCode: RCWF, LicenseDate: 2026-02-10, ProductName: Telerik UI for WinForms, ProductVersion: 2026.1.210.462, Flags: None
      - \\FEAP1313L\Users\edward.barreras\source\repos\LIVE\MIA SRC\lib\RCWF\2026.1.210.462\Telerik.WinControls.Themes.VisualStudio2012Light.dll
        ProductCode: RCWF, LicenseDate: 2026-02-10, ProductName: Telerik UI for WinForms, ProductVersion: 2026.1.210.462, Flags: None
      - \\FEAP1313L\Users\edward.barreras\source\repos\LIVE\MIA SRC\lib\RCWF\2026.1.210.462\Telerik.WinControls.Themes.Windows7.dll
        ProductCode: RCWF, LicenseDate: 2026-02-10, ProductName: Telerik UI for WinForms, ProductVersion: 2026.1.210.462, Flags: None
      - \\FEAP1313L\Users\edward.barreras\source\repos\LIVE\MIA SRC\lib\RCWF\2026.1.210.462\Telerik.WinControls.Themes.Windows8.dll
        ProductCode: RCWF, LicenseDate: 2026-02-10, ProductName: Telerik UI for WinForms, ProductVersion: 2026.1.210.462, Flags: None
      - \\FEAP1313L\Users\edward.barreras\source\repos\LIVE\MIA SRC\lib\RCWF\2026.1.210.462\Telerik.WinControls.UI.dll
        ProductCode: RCWF, LicenseDate: 2026-02-10, ProductName: Telerik UI for WinForms, ProductVersion: 2026.1.210.462, Flags: None
      - \\FEAP1313L\Users\edward.barreras\source\repos\LIVE\MIA SRC\lib\RCWF\2026.1.210.462\Telerik.Windows.Documents.Core.dll
        ProductCode: DPL, LicenseDate: 2026-02-10, Redistributed By: RCWPF, RCWF, MAUI, UIXAM, WINUI, RCAJAX, KENDOUIMVC, UIASPCORE, BLAZOR, ProductName: Telerik Document Processing Libraries, ProductVersion: 2026.1.210.462, Flags: None
      - \\FEAP1313L\Users\edward.barreras\source\repos\LIVE\MIA SRC\lib\RCWF\2026.1.210.462\Telerik.Windows.Documents.Fixed.dll
        ProductCode: DPL, LicenseDate: 2026-02-10, Redistributed By: RCWPF, RCWF, MAUI, UIXAM, WINUI, RCAJAX, KENDOUIMVC, UIASPCORE, BLAZOR, ProductName: Telerik Document Processing Libraries, ProductVersion: 2026.1.210.462, Flags: None
      - \\FEAP1313L\Users\edward.barreras\source\repos\LIVE\MIA SRC\lib\RCWF\2026.1.210.462\Telerik.Windows.Documents.Spreadsheet.dll
        ProductCode: DPL, LicenseDate: 2026-02-10, Redistributed By: RCWPF, RCWF, MAUI, UIXAM, WINUI, RCAJAX, KENDOUIMVC, UIASPCORE, BLAZOR, ProductName: Telerik Document Processing Libraries, ProductVersion: 2026.1.210.462, Flags: None
      - \\FEAP1313L\Users\edward.barreras\source\repos\LIVE\MIA SRC\lib\RCWF\2026.1.210.462\Telerik.Windows.Documents.Spreadsheet.FormatProviders.Pdf.dll
        ProductCode: DPL, LicenseDate: 2026-02-10, Redistributed By: RCWPF, RCWF, MAUI, UIXAM, WINUI, RCAJAX, KENDOUIMVC, UIASPCORE, BLAZOR, ProductName: Telerik Document Processing Libraries, ProductVersion: 2026.1.210.462, Flags: None
      - \\FEAP1313L\Users\edward.barreras\source\repos\LIVE\MIA SRC\lib\RCWF\2026.1.210.462\Telerik.Windows.Documents.Spreadsheet.FormatProviders.Xls.dll
        ProductCode: DPL, LicenseDate: 2026-02-10, Redistributed By: RCWPF, RCWF, MAUI, UIXAM, WINUI, RCAJAX, KENDOUIMVC, UIASPCORE, BLAZOR, ProductName: Telerik Document Processing Libraries, ProductVersion: 2026.1.210.462, Flags: None
      - \\FEAP1313L\Users\edward.barreras\source\repos\LIVE\MIA SRC\lib\RCWF\2026.1.210.462\Telerik.Windows.Zip.dll
        ProductCode: DPL, LicenseDate: 2026-02-10, Redistributed By: RCWPF, RCWF, MAUI, UIXAM, WINUI, RCAJAX, KENDOUIMVC, UIASPCORE, BLAZOR, ProductName: Telerik Document Processing Libraries, ProductVersion: 2026.1.210.462, Flags: None
      - \\FEAP1313L\Users\edward.barreras\source\repos\LIVE\MIA SRC\lib\RCWF\2026.1.210.462\TelerikCommon.dll
        ProductCode: RCWF, LicenseDate: 2026-02-10, ProductName: Telerik UI for WinForms, ProductVersion: 2026.1.210.462, Flags: None
      - \\FEAP1313L\Users\edward.barreras\source\repos\LIVE\MIA SRC\lib\RCWF\2026.1.210.462\TelerikExport.dll
        ProductCode: RCWF, LicenseDate: 2026-02-10, ProductName: Telerik UI for WinForms, ProductVersion: 2026.1.210.462, Flags: None
      Unique Products:
      - "Telerik Document Processing Libraries" (DPL) 2026.1.210.462 @2026-02-10
      - "Telerik UI for WinForms" (RCWF) 2026.1.210.462 @2026-02-10
      - "Telerik Reporting" (REPORTING) 19.1.25.521 @2025-05-21
      Found a total of 3 referenced Telerik products for 

[2026-03-23 13:29:17.388] [Low]   Provision Licensing
        Looking up license file...
        - EnvironmentVariablePath: TELERIK_LICENSE_PATH (NotAvailable)
        - EnvironmentVariable: TELERIK_LICENSE (NotAvailable)
        - EnvironmentVariable: KENDO_UI_LICENSE (NotAvailable)
        - RecursiveFilePath: \\FEAP1313L\Users\edward.barreras\source\repos\LIVE\MIA SRC\ERP\telerik-license.txt (NotAvailable)
        - RecursiveFilePath: \\FEAP1313L\Users\edward.barreras\source\repos\LIVE\MIA SRC\ERP\kendo-ui-license.txt (NotAvailable)
        - RecursiveFilePath: \\FEAP1313L\Users\edward.barreras\source\repos\LIVE\MIA SRC\telerik-license.txt (LicenseFound)
        - RecursiveFilePath: \\FEAP1313L\Users\edward.barreras\source\repos\LIVE\MIA SRC\kendo-ui-license.txt (Skip)
        - RecursiveFilePath: \\FEAP1313L\Users\edward.barreras\source\repos\LIVE\telerik-license.txt (Skip)
        - RecursiveFilePath: \\FEAP1313L\Users\edward.barreras\source\repos\LIVE\kendo-ui-license.txt (Skip)
        - RecursiveFilePath: \\FEAP1313L\Users\edward.barreras\source\repos\telerik-license.txt (Skip)
        - RecursiveFilePath: \\FEAP1313L\Users\edward.barreras\source\repos\kendo-ui-license.txt (Skip)
        - RecursiveFilePath: \\FEAP1313L\Users\edward.barreras\source\telerik-license.txt (Skip)
        - RecursiveFilePath: \\FEAP1313L\Users\edward.barreras\source\kendo-ui-license.txt (Skip)
        - RecursiveFilePath: \\FEAP1313L\Users\edward.barreras\telerik-license.txt (Skip)
        - RecursiveFilePath: \\FEAP1313L\Users\edward.barreras\kendo-ui-license.txt (Skip)
        - RecursiveFilePath: \\FEAP1313L\Users\telerik-license.txt (Skip)
        - RecursiveFilePath: \\FEAP1313L\Users\kendo-ui-license.txt (Skip)
        - UserDirectory: C:\Users\edward.barreras\AppData\Roaming\Telerik\telerik-license.txt (Skip)
        - UserDirectory: C:\Users\edward.barreras\AppData\Roaming\Telerik\kendo-ui-license.txt (Skip)
        LicenseKey
        - AUD: f***.m**@f***************.com
        - UsedId: ab69b8b5-c84c-45ed-8228-81dac868c759
        - LicenseId: e7eaafda-87c7-42d6-9ce6-49a541b8c4ed
        - IssuedAt: 1/20/2026 6:35:06 AM
        - Licenses
          0) Perpetual BLAZOR, expiration 9/25/2027 12:49:33 PM, type: 'perpetual'
          1) Perpetual JM, expiration 9/25/2027 12:49:33 PM, type: 'perpetual'
          2) Perpetual KENDOUIANGULAR, expiration 9/25/2027 12:49:33 PM, type: 'perpetual'
          3) Perpetual KENDOUICOMPLETE, expiration 9/25/2027 12:49:33 PM, type: 'perpetual'
          4) Perpetual KENDOUIMVC, expiration 9/25/2027 12:49:33 PM, type: 'perpetual'
          5) Perpetual KENDOUIREACT, expiration 9/25/2027 12:49:33 PM, type: 'perpetual'
          6) Perpetual KENDOUIVUE, expiration 9/25/2027 12:49:33 PM, type: 'perpetual'
          7) Perpetual MAUI, expiration 9/25/2027 12:49:33 PM, type: 'perpetual'
          8) Perpetual RCAJAX, expiration 9/25/2027 12:49:33 PM, type: 'perpetual'
          9) Perpetual RCWF, expiration 9/25/2027 12:49:33 PM, type: 'perpetual'
          10) Perpetual RCWPF, expiration 9/25/2027 12:49:33 PM, type: 'perpetual'
          11) Perpetual REPORTING, expiration 9/25/2027 12:49:33 PM, type: 'perpetual'
          12) Perpetual REPORTSERVER, expiration 9/25/2027 12:49:33 PM, type: 'perpetual'
          13) Perpetual UIASPCORE, expiration 9/25/2027 12:49:33 PM, type: 'perpetual'
          14) Perpetual UIXAM, expiration 2/19/2025 6:00:00 AM, type: 'perpetual'
          15) Perpetual WINUI, expiration 9/25/2027 12:49:33 PM, type: 'perpetual'
          16) Usage UserId: ab69b8b5-c84c-45ed-8228-81dac868c759, LicenseId: e7eaafda-87c7-42d6-9ce6-49a541b8c4ed, type: 'usage'

[2026-03-23 13:29:17.403] [Low]   License Resolution
        Messages
          - License OK for "Telerik UI for WinForms" (RCWF) 2026.1.210.462 @2026-02-10 - Perpetual, valid until 2027-09-25.
          - License OK for "Telerik Reporting" (REPORTING) 19.1.25.521 @2025-05-21 - Perpetual, valid until 2027-09-25.
          - License OK for "Telerik Document Processing Libraries" (DPL) 2026.1.210.462 @2026-02-10 - Perpetual for RCWF, valid until 2027-09-25.
        JWTs
          - eyJhbGciOiJSUzI1NiIsInR5cCI6IlRlbGVyaWsgTGljZW5zZSBFdmlkZW5jZSJ9.eyJjb2RlIjoiUkNXRiIsInR5cGUiOiJwZXJwZXR1YWwiLCJleHBpcmF0aW9uIjoxODIxODc2NTczLCJ1c2VySWQiOiJhYjY5YjhiNS1jODRjLTQ1ZWQtODIyOC04MWRhYzg2OGM3NTkiLCJsaWNlbnNlSWQiOiJlN2VhYWZkYS04N2M3LTQyZDYtOWNlNi00OWE1NDFiOGM0ZWQifQ.H8sxX5O2T3i22Uhy0PFV3YDo-lS1iHVocWX9Eu-82PheI3XbKMkEr7QiChWfuNwS9afgR7PMGy4_nx9HXRV5V9cRQ1zWvIkJsG2EbadPtKlygaAkCh-FXSRVflm3WITNHIAYfazZa26sHSnqBW_XRbH3o0GQkqVYkLlxLuLuKa4M7LlA1KtQZcVFhOH2oaXQoxfrkUMQxNFCz0JdI76T1YJNrAwxpXri8KUzfoDwKhY-IhN-bU25hJs19yGvWykTuZqrZ3lv603aQkaCaPnlF_tHROsmC7nbV4aaxaSHRF1PVD5lqsAhkA5OdGmqH8Kq9F5mhRXVVwYWf3WBcxZKkg
          - eyJhbGciOiJSUzI1NiIsInR5cCI6IlRlbGVyaWsgTGljZW5zZSBFdmlkZW5jZSJ9.eyJjb2RlIjoiUkVQT1JUSU5HIiwidHlwZSI6InBlcnBldHVhbCIsImV4cGlyYXRpb24iOjE4MjE4NzY1NzMsInVzZXJJZCI6ImFiNjliOGI1LWM4NGMtNDVlZC04MjI4LTgxZGFjODY4Yzc1OSIsImxpY2Vuc2VJZCI6ImU3ZWFhZmRhLTg3YzctNDJkNi05Y2U2LTQ5YTU0MWI4YzRlZCJ9.vMdezVVvhtRG-iThgXrXFDyr8L394y38spuHWK9Cyc_b9XZ2iHzEwyT9dLgOqBfvEQM3-GKFcOW6O4-_SSwoIjNhm9paVKSVEmeonMfEOgZjOXuqYFCrXmegYUefJNkHmL6P9cB0CPtA_PThVXqg_RGtCMGEoTW_ISG2ymjLnKXwuGf3uQoTxYWCmdBVMAeZHBlzpUh7aJ78fWmWbIvGf_jrykaFhCaWML2yJHyAjHIH1uzf088pGqdOeDvhBQsIva3Hg0KPLptC4ZqxkkVyYHFvvqFgwwkv8O3ex6Df238honjg-11aXIid1Ad6SSsrqEuKqHBUF__HbdhN0AvfLg
        Licenses
          - License OK for "Telerik UI for WinForms" (RCWF) 2026.1.210.462 @2026-02-10 - Perpetual, valid until 2027-09-25.
          - License OK for "Telerik Reporting" (REPORTING) 19.1.25.521 @2025-05-21 - Perpetual, valid until 2027-09-25.
          - License OK for "Telerik Document Processing Libraries" (DPL) 2026.1.210.462 @2026-02-10 - Perpetual for RCWF, valid until 2027-09-25.

[2026-03-23 13:29:17.413] [Low] OutputType: WinExe, ImportXamlTargets: True
[2026-03-23 13:29:17.431] [Low] 
      Call-Home Telerik Products (3 for )
      - "Telerik UI for WinForms" (RCWF) 2026.1.210
      - "DPL" (DPL) 2026.1.210
      - "Telerik Reporting" (REPORTING) 19.1.25

[2026-03-23 13:29:17.431] [Low] 
[2026-03-23 13:29:17.436] [Low] 
      Call-Home Telerik Features (0 for )

[2026-03-23 13:29:17.436] [Low] 
[2026-03-23 13:29:17.505] [Low]   Report Telerik.Licensing
        UserId: ab69b8b5-c84c-45ed-8228-81dac868c759
        LicenseId: e7eaafda-87c7-42d6-9ce6-49a541b8c4ed
        Products
        - LicenseUsed RCWF 2026.1.210.462 SKIPPED
        - LicenseUsed REPORTING 19.1.25.521 SKIPPED
        - LicenseUsed DPL 2026.1.210.462 SKIPPED
      Report finished in 00:00:00.0583629

[2026-03-23 13:29:17.507] [Low]   Sending Telemetry...
[2026-03-23 13:29:17.537] [Low]   Metrics done 00:00:00.0294683
[2026-03-23 13:29:17.541] [Normal] Resolve Telerik Products. Done (00:00:01.6646464) for 
[2026-03-23 14:05:32.763] [Normal] Resolve Telerik Products.
  MSBuildProjectName=2
  MSBuildProjectDirectory=\\FEAP1313L\Users\edward.barreras\source\repos\LIVE\MIA SRC\ERP
  MSBuildProjectExtension=.vbproj
  Language=VB
  OutputPath=bin\Debug\
  Platform=AnyCPU
  TargetFramework=
  TargetFrameworks=
  TargetFrameworkVersion=v4.8
  VisualStudioVersion=17.0
  UsingMicrosoftNETSdk=
  UsingMicrosoftNETSdkRazor=
  UsingMicrosoftNETSdkWeb=
  ImportXamlTargets=True
  OutputType=WinExe
  UseMaui=
  NuGetPackageRoot=

  PackageReferences
  ReferencePaths
  - BouncyCastle.Crypto.dll 1.8.3 at \\FEAP1313L\Users\edward.barreras\source\repos\LIVE\MIA SRC\packages\BouncyCastle.1.8.3.1\lib\BouncyCastle.Crypto.dll
  - BouncyCastle.Cryptography.dll 2.5.1 at \\FEAP1313L\Users\edward.barreras\source\repos\LIVE\MIA SRC\packages\BouncyCastle.Cryptography.2.5.1\lib\net461\BouncyCastle.Cryptography.dll
  - ClosedXML.dll 0.96.0 at \\FEAP1313L\Users\edward.barreras\source\repos\LIVE\MIA SRC\packages\ClosedXML.0.96.0\lib\net40\ClosedXML.dll
  - DocumentFormat.OpenXml.dll 2.16.0 at \\FEAP1313L\Users\edward.barreras\source\repos\LIVE\MIA SRC\packages\DocumentFormat.OpenXml.2.16.0\lib\net40\DocumentFormat.OpenXml.dll
  - ExcelNumberFormat.dll 1.1.0 at \\FEAP1313L\Users\edward.barreras\source\repos\LIVE\MIA SRC\packages\ExcelNumberFormat.1.1.0\lib\net20\ExcelNumberFormat.dll
  - FEAPNS.dll 1.0.0 at \\FEAP1313L\Users\edward.barreras\source\repos\LIVE\MIA SRC\ERP\bin\Debug\FEAPNS.dll
  - Gma.QrCodeNet.Encoding.dll 0.4.1 at \\FEAP1313L\Users\edward.barreras\source\repos\LIVE\MIA SRC\packages\Gma.QrCodeNet.0.4.1.2\lib\net40\Gma.QrCodeNet.Encoding.dll
  - Google.Protobuf.dll 3.30.0 at \\FEAP1313L\Users\edward.barreras\source\repos\LIVE\MIA SRC\packages\Google.Protobuf.3.30.0\lib\net45\Google.Protobuf.dll
  - K4os.Compression.LZ4.dll 1.3.8 at \\FEAP1313L\Users\edward.barreras\source\repos\LIVE\MIA SRC\packages\K4os.Compression.LZ4.1.3.8\lib\net462\K4os.Compression.LZ4.dll
  - K4os.Compression.LZ4.Streams.dll 1.3.8 at \\FEAP1313L\Users\edward.barreras\source\repos\LIVE\MIA SRC\packages\K4os.Compression.LZ4.Streams.1.3.8\lib\net462\K4os.Compression.LZ4.Streams.dll
  - K4os.Hash.xxHash.dll 1.0.8 at \\FEAP1313L\Users\edward.barreras\source\repos\LIVE\MIA SRC\packages\K4os.Hash.xxHash.1.0.8\lib\net462\K4os.Hash.xxHash.dll
  - MIA-Linq.dll 1.0.0 at \\FEAP1313L\Users\edward.barreras\source\repos\LIVE\MIA SRC\ERP\bin\Debug\MIA-Linq.dll
  - MIA-Report.dll 1.0.0 at \\FEAP1313L\Users\edward.barreras\source\repos\LIVE\MIA SRC\ERP\bin\Debug\MIA-Report.dll
  - Microsoft.Bcl.AsyncInterfaces.dll 5.0.0 at \\FEAP1313L\Users\edward.barreras\source\repos\LIVE\MIA SRC\packages\Microsoft.Bcl.AsyncInterfaces.5.0.0\lib\net461\Microsoft.Bcl.AsyncInterfaces.dll
  - Microsoft.CSharp.dll 4.8.3761 at C:\Program Files (x86)\Reference Assemblies\Microsoft\Framework\.NETFramework\v4.8\Microsoft.CSharp.dll
  - MySql.Data.dll 9.4.0 at \\FEAP1313L\Users\edward.barreras\source\repos\LIVE\MIA SRC\packages\MySql.Data.9.4.0\lib\net48\MySql.Data.dll
  - Newtonsoft.Json.dll 13.0.3 at \\FEAP1313L\Users\edward.barreras\source\repos\LIVE\MIA SRC\packages\Newtonsoft.Json.13.0.3\lib\net45\Newtonsoft.Json.dll
  - SRCDailyReportv2.dll 1.0.0 at \\FEAP1313L\Users\edward.barreras\source\repos\LIVE\MIA SRC\ERP\bin\Debug\SRCDailyReportv2.dll
  - System.Buffers.dll 4.6.28619 at \\FEAP1313L\Users\edward.barreras\source\repos\LIVE\MIA SRC\packages\System.Buffers.4.5.1\lib\net461\System.Buffers.dll
  - System.ComponentModel.DataAnnotations.dll 4.8.3761 at C:\Program Files (x86)\Reference Assemblies\Microsoft\Framework\.NETFramework\v4.8\System.ComponentModel.DataAnnotations.dll
  - System.ComponentModel.dll 4.8.3761 at C:\Program Files (x86)\Reference Assemblies\Microsoft\Framework\.NETFramework\v4.8\Facades\System.ComponentModel.dll
  - System.Configuration.ConfigurationManager.dll 8.0.0 at \\FEAP1313L\Users\edward.barreras\source\repos\LIVE\MIA SRC\packages\System.Configuration.ConfigurationManager.8.0.0\lib\net462\System.Configuration.ConfigurationManager.dll
  - System.Configuration.dll 4.8.3761 at C:\Program Files (x86)\Reference Assemblies\Microsoft\Framework\.NETFramework\v4.8\System.Configuration.dll
  - System.Configuration.Install.dll 4.8.3761 at C:\Program Files (x86)\Reference Assemblies\Microsoft\Framework\.NETFramework\v4.8\System.Configuration.Install.dll
  - System.Core.dll 4.8.3761 at C:\Program Files (x86)\Reference Assemblies\Microsoft\Framework\.NETFramework\v4.8\System.Core.dll
  - System.Data.DataSetExtensions.dll 4.8.3761 at C:\Program Files (x86)\Reference Assemblies\Microsoft\Framework\.NETFramework\v4.8\System.Data.DataSetExtensions.dll
  - System.Data.dll 4.8.3761 at C:\Program Files (x86)\Reference Assemblies\Microsoft\Framework\.NETFramework\v4.8\System.Data.dll
  - System.Data.OleDb.dll 9.0.2 at \\FEAP1313L\Users\edward.barreras\source\repos\LIVE\MIA SRC\packages\System.Data.OleDb.9.0.2\lib\net462\System.Data.OleDb.dll
  - System.Deployment.dll 4.8.3761 at C:\Program Files (x86)\Reference Assemblies\Microsoft\Framework\.NETFramework\v4.8\System.Deployment.dll
  - System.Diagnostics.DiagnosticSource.dll 8.0.4 at \\FEAP1313L\Users\edward.barreras\source\repos\LIVE\MIA SRC\packages\System.Diagnostics.DiagnosticSource.8.0.1\lib\net462\System.Diagnostics.DiagnosticSource.dll
  - System.dll 4.8.3761 at C:\Program Files (x86)\Reference Assemblies\Microsoft\Framework\.NETFramework\v4.8\System.dll
  - System.Drawing.Design.dll 4.8.3761 at C:\Program Files (x86)\Reference Assemblies\Microsoft\Framework\.NETFramework\v4.8\System.Drawing.Design.dll
  - System.Drawing.dll 4.8.3761 at C:\Program Files (x86)\Reference Assemblies\Microsoft\Framework\.NETFramework\v4.8\System.Drawing.dll
  - System.IO.Pipelines.dll 5.0.15 at \\FEAP1313L\Users\edward.barreras\source\repos\LIVE\MIA SRC\packages\System.IO.Pipelines.5.0.2\lib\net461\System.IO.Pipelines.dll
  - System.Management.dll 4.8.3761 at C:\Program Files (x86)\Reference Assemblies\Microsoft\Framework\.NETFramework\v4.8\System.Management.dll
  - System.Memory.dll 4.6.31308 at \\FEAP1313L\Users\edward.barreras\source\repos\LIVE\MIA SRC\packages\System.Memory.4.5.5\lib\net461\System.Memory.dll
  - System.Messaging.dll 4.8.3761 at C:\Program Files (x86)\Reference Assemblies\Microsoft\Framework\.NETFramework\v4.8\System.Messaging.dll
  - System.Net.Http.Formatting.dll 5.2.7 at C:\Program Files\Microsoft Visual Studio\2022\Community\Common7\IDE\PublicAssemblies\System.Net.Http.Formatting.dll
  - System.Numerics.dll 4.8.3761 at C:\Program Files (x86)\Reference Assemblies\Microsoft\Framework\.NETFramework\v4.8\System.Numerics.dll
  - System.Numerics.Vectors.dll 4.6.26515 at \\FEAP1313L\Users\edward.barreras\source\repos\LIVE\MIA SRC\packages\System.Numerics.Vectors.4.5.0\lib\net46\System.Numerics.Vectors.dll
  - System.Runtime.CompilerServices.Unsafe.dll 6.1.0 at \\FEAP1313L\Users\edward.barreras\source\repos\LIVE\MIA SRC\packages\System.Runtime.CompilerServices.Unsafe.6.1.0\lib\net462\System.Runtime.CompilerServices.Unsafe.dll
  - System.Threading.Tasks.Extensions.dll 4.6.0 at \\FEAP1313L\Users\edward.barreras\source\repos\LIVE\MIA SRC\packages\System.Threading.Tasks.Extensions.4.6.0\lib\net462\System.Threading.Tasks.Extensions.dll
  - System.Transactions.dll 4.8.3761 at C:\Program Files (x86)\Reference Assemblies\Microsoft\Framework\.NETFramework\v4.8\System.Transactions.dll
  - System.Web.Extensions.dll 4.8.3761 at C:\Program Files (x86)\Reference Assemblies\Microsoft\Framework\.NETFramework\v4.8\System.Web.Extensions.dll
  - System.Windows.Forms.dll 4.8.3761 at C:\Program Files (x86)\Reference Assemblies\Microsoft\Framework\.NETFramework\v4.8\System.Windows.Forms.dll
  - System.Xml.dll 4.8.3761 at C:\Program Files (x86)\Reference Assemblies\Microsoft\Framework\.NETFramework\v4.8\System.Xml.dll
  - System.Xml.Linq.dll 4.8.3761 at C:\Program Files (x86)\Reference Assemblies\Microsoft\Framework\.NETFramework\v4.8\System.Xml.Linq.dll
  - Telerik.Documents.SpreadsheetStreaming.dll 2026.1.210 at \\FEAP1313L\Users\edward.barreras\source\repos\LIVE\MIA SRC\lib\RCWF\2026.1.210.462\Telerik.Documents.SpreadsheetStreaming.dll
  - Telerik.Licensing.Runtime.dll 1.8.2 at \\FEAP1313L\Users\edward.barreras\source\repos\LIVE\MIA SRC\packages\Telerik.Licensing.1.8.2\lib\net462\Telerik.Licensing.Runtime.dll
  - Telerik.Reporting.dll 19.1.25 at \\FEAP1313L\Users\edward.barreras\source\repos\LIVE\MIA SRC\ERP\bin\Debug\Telerik.Reporting.dll
  - Telerik.Reporting.Services.HttpClient.dll 19.1.25 at \\FEAP1313L\Users\edward.barreras\source\repos\LIVE\MIA SRC\ERP\bin\Debug\Telerik.Reporting.Services.HttpClient.dll
  - Telerik.Reporting.Services.ServiceStack.dll 19.1.25 at \\FEAP1313L\Users\edward.barreras\source\repos\LIVE\MIA SRC\ERP\bin\Debug\Telerik.Reporting.Services.ServiceStack.dll
  - Telerik.ReportViewer.WinForms.dll 19.1.25 at \\FEAP1313L\Users\edward.barreras\source\repos\LIVE\MIA SRC\ERP\bin\Debug\Telerik.ReportViewer.WinForms.dll
  - Telerik.ReportViewer.Wpf.dll 19.1.25 at \\FEAP1313L\Users\edward.barreras\source\repos\LIVE\MIA SRC\ERP\bin\Debug\Telerik.ReportViewer.Wpf.dll
  - Telerik.WinControls.dll 2026.1.210 at \\FEAP1313L\Users\edward.barreras\source\repos\LIVE\MIA SRC\lib\RCWF\2026.1.210.462\Telerik.WinControls.dll
  - Telerik.WinControls.GridView.dll 2026.1.210 at \\FEAP1313L\Users\edward.barreras\source\repos\LIVE\MIA SRC\lib\RCWF\2026.1.210.462\Telerik.WinControls.GridView.dll
  - Telerik.WinControls.RadDock.dll 2026.1.210 at \\FEAP1313L\Users\edward.barreras\source\repos\LIVE\MIA SRC\lib\RCWF\2026.1.210.462\Telerik.WinControls.RadDock.dll
  - Telerik.WinControls.Themes.Aqua.dll 2026.1.210 at \\FEAP1313L\Users\edward.barreras\source\repos\LIVE\MIA SRC\lib\RCWF\2026.1.210.462\Telerik.WinControls.Themes.Aqua.dll
  - Telerik.WinControls.Themes.Breeze.dll 2026.1.210 at \\FEAP1313L\Users\edward.barreras\source\repos\LIVE\MIA SRC\lib\RCWF\2026.1.210.462\Telerik.WinControls.Themes.Breeze.dll
  - Telerik.WinControls.Themes.Crystal.dll 2026.1.210 at \\FEAP1313L\Users\edward.barreras\source\repos\LIVE\MIA SRC\lib\RCWF\2026.1.210.462\Telerik.WinControls.Themes.Crystal.dll
  - Telerik.WinControls.Themes.CrystalDark.dll 2026.1.210 at \\FEAP1313L\Users\edward.barreras\source\repos\LIVE\MIA SRC\lib\RCWF\2026.1.210.462\Telerik.WinControls.Themes.CrystalDark.dll
  - Telerik.WinControls.Themes.Desert.dll 2026.1.210 at \\FEAP1313L\Users\edward.barreras\source\repos\LIVE\MIA SRC\lib\RCWF\2026.1.210.462\Telerik.WinControls.Themes.Desert.dll
  - Telerik.WinControls.Themes.Fluent.dll 2026.1.210 at \\FEAP1313L\Users\edward.barreras\source\repos\LIVE\MIA SRC\lib\RCWF\2026.1.210.462\Telerik.WinControls.Themes.Fluent.dll
  - Telerik.WinControls.Themes.FluentDark.dll 2026.1.210 at \\FEAP1313L\Users\edward.barreras\source\repos\LIVE\MIA SRC\lib\RCWF\2026.1.210.462\Telerik.WinControls.Themes.FluentDark.dll
  - Telerik.WinControls.Themes.HighContrastBlack.dll 2026.1.210 at \\FEAP1313L\Users\edward.barreras\source\repos\LIVE\MIA SRC\lib\RCWF\2026.1.210.462\Telerik.WinControls.Themes.HighContrastBlack.dll
  - Telerik.WinControls.Themes.Material.dll 2026.1.210 at \\FEAP1313L\Users\edward.barreras\source\repos\LIVE\MIA SRC\lib\RCWF\2026.1.210.462\Telerik.WinControls.Themes.Material.dll
  - Telerik.WinControls.Themes.MaterialBlueGrey.dll 2026.1.210 at \\FEAP1313L\Users\edward.barreras\source\repos\LIVE\MIA SRC\lib\RCWF\2026.1.210.462\Telerik.WinControls.Themes.MaterialBlueGrey.dll
  - Telerik.WinControls.Themes.MaterialPink.dll 2026.1.210 at \\FEAP1313L\Users\edward.barreras\source\repos\LIVE\MIA SRC\lib\RCWF\2026.1.210.462\Telerik.WinControls.Themes.MaterialPink.dll
  - Telerik.WinControls.Themes.MaterialTeal.dll 2026.1.210 at \\FEAP1313L\Users\edward.barreras\source\repos\LIVE\MIA SRC\lib\RCWF\2026.1.210.462\Telerik.WinControls.Themes.MaterialTeal.dll
  - Telerik.WinControls.Themes.Office2007Black.dll 2026.1.210 at \\FEAP1313L\Users\edward.barreras\source\repos\LIVE\MIA SRC\lib\RCWF\2026.1.210.462\Telerik.WinControls.Themes.Office2007Black.dll
  - Telerik.WinControls.Themes.Office2010Black.dll 2026.1.210 at \\FEAP1313L\Users\edward.barreras\source\repos\LIVE\MIA SRC\lib\RCWF\2026.1.210.462\Telerik.WinControls.Themes.Office2010Black.dll
  - Telerik.WinControls.Themes.Office2010Blue.dll 2026.1.210 at \\FEAP1313L\Users\edward.barreras\source\repos\LIVE\MIA SRC\lib\RCWF\2026.1.210.462\Telerik.WinControls.Themes.Office2010Blue.dll
  - Telerik.WinControls.Themes.Office2010Silver.dll 2026.1.210 at \\FEAP1313L\Users\edward.barreras\source\repos\LIVE\MIA SRC\lib\RCWF\2026.1.210.462\Telerik.WinControls.Themes.Office2010Silver.dll
  - Telerik.WinControls.Themes.Office2013Dark.dll 2026.1.210 at \\FEAP1313L\Users\edward.barreras\source\repos\LIVE\MIA SRC\lib\RCWF\2026.1.210.462\Telerik.WinControls.Themes.Office2013Dark.dll
  - Telerik.WinControls.Themes.Office2013Light.dll 2026.1.210 at \\FEAP1313L\Users\edward.barreras\source\repos\LIVE\MIA SRC\lib\RCWF\2026.1.210.462\Telerik.WinControls.Themes.Office2013Light.dll
  - Telerik.WinControls.Themes.TelerikMetroBlue.dll 2026.1.210 at \\FEAP1313L\Users\edward.barreras\source\repos\LIVE\MIA SRC\lib\RCWF\2026.1.210.462\Telerik.WinControls.Themes.TelerikMetroBlue.dll
  - Telerik.WinControls.Themes.VisualStudio2012Dark.dll 2026.1.210 at \\FEAP1313L\Users\edward.barreras\source\repos\LIVE\MIA SRC\lib\RCWF\2026.1.210.462\Telerik.WinControls.Themes.VisualStudio2012Dark.dll
  - Telerik.WinControls.Themes.VisualStudio2012Light.dll 2026.1.210 at \\FEAP1313L\Users\edward.barreras\source\repos\LIVE\MIA SRC\lib\RCWF\2026.1.210.462\Telerik.WinControls.Themes.VisualStudio2012Light.dll
  - Telerik.WinControls.Themes.Windows7.dll 2026.1.210 at \\FEAP1313L\Users\edward.barreras\source\repos\LIVE\MIA SRC\lib\RCWF\2026.1.210.462\Telerik.WinControls.Themes.Windows7.dll
  - Telerik.WinControls.Themes.Windows8.dll 2026.1.210 at \\FEAP1313L\Users\edward.barreras\source\repos\LIVE\MIA SRC\lib\RCWF\2026.1.210.462\Telerik.WinControls.Themes.Windows8.dll
  - Telerik.WinControls.UI.dll 2026.1.210 at \\FEAP1313L\Users\edward.barreras\source\repos\LIVE\MIA SRC\lib\RCWF\2026.1.210.462\Telerik.WinControls.UI.dll
  - Telerik.Windows.Documents.Core.dll 2026.1.210 at \\FEAP1313L\Users\edward.barreras\source\repos\LIVE\MIA SRC\lib\RCWF\2026.1.210.462\Telerik.Windows.Documents.Core.dll
  - Telerik.Windows.Documents.Fixed.dll 2026.1.210 at \\FEAP1313L\Users\edward.barreras\source\repos\LIVE\MIA SRC\lib\RCWF\2026.1.210.462\Telerik.Windows.Documents.Fixed.dll
  - Telerik.Windows.Documents.Spreadsheet.dll 2026.1.210 at \\FEAP1313L\Users\edward.barreras\source\repos\LIVE\MIA SRC\lib\RCWF\2026.1.210.462\Telerik.Windows.Documents.Spreadsheet.dll
  - Telerik.Windows.Documents.Spreadsheet.FormatProviders.OpenXml.dll 2026.1.210 at \\FEAP1313L\Users\edward.barreras\source\repos\LIVE\MIA SRC\lib\RCWF\2026.1.210.462\Telerik.Windows.Documents.Spreadsheet.FormatProviders.OpenXml.dll
  - Telerik.Windows.Documents.Spreadsheet.FormatProviders.Pdf.dll 2026.1.210 at \\FEAP1313L\Users\edward.barreras\source\repos\LIVE\MIA SRC\lib\RCWF\2026.1.210.462\Telerik.Windows.Documents.Spreadsheet.FormatProviders.Pdf.dll
  - Telerik.Windows.Documents.Spreadsheet.FormatProviders.Xls.dll 2026.1.210 at \\FEAP1313L\Users\edward.barreras\source\repos\LIVE\MIA SRC\lib\RCWF\2026.1.210.462\Telerik.Windows.Documents.Spreadsheet.FormatProviders.Xls.dll
  - Telerik.Windows.Zip.dll 2026.1.210 at \\FEAP1313L\Users\edward.barreras\source\repos\LIVE\MIA SRC\lib\RCWF\2026.1.210.462\Telerik.Windows.Zip.dll
  - TelerikCommon.dll 2026.1.210 at \\FEAP1313L\Users\edward.barreras\source\repos\LIVE\MIA SRC\lib\RCWF\2026.1.210.462\TelerikCommon.dll
  - TelerikExport.dll 2026.1.210 at \\FEAP1313L\Users\edward.barreras\source\repos\LIVE\MIA SRC\lib\RCWF\2026.1.210.462\TelerikExport.dll
  - Ubiety.Dns.Core.dll 2.2.1 at \\FEAP1313L\Users\edward.barreras\source\repos\LIVE\MIA SRC\ERP\bin\Debug\Ubiety.Dns.Core.dll
  - WindowsBase.dll 4.8.3761 at C:\Program Files (x86)\Reference Assemblies\Microsoft\Framework\.NETFramework\v4.8\WindowsBase.dll
  - ZstdSharp.dll 0.8.5 at \\FEAP1313L\Users\edward.barreras\source\repos\LIVE\MIA SRC\packages\ZstdSharp.Port.0.8.5\lib\net462\ZstdSharp.dll
  MachineId=2xQjveFWQf4bUNzPt3x/SIfuym0=

[2026-03-23 14:05:33.374] [Low]   Looking for Telerik product metadata in referenced assemblies
      - \\FEAP1313L\Users\edward.barreras\source\repos\LIVE\MIA SRC\lib\RCWF\2026.1.210.462\Telerik.Documents.SpreadsheetStreaming.dll
        ProductCode: DPL, LicenseDate: 2026-02-10, Redistributed By: RCWPF, RCWF, MAUI, UIXAM, WINUI, RCAJAX, KENDOUIMVC, UIASPCORE, BLAZOR, ProductName: Telerik Document Processing Libraries, ProductVersion: 2026.1.210.462, Flags: None
      - \\FEAP1313L\Users\edward.barreras\source\repos\LIVE\MIA SRC\ERP\bin\Debug\Telerik.Reporting.dll
        ProductCode: REPORTING, LicenseDate: 2025-05-21, ProductName: Telerik Reporting, ProductVersion: 19.1.25.521, Flags: None
      - \\FEAP1313L\Users\edward.barreras\source\repos\LIVE\MIA SRC\lib\RCWF\2026.1.210.462\Telerik.WinControls.dll
        ProductCode: RCWF, LicenseDate: 2026-02-10, ProductName: Telerik UI for WinForms, ProductVersion: 2026.1.210.462, Flags: None
      - \\FEAP1313L\Users\edward.barreras\source\repos\LIVE\MIA SRC\lib\RCWF\2026.1.210.462\Telerik.WinControls.GridView.dll
        ProductCode: RCWF, LicenseDate: 2026-02-10, ProductName: Telerik UI for WinForms, ProductVersion: 2026.1.210.462, Flags: None
      - \\FEAP1313L\Users\edward.barreras\source\repos\LIVE\MIA SRC\lib\RCWF\2026.1.210.462\Telerik.WinControls.RadDock.dll
        ProductCode: RCWF, LicenseDate: 2026-02-10, ProductName: Telerik UI for WinForms, ProductVersion: 2026.1.210.462, Flags: None
      - \\FEAP1313L\Users\edward.barreras\source\repos\LIVE\MIA SRC\lib\RCWF\2026.1.210.462\Telerik.WinControls.Themes.Aqua.dll
        ProductCode: RCWF, LicenseDate: 2026-02-10, ProductName: Telerik UI for WinForms, ProductVersion: 2026.1.210.462, Flags: None
      - \\FEAP1313L\Users\edward.barreras\source\repos\LIVE\MIA SRC\lib\RCWF\2026.1.210.462\Telerik.WinControls.Themes.Breeze.dll
        ProductCode: RCWF, LicenseDate: 2026-02-10, ProductName: Telerik UI for WinForms, ProductVersion: 2026.1.210.462, Flags: None
      - \\FEAP1313L\Users\edward.barreras\source\repos\LIVE\MIA SRC\lib\RCWF\2026.1.210.462\Telerik.WinControls.Themes.Crystal.dll
        ProductCode: RCWF, LicenseDate: 2026-02-10, ProductName: Telerik UI for WinForms, ProductVersion: 2026.1.210.462, Flags: None
      - \\FEAP1313L\Users\edward.barreras\source\repos\LIVE\MIA SRC\lib\RCWF\2026.1.210.462\Telerik.WinControls.Themes.CrystalDark.dll
        ProductCode: RCWF, LicenseDate: 2026-02-10, ProductName: Telerik UI for WinForms, ProductVersion: 2026.1.210.462, Flags: None
      - \\FEAP1313L\Users\edward.barreras\source\repos\LIVE\MIA SRC\lib\RCWF\2026.1.210.462\Telerik.WinControls.Themes.Desert.dll
        ProductCode: RCWF, LicenseDate: 2026-02-10, ProductName: Telerik UI for WinForms, ProductVersion: 2026.1.210.462, Flags: None
      - \\FEAP1313L\Users\edward.barreras\source\repos\LIVE\MIA SRC\lib\RCWF\2026.1.210.462\Telerik.WinControls.Themes.Fluent.dll
        ProductCode: RCWF, LicenseDate: 2026-02-10, ProductName: Telerik UI for WinForms, ProductVersion: 2026.1.210.462, Flags: None
      - \\FEAP1313L\Users\edward.barreras\source\repos\LIVE\MIA SRC\lib\RCWF\2026.1.210.462\Telerik.WinControls.Themes.FluentDark.dll
        ProductCode: RCWF, LicenseDate: 2026-02-10, ProductName: Telerik UI for WinForms, ProductVersion: 2026.1.210.462, Flags: None
      - \\FEAP1313L\Users\edward.barreras\source\repos\LIVE\MIA SRC\lib\RCWF\2026.1.210.462\Telerik.WinControls.Themes.HighContrastBlack.dll
        ProductCode: RCWF, LicenseDate: 2026-02-10, ProductName: Telerik UI for WinForms, ProductVersion: 2026.1.210.462, Flags: None
      - \\FEAP1313L\Users\edward.barreras\source\repos\LIVE\MIA SRC\lib\RCWF\2026.1.210.462\Telerik.WinControls.Themes.Material.dll
        ProductCode: RCWF, LicenseDate: 2026-02-10, ProductName: Telerik UI for WinForms, ProductVersion: 2026.1.210.462, Flags: None
      - \\FEAP1313L\Users\edward.barreras\source\repos\LIVE\MIA SRC\lib\RCWF\2026.1.210.462\Telerik.WinControls.Themes.MaterialBlueGrey.dll
        ProductCode: RCWF, LicenseDate: 2026-02-10, ProductName: Telerik UI for WinForms, ProductVersion: 2026.1.210.462, Flags: None
      - \\FEAP1313L\Users\edward.barreras\source\repos\LIVE\MIA SRC\lib\RCWF\2026.1.210.462\Telerik.WinControls.Themes.MaterialPink.dll
        ProductCode: RCWF, LicenseDate: 2026-02-10, ProductName: Telerik UI for WinForms, ProductVersion: 2026.1.210.462, Flags: None
      - \\FEAP1313L\Users\edward.barreras\source\repos\LIVE\MIA SRC\lib\RCWF\2026.1.210.462\Telerik.WinControls.Themes.MaterialTeal.dll
        ProductCode: RCWF, LicenseDate: 2026-02-10, ProductName: Telerik UI for WinForms, ProductVersion: 2026.1.210.462, Flags: None
      - \\FEAP1313L\Users\edward.barreras\source\repos\LIVE\MIA SRC\lib\RCWF\2026.1.210.462\Telerik.WinControls.Themes.Office2007Black.dll
        ProductCode: RCWF, LicenseDate: 2026-02-10, ProductName: Telerik UI for WinForms, ProductVersion: 2026.1.210.462, Flags: None
      - \\FEAP1313L\Users\edward.barreras\source\repos\LIVE\MIA SRC\lib\RCWF\2026.1.210.462\Telerik.WinControls.Themes.Office2010Black.dll
        ProductCode: RCWF, LicenseDate: 2026-02-10, ProductName: Telerik UI for WinForms, ProductVersion: 2026.1.210.462, Flags: None
      - \\FEAP1313L\Users\edward.barreras\source\repos\LIVE\MIA SRC\lib\RCWF\2026.1.210.462\Telerik.WinControls.Themes.Office2010Blue.dll
        ProductCode: RCWF, LicenseDate: 2026-02-10, ProductName: Telerik UI for WinForms, ProductVersion: 2026.1.210.462, Flags: None
      - \\FEAP1313L\Users\edward.barreras\source\repos\LIVE\MIA SRC\lib\RCWF\2026.1.210.462\Telerik.WinControls.Themes.Office2010Silver.dll
        ProductCode: RCWF, LicenseDate: 2026-02-10, ProductName: Telerik UI for WinForms, ProductVersion: 2026.1.210.462, Flags: None
      - \\FEAP1313L\Users\edward.barreras\source\repos\LIVE\MIA SRC\lib\RCWF\2026.1.210.462\Telerik.WinControls.Themes.Office2013Dark.dll
        ProductCode: RCWF, LicenseDate: 2026-02-10, ProductName: Telerik UI for WinForms, ProductVersion: 2026.1.210.462, Flags: None
      - \\FEAP1313L\Users\edward.barreras\source\repos\LIVE\MIA SRC\lib\RCWF\2026.1.210.462\Telerik.WinControls.Themes.Office2013Light.dll
        ProductCode: RCWF, LicenseDate: 2026-02-10, ProductName: Telerik UI for WinForms, ProductVersion: 2026.1.210.462, Flags: None
      - \\FEAP1313L\Users\edward.barreras\source\repos\LIVE\MIA SRC\lib\RCWF\2026.1.210.462\Telerik.WinControls.Themes.TelerikMetroBlue.dll
        ProductCode: RCWF, LicenseDate: 2026-02-10, ProductName: Telerik UI for WinForms, ProductVersion: 2026.1.210.462, Flags: None
      - \\FEAP1313L\Users\edward.barreras\source\repos\LIVE\MIA SRC\lib\RCWF\2026.1.210.462\Telerik.WinControls.Themes.VisualStudio2012Dark.dll
        ProductCode: RCWF, LicenseDate: 2026-02-10, ProductName: Telerik UI for WinForms, ProductVersion: 2026.1.210.462, Flags: None
      - \\FEAP1313L\Users\edward.barreras\source\repos\LIVE\MIA SRC\lib\RCWF\2026.1.210.462\Telerik.WinControls.Themes.VisualStudio2012Light.dll
        ProductCode: RCWF, LicenseDate: 2026-02-10, ProductName: Telerik UI for WinForms, ProductVersion: 2026.1.210.462, Flags: None
      - \\FEAP1313L\Users\edward.barreras\source\repos\LIVE\MIA SRC\lib\RCWF\2026.1.210.462\Telerik.WinControls.Themes.Windows7.dll
        ProductCode: RCWF, LicenseDate: 2026-02-10, ProductName: Telerik UI for WinForms, ProductVersion: 2026.1.210.462, Flags: None
      - \\FEAP1313L\Users\edward.barreras\source\repos\LIVE\MIA SRC\lib\RCWF\2026.1.210.462\Telerik.WinControls.Themes.Windows8.dll
        ProductCode: RCWF, LicenseDate: 2026-02-10, ProductName: Telerik UI for WinForms, ProductVersion: 2026.1.210.462, Flags: None
      - \\FEAP1313L\Users\edward.barreras\source\repos\LIVE\MIA SRC\lib\RCWF\2026.1.210.462\Telerik.WinControls.UI.dll
        ProductCode: RCWF, LicenseDate: 2026-02-10, ProductName: Telerik UI for WinForms, ProductVersion: 2026.1.210.462, Flags: None
      - \\FEAP1313L\Users\edward.barreras\source\repos\LIVE\MIA SRC\lib\RCWF\2026.1.210.462\Telerik.Windows.Documents.Core.dll
        ProductCode: DPL, LicenseDate: 2026-02-10, Redistributed By: RCWPF, RCWF, MAUI, UIXAM, WINUI, RCAJAX, KENDOUIMVC, UIASPCORE, BLAZOR, ProductName: Telerik Document Processing Libraries, ProductVersion: 2026.1.210.462, Flags: None
      - \\FEAP1313L\Users\edward.barreras\source\repos\LIVE\MIA SRC\lib\RCWF\2026.1.210.462\Telerik.Windows.Documents.Fixed.dll
        ProductCode: DPL, LicenseDate: 2026-02-10, Redistributed By: RCWPF, RCWF, MAUI, UIXAM, WINUI, RCAJAX, KENDOUIMVC, UIASPCORE, BLAZOR, ProductName: Telerik Document Processing Libraries, ProductVersion: 2026.1.210.462, Flags: None
      - \\FEAP1313L\Users\edward.barreras\source\repos\LIVE\MIA SRC\lib\RCWF\2026.1.210.462\Telerik.Windows.Documents.Spreadsheet.dll
        ProductCode: DPL, LicenseDate: 2026-02-10, Redistributed By: RCWPF, RCWF, MAUI, UIXAM, WINUI, RCAJAX, KENDOUIMVC, UIASPCORE, BLAZOR, ProductName: Telerik Document Processing Libraries, ProductVersion: 2026.1.210.462, Flags: None
      - \\FEAP1313L\Users\edward.barreras\source\repos\LIVE\MIA SRC\lib\RCWF\2026.1.210.462\Telerik.Windows.Documents.Spreadsheet.FormatProviders.Pdf.dll
        ProductCode: DPL, LicenseDate: 2026-02-10, Redistributed By: RCWPF, RCWF, MAUI, UIXAM, WINUI, RCAJAX, KENDOUIMVC, UIASPCORE, BLAZOR, ProductName: Telerik Document Processing Libraries, ProductVersion: 2026.1.210.462, Flags: None
      - \\FEAP1313L\Users\edward.barreras\source\repos\LIVE\MIA SRC\lib\RCWF\2026.1.210.462\Telerik.Windows.Documents.Spreadsheet.FormatProviders.Xls.dll
        ProductCode: DPL, LicenseDate: 2026-02-10, Redistributed By: RCWPF, RCWF, MAUI, UIXAM, WINUI, RCAJAX, KENDOUIMVC, UIASPCORE, BLAZOR, ProductName: Telerik Document Processing Libraries, ProductVersion: 2026.1.210.462, Flags: None
      - \\FEAP1313L\Users\edward.barreras\source\repos\LIVE\MIA SRC\lib\RCWF\2026.1.210.462\Telerik.Windows.Zip.dll
        ProductCode: DPL, LicenseDate: 2026-02-10, Redistributed By: RCWPF, RCWF, MAUI, UIXAM, WINUI, RCAJAX, KENDOUIMVC, UIASPCORE, BLAZOR, ProductName: Telerik Document Processing Libraries, ProductVersion: 2026.1.210.462, Flags: None
      - \\FEAP1313L\Users\edward.barreras\source\repos\LIVE\MIA SRC\lib\RCWF\2026.1.210.462\TelerikCommon.dll
        ProductCode: RCWF, LicenseDate: 2026-02-10, ProductName: Telerik UI for WinForms, ProductVersion: 2026.1.210.462, Flags: None
      - \\FEAP1313L\Users\edward.barreras\source\repos\LIVE\MIA SRC\lib\RCWF\2026.1.210.462\TelerikExport.dll
        ProductCode: RCWF, LicenseDate: 2026-02-10, ProductName: Telerik UI for WinForms, ProductVersion: 2026.1.210.462, Flags: None
      Unique Products:
      - "Telerik Document Processing Libraries" (DPL) 2026.1.210.462 @2026-02-10
      - "Telerik UI for WinForms" (RCWF) 2026.1.210.462 @2026-02-10
      - "Telerik Reporting" (REPORTING) 19.1.25.521 @2025-05-21
      Found a total of 3 referenced Telerik products for 

[2026-03-23 14:05:33.467] [Low]   Provision Licensing
        Looking up license file...
        - EnvironmentVariablePath: TELERIK_LICENSE_PATH (NotAvailable)
        - EnvironmentVariable: TELERIK_LICENSE (NotAvailable)
        - EnvironmentVariable: KENDO_UI_LICENSE (NotAvailable)
        - RecursiveFilePath: \\FEAP1313L\Users\edward.barreras\source\repos\LIVE\MIA SRC\ERP\telerik-license.txt (NotAvailable)
        - RecursiveFilePath: \\FEAP1313L\Users\edward.barreras\source\repos\LIVE\MIA SRC\ERP\kendo-ui-license.txt (NotAvailable)
        - RecursiveFilePath: \\FEAP1313L\Users\edward.barreras\source\repos\LIVE\MIA SRC\telerik-license.txt (LicenseFound)
        - RecursiveFilePath: \\FEAP1313L\Users\edward.barreras\source\repos\LIVE\MIA SRC\kendo-ui-license.txt (Skip)
        - RecursiveFilePath: \\FEAP1313L\Users\edward.barreras\source\repos\LIVE\telerik-license.txt (Skip)
        - RecursiveFilePath: \\FEAP1313L\Users\edward.barreras\source\repos\LIVE\kendo-ui-license.txt (Skip)
        - RecursiveFilePath: \\FEAP1313L\Users\edward.barreras\source\repos\telerik-license.txt (Skip)
        - RecursiveFilePath: \\FEAP1313L\Users\edward.barreras\source\repos\kendo-ui-license.txt (Skip)
        - RecursiveFilePath: \\FEAP1313L\Users\edward.barreras\source\telerik-license.txt (Skip)
        - RecursiveFilePath: \\FEAP1313L\Users\edward.barreras\source\kendo-ui-license.txt (Skip)
        - RecursiveFilePath: \\FEAP1313L\Users\edward.barreras\telerik-license.txt (Skip)
        - RecursiveFilePath: \\FEAP1313L\Users\edward.barreras\kendo-ui-license.txt (Skip)
        - RecursiveFilePath: \\FEAP1313L\Users\telerik-license.txt (Skip)
        - RecursiveFilePath: \\FEAP1313L\Users\kendo-ui-license.txt (Skip)
        - UserDirectory: C:\Users\edward.barreras\AppData\Roaming\Telerik\telerik-license.txt (Skip)
        - UserDirectory: C:\Users\edward.barreras\AppData\Roaming\Telerik\kendo-ui-license.txt (Skip)
        LicenseKey
        - AUD: f***.m**@f***************.com
        - UsedId: ab69b8b5-c84c-45ed-8228-81dac868c759
        - LicenseId: e7eaafda-87c7-42d6-9ce6-49a541b8c4ed
        - IssuedAt: 1/20/2026 6:35:06 AM
        - Licenses
          0) Perpetual BLAZOR, expiration 9/25/2027 12:49:33 PM, type: 'perpetual'
          1) Perpetual JM, expiration 9/25/2027 12:49:33 PM, type: 'perpetual'
          2) Perpetual KENDOUIANGULAR, expiration 9/25/2027 12:49:33 PM, type: 'perpetual'
          3) Perpetual KENDOUICOMPLETE, expiration 9/25/2027 12:49:33 PM, type: 'perpetual'
          4) Perpetual KENDOUIMVC, expiration 9/25/2027 12:49:33 PM, type: 'perpetual'
          5) Perpetual KENDOUIREACT, expiration 9/25/2027 12:49:33 PM, type: 'perpetual'
          6) Perpetual KENDOUIVUE, expiration 9/25/2027 12:49:33 PM, type: 'perpetual'
          7) Perpetual MAUI, expiration 9/25/2027 12:49:33 PM, type: 'perpetual'
          8) Perpetual RCAJAX, expiration 9/25/2027 12:49:33 PM, type: 'perpetual'
          9) Perpetual RCWF, expiration 9/25/2027 12:49:33 PM, type: 'perpetual'
          10) Perpetual RCWPF, expiration 9/25/2027 12:49:33 PM, type: 'perpetual'
          11) Perpetual REPORTING, expiration 9/25/2027 12:49:33 PM, type: 'perpetual'
          12) Perpetual REPORTSERVER, expiration 9/25/2027 12:49:33 PM, type: 'perpetual'
          13) Perpetual UIASPCORE, expiration 9/25/2027 12:49:33 PM, type: 'perpetual'
          14) Perpetual UIXAM, expiration 2/19/2025 6:00:00 AM, type: 'perpetual'
          15) Perpetual WINUI, expiration 9/25/2027 12:49:33 PM, type: 'perpetual'
          16) Usage UserId: ab69b8b5-c84c-45ed-8228-81dac868c759, LicenseId: e7eaafda-87c7-42d6-9ce6-49a541b8c4ed, type: 'usage'

[2026-03-23 14:05:33.483] [Low]   License Resolution
        Messages
          - License OK for "Telerik UI for WinForms" (RCWF) 2026.1.210.462 @2026-02-10 - Perpetual, valid until 2027-09-25.
          - License OK for "Telerik Reporting" (REPORTING) 19.1.25.521 @2025-05-21 - Perpetual, valid until 2027-09-25.
          - License OK for "Telerik Document Processing Libraries" (DPL) 2026.1.210.462 @2026-02-10 - Perpetual for RCWF, valid until 2027-09-25.
        JWTs
          - eyJhbGciOiJSUzI1NiIsInR5cCI6IlRlbGVyaWsgTGljZW5zZSBFdmlkZW5jZSJ9.eyJjb2RlIjoiUkNXRiIsInR5cGUiOiJwZXJwZXR1YWwiLCJleHBpcmF0aW9uIjoxODIxODc2NTczLCJ1c2VySWQiOiJhYjY5YjhiNS1jODRjLTQ1ZWQtODIyOC04MWRhYzg2OGM3NTkiLCJsaWNlbnNlSWQiOiJlN2VhYWZkYS04N2M3LTQyZDYtOWNlNi00OWE1NDFiOGM0ZWQifQ.H8sxX5O2T3i22Uhy0PFV3YDo-lS1iHVocWX9Eu-82PheI3XbKMkEr7QiChWfuNwS9afgR7PMGy4_nx9HXRV5V9cRQ1zWvIkJsG2EbadPtKlygaAkCh-FXSRVflm3WITNHIAYfazZa26sHSnqBW_XRbH3o0GQkqVYkLlxLuLuKa4M7LlA1KtQZcVFhOH2oaXQoxfrkUMQxNFCz0JdI76T1YJNrAwxpXri8KUzfoDwKhY-IhN-bU25hJs19yGvWykTuZqrZ3lv603aQkaCaPnlF_tHROsmC7nbV4aaxaSHRF1PVD5lqsAhkA5OdGmqH8Kq9F5mhRXVVwYWf3WBcxZKkg
          - eyJhbGciOiJSUzI1NiIsInR5cCI6IlRlbGVyaWsgTGljZW5zZSBFdmlkZW5jZSJ9.eyJjb2RlIjoiUkVQT1JUSU5HIiwidHlwZSI6InBlcnBldHVhbCIsImV4cGlyYXRpb24iOjE4MjE4NzY1NzMsInVzZXJJZCI6ImFiNjliOGI1LWM4NGMtNDVlZC04MjI4LTgxZGFjODY4Yzc1OSIsImxpY2Vuc2VJZCI6ImU3ZWFhZmRhLTg3YzctNDJkNi05Y2U2LTQ5YTU0MWI4YzRlZCJ9.vMdezVVvhtRG-iThgXrXFDyr8L394y38spuHWK9Cyc_b9XZ2iHzEwyT9dLgOqBfvEQM3-GKFcOW6O4-_SSwoIjNhm9paVKSVEmeonMfEOgZjOXuqYFCrXmegYUefJNkHmL6P9cB0CPtA_PThVXqg_RGtCMGEoTW_ISG2ymjLnKXwuGf3uQoTxYWCmdBVMAeZHBlzpUh7aJ78fWmWbIvGf_jrykaFhCaWML2yJHyAjHIH1uzf088pGqdOeDvhBQsIva3Hg0KPLptC4ZqxkkVyYHFvvqFgwwkv8O3ex6Df238honjg-11aXIid1Ad6SSsrqEuKqHBUF__HbdhN0AvfLg
        Licenses
          - License OK for "Telerik UI for WinForms" (RCWF) 2026.1.210.462 @2026-02-10 - Perpetual, valid until 2027-09-25.
          - License OK for "Telerik Reporting" (REPORTING) 19.1.25.521 @2025-05-21 - Perpetual, valid until 2027-09-25.
          - License OK for "Telerik Document Processing Libraries" (DPL) 2026.1.210.462 @2026-02-10 - Perpetual for RCWF, valid until 2027-09-25.

[2026-03-23 14:05:33.489] [Low] OutputType: WinExe, ImportXamlTargets: True
[2026-03-23 14:05:33.522] [Low] 
      Call-Home Telerik Products (3 for )
      - "Telerik UI for WinForms" (RCWF) 2026.1.210
      - "DPL" (DPL) 2026.1.210
      - "Telerik Reporting" (REPORTING) 19.1.25

[2026-03-23 14:05:33.522] [Low] 
[2026-03-23 14:05:33.527] [Low] 
      Call-Home Telerik Features (0 for )

[2026-03-23 14:05:33.527] [Low] 
[2026-03-23 14:05:33.600] [Low]   Report Telerik.Licensing
        UserId: ab69b8b5-c84c-45ed-8228-81dac868c759
        LicenseId: e7eaafda-87c7-42d6-9ce6-49a541b8c4ed
        Products
        - LicenseUsed RCWF 2026.1.210.462 SKIPPED
        - LicenseUsed REPORTING 19.1.25.521 SKIPPED
        - LicenseUsed DPL 2026.1.210.462 SKIPPED
      Report finished in 00:00:00.0639951

[2026-03-23 14:05:33.604] [Low]   Sending Telemetry...
[2026-03-23 14:05:33.647] [Low]   Metrics done 00:00:00.0427178
[2026-03-23 14:05:33.653] [Normal] Resolve Telerik Products. Done (00:00:01.9846035) for 
[2026-03-23 14:35:39.491] [Normal] Resolve Telerik Products.
  MSBuildProjectName=2
  MSBuildProjectDirectory=\\FEAP1313L\Users\edward.barreras\source\repos\LIVE\MIA SRC\ERP
  MSBuildProjectExtension=.vbproj
  Language=VB
  OutputPath=bin\Debug\
  Platform=AnyCPU
  TargetFramework=
  TargetFrameworks=
  TargetFrameworkVersion=v4.8
  VisualStudioVersion=17.0
  UsingMicrosoftNETSdk=
  UsingMicrosoftNETSdkRazor=
  UsingMicrosoftNETSdkWeb=
  ImportXamlTargets=True
  OutputType=WinExe
  UseMaui=
  NuGetPackageRoot=

  PackageReferences
  ReferencePaths
  - BouncyCastle.Crypto.dll 1.8.3 at \\FEAP1313L\Users\edward.barreras\source\repos\LIVE\MIA SRC\packages\BouncyCastle.1.8.3.1\lib\BouncyCastle.Crypto.dll
  - BouncyCastle.Cryptography.dll 2.5.1 at \\FEAP1313L\Users\edward.barreras\source\repos\LIVE\MIA SRC\packages\BouncyCastle.Cryptography.2.5.1\lib\net461\BouncyCastle.Cryptography.dll
  - ClosedXML.dll 0.96.0 at \\FEAP1313L\Users\edward.barreras\source\repos\LIVE\MIA SRC\packages\ClosedXML.0.96.0\lib\net40\ClosedXML.dll
  - DocumentFormat.OpenXml.dll 2.16.0 at \\FEAP1313L\Users\edward.barreras\source\repos\LIVE\MIA SRC\packages\DocumentFormat.OpenXml.2.16.0\lib\net40\DocumentFormat.OpenXml.dll
  - ExcelNumberFormat.dll 1.1.0 at \\FEAP1313L\Users\edward.barreras\source\repos\LIVE\MIA SRC\packages\ExcelNumberFormat.1.1.0\lib\net20\ExcelNumberFormat.dll
  - FEAPNS.dll 1.0.0 at \\FEAP1313L\Users\edward.barreras\source\repos\LIVE\MIA SRC\ERP\bin\Debug\FEAPNS.dll
  - Gma.QrCodeNet.Encoding.dll 0.4.1 at \\FEAP1313L\Users\edward.barreras\source\repos\LIVE\MIA SRC\packages\Gma.QrCodeNet.0.4.1.2\lib\net40\Gma.QrCodeNet.Encoding.dll
  - Google.Protobuf.dll 3.30.0 at \\FEAP1313L\Users\edward.barreras\source\repos\LIVE\MIA SRC\packages\Google.Protobuf.3.30.0\lib\net45\Google.Protobuf.dll
  - K4os.Compression.LZ4.dll 1.3.8 at \\FEAP1313L\Users\edward.barreras\source\repos\LIVE\MIA SRC\packages\K4os.Compression.LZ4.1.3.8\lib\net462\K4os.Compression.LZ4.dll
  - K4os.Compression.LZ4.Streams.dll 1.3.8 at \\FEAP1313L\Users\edward.barreras\source\repos\LIVE\MIA SRC\packages\K4os.Compression.LZ4.Streams.1.3.8\lib\net462\K4os.Compression.LZ4.Streams.dll
  - K4os.Hash.xxHash.dll 1.0.8 at \\FEAP1313L\Users\edward.barreras\source\repos\LIVE\MIA SRC\packages\K4os.Hash.xxHash.1.0.8\lib\net462\K4os.Hash.xxHash.dll
  - MIA-Linq.dll 1.0.0 at \\FEAP1313L\Users\edward.barreras\source\repos\LIVE\MIA SRC\ERP\bin\Debug\MIA-Linq.dll
  - MIA-Report.dll 1.0.0 at \\FEAP1313L\Users\edward.barreras\source\repos\LIVE\MIA SRC\ERP\bin\Debug\MIA-Report.dll
  - Microsoft.Bcl.AsyncInterfaces.dll 5.0.0 at \\FEAP1313L\Users\edward.barreras\source\repos\LIVE\MIA SRC\packages\Microsoft.Bcl.AsyncInterfaces.5.0.0\lib\net461\Microsoft.Bcl.AsyncInterfaces.dll
  - Microsoft.CSharp.dll 4.8.3761 at C:\Program Files (x86)\Reference Assemblies\Microsoft\Framework\.NETFramework\v4.8\Microsoft.CSharp.dll
  - MySql.Data.dll 9.4.0 at \\FEAP1313L\Users\edward.barreras\source\repos\LIVE\MIA SRC\packages\MySql.Data.9.4.0\lib\net48\MySql.Data.dll
  - Newtonsoft.Json.dll 13.0.3 at \\FEAP1313L\Users\edward.barreras\source\repos\LIVE\MIA SRC\packages\Newtonsoft.Json.13.0.3\lib\net45\Newtonsoft.Json.dll
  - SRCDailyReportv2.dll 1.0.0 at \\FEAP1313L\Users\edward.barreras\source\repos\LIVE\MIA SRC\ERP\bin\Debug\SRCDailyReportv2.dll
  - System.Buffers.dll 4.6.28619 at \\FEAP1313L\Users\edward.barreras\source\repos\LIVE\MIA SRC\packages\System.Buffers.4.5.1\lib\net461\System.Buffers.dll
  - System.ComponentModel.DataAnnotations.dll 4.8.3761 at C:\Program Files (x86)\Reference Assemblies\Microsoft\Framework\.NETFramework\v4.8\System.ComponentModel.DataAnnotations.dll
  - System.ComponentModel.dll 4.8.3761 at C:\Program Files (x86)\Reference Assemblies\Microsoft\Framework\.NETFramework\v4.8\Facades\System.ComponentModel.dll
  - System.Configuration.ConfigurationManager.dll 8.0.0 at \\FEAP1313L\Users\edward.barreras\source\repos\LIVE\MIA SRC\packages\System.Configuration.ConfigurationManager.8.0.0\lib\net462\System.Configuration.ConfigurationManager.dll
  - System.Configuration.dll 4.8.3761 at C:\Program Files (x86)\Reference Assemblies\Microsoft\Framework\.NETFramework\v4.8\System.Configuration.dll
  - System.Configuration.Install.dll 4.8.3761 at C:\Program Files (x86)\Reference Assemblies\Microsoft\Framework\.NETFramework\v4.8\System.Configuration.Install.dll
  - System.Core.dll 4.8.3761 at C:\Program Files (x86)\Reference Assemblies\Microsoft\Framework\.NETFramework\v4.8\System.Core.dll
  - System.Data.DataSetExtensions.dll 4.8.3761 at C:\Program Files (x86)\Reference Assemblies\Microsoft\Framework\.NETFramework\v4.8\System.Data.DataSetExtensions.dll
  - System.Data.dll 4.8.3761 at C:\Program Files (x86)\Reference Assemblies\Microsoft\Framework\.NETFramework\v4.8\System.Data.dll
  - System.Data.OleDb.dll 9.0.2 at \\FEAP1313L\Users\edward.barreras\source\repos\LIVE\MIA SRC\packages\System.Data.OleDb.9.0.2\lib\net462\System.Data.OleDb.dll
  - System.Deployment.dll 4.8.3761 at C:\Program Files (x86)\Reference Assemblies\Microsoft\Framework\.NETFramework\v4.8\System.Deployment.dll
  - System.Diagnostics.DiagnosticSource.dll 8.0.4 at \\FEAP1313L\Users\edward.barreras\source\repos\LIVE\MIA SRC\packages\System.Diagnostics.DiagnosticSource.8.0.1\lib\net462\System.Diagnostics.DiagnosticSource.dll
  - System.dll 4.8.3761 at C:\Program Files (x86)\Reference Assemblies\Microsoft\Framework\.NETFramework\v4.8\System.dll
  - System.Drawing.Design.dll 4.8.3761 at C:\Program Files (x86)\Reference Assemblies\Microsoft\Framework\.NETFramework\v4.8\System.Drawing.Design.dll
  - System.Drawing.dll 4.8.3761 at C:\Program Files (x86)\Reference Assemblies\Microsoft\Framework\.NETFramework\v4.8\System.Drawing.dll
  - System.IO.Pipelines.dll 5.0.15 at \\FEAP1313L\Users\edward.barreras\source\repos\LIVE\MIA SRC\packages\System.IO.Pipelines.5.0.2\lib\net461\System.IO.Pipelines.dll
  - System.Management.dll 4.8.3761 at C:\Program Files (x86)\Reference Assemblies\Microsoft\Framework\.NETFramework\v4.8\System.Management.dll
  - System.Memory.dll 4.6.31308 at \\FEAP1313L\Users\edward.barreras\source\repos\LIVE\MIA SRC\packages\System.Memory.4.5.5\lib\net461\System.Memory.dll
  - System.Messaging.dll 4.8.3761 at C:\Program Files (x86)\Reference Assemblies\Microsoft\Framework\.NETFramework\v4.8\System.Messaging.dll
  - System.Net.Http.Formatting.dll 5.2.7 at C:\Program Files\Microsoft Visual Studio\2022\Community\Common7\IDE\PublicAssemblies\System.Net.Http.Formatting.dll
  - System.Numerics.dll 4.8.3761 at C:\Program Files (x86)\Reference Assemblies\Microsoft\Framework\.NETFramework\v4.8\System.Numerics.dll
  - System.Numerics.Vectors.dll 4.6.26515 at \\FEAP1313L\Users\edward.barreras\source\repos\LIVE\MIA SRC\packages\System.Numerics.Vectors.4.5.0\lib\net46\System.Numerics.Vectors.dll
  - System.Runtime.CompilerServices.Unsafe.dll 6.1.0 at \\FEAP1313L\Users\edward.barreras\source\repos\LIVE\MIA SRC\packages\System.Runtime.CompilerServices.Unsafe.6.1.0\lib\net462\System.Runtime.CompilerServices.Unsafe.dll
  - System.Threading.Tasks.Extensions.dll 4.6.0 at \\FEAP1313L\Users\edward.barreras\source\repos\LIVE\MIA SRC\packages\System.Threading.Tasks.Extensions.4.6.0\lib\net462\System.Threading.Tasks.Extensions.dll
  - System.Transactions.dll 4.8.3761 at C:\Program Files (x86)\Reference Assemblies\Microsoft\Framework\.NETFramework\v4.8\System.Transactions.dll
  - System.Web.Extensions.dll 4.8.3761 at C:\Program Files (x86)\Reference Assemblies\Microsoft\Framework\.NETFramework\v4.8\System.Web.Extensions.dll
  - System.Windows.Forms.dll 4.8.3761 at C:\Program Files (x86)\Reference Assemblies\Microsoft\Framework\.NETFramework\v4.8\System.Windows.Forms.dll
  - System.Xml.dll 4.8.3761 at C:\Program Files (x86)\Reference Assemblies\Microsoft\Framework\.NETFramework\v4.8\System.Xml.dll
  - System.Xml.Linq.dll 4.8.3761 at C:\Program Files (x86)\Reference Assemblies\Microsoft\Framework\.NETFramework\v4.8\System.Xml.Linq.dll
  - Telerik.Documents.SpreadsheetStreaming.dll 2026.1.210 at \\FEAP1313L\Users\edward.barreras\source\repos\LIVE\MIA SRC\lib\RCWF\2026.1.210.462\Telerik.Documents.SpreadsheetStreaming.dll
  - Telerik.Licensing.Runtime.dll 1.8.2 at \\FEAP1313L\Users\edward.barreras\source\repos\LIVE\MIA SRC\packages\Telerik.Licensing.1.8.2\lib\net462\Telerik.Licensing.Runtime.dll
  - Telerik.Reporting.dll 19.1.25 at \\FEAP1313L\Users\edward.barreras\source\repos\LIVE\MIA SRC\ERP\bin\Debug\Telerik.Reporting.dll
  - Telerik.Reporting.Services.HttpClient.dll 19.1.25 at \\FEAP1313L\Users\edward.barreras\source\repos\LIVE\MIA SRC\ERP\bin\Debug\Telerik.Reporting.Services.HttpClient.dll
  - Telerik.Reporting.Services.ServiceStack.dll 19.1.25 at \\FEAP1313L\Users\edward.barreras\source\repos\LIVE\MIA SRC\ERP\bin\Debug\Telerik.Reporting.Services.ServiceStack.dll
  - Telerik.ReportViewer.WinForms.dll 19.1.25 at \\FEAP1313L\Users\edward.barreras\source\repos\LIVE\MIA SRC\ERP\bin\Debug\Telerik.ReportViewer.WinForms.dll
  - Telerik.ReportViewer.Wpf.dll 19.1.25 at \\FEAP1313L\Users\edward.barreras\source\repos\LIVE\MIA SRC\ERP\bin\Debug\Telerik.ReportViewer.Wpf.dll
  - Telerik.WinControls.dll 2026.1.210 at \\FEAP1313L\Users\edward.barreras\source\repos\LIVE\MIA SRC\lib\RCWF\2026.1.210.462\Telerik.WinControls.dll
  - Telerik.WinControls.GridView.dll 2026.1.210 at \\FEAP1313L\Users\edward.barreras\source\repos\LIVE\MIA SRC\lib\RCWF\2026.1.210.462\Telerik.WinControls.GridView.dll
  - Telerik.WinControls.RadDock.dll 2026.1.210 at \\FEAP1313L\Users\edward.barreras\source\repos\LIVE\MIA SRC\lib\RCWF\2026.1.210.462\Telerik.WinControls.RadDock.dll
  - Telerik.WinControls.Themes.Aqua.dll 2026.1.210 at \\FEAP1313L\Users\edward.barreras\source\repos\LIVE\MIA SRC\lib\RCWF\2026.1.210.462\Telerik.WinControls.Themes.Aqua.dll
  - Telerik.WinControls.Themes.Breeze.dll 2026.1.210 at \\FEAP1313L\Users\edward.barreras\source\repos\LIVE\MIA SRC\lib\RCWF\2026.1.210.462\Telerik.WinControls.Themes.Breeze.dll
  - Telerik.WinControls.Themes.Crystal.dll 2026.1.210 at \\FEAP1313L\Users\edward.barreras\source\repos\LIVE\MIA SRC\lib\RCWF\2026.1.210.462\Telerik.WinControls.Themes.Crystal.dll
  - Telerik.WinControls.Themes.CrystalDark.dll 2026.1.210 at \\FEAP1313L\Users\edward.barreras\source\repos\LIVE\MIA SRC\lib\RCWF\2026.1.210.462\Telerik.WinControls.Themes.CrystalDark.dll
  - Telerik.WinControls.Themes.Desert.dll 2026.1.210 at \\FEAP1313L\Users\edward.barreras\source\repos\LIVE\MIA SRC\lib\RCWF\2026.1.210.462\Telerik.WinControls.Themes.Desert.dll
  - Telerik.WinControls.Themes.Fluent.dll 2026.1.210 at \\FEAP1313L\Users\edward.barreras\source\repos\LIVE\MIA SRC\lib\RCWF\2026.1.210.462\Telerik.WinControls.Themes.Fluent.dll
  - Telerik.WinControls.Themes.FluentDark.dll 2026.1.210 at \\FEAP1313L\Users\edward.barreras\source\repos\LIVE\MIA SRC\lib\RCWF\2026.1.210.462\Telerik.WinControls.Themes.FluentDark.dll
  - Telerik.WinControls.Themes.HighContrastBlack.dll 2026.1.210 at \\FEAP1313L\Users\edward.barreras\source\repos\LIVE\MIA SRC\lib\RCWF\2026.1.210.462\Telerik.WinControls.Themes.HighContrastBlack.dll
  - Telerik.WinControls.Themes.Material.dll 2026.1.210 at \\FEAP1313L\Users\edward.barreras\source\repos\LIVE\MIA SRC\lib\RCWF\2026.1.210.462\Telerik.WinControls.Themes.Material.dll
  - Telerik.WinControls.Themes.MaterialBlueGrey.dll 2026.1.210 at \\FEAP1313L\Users\edward.barreras\source\repos\LIVE\MIA SRC\lib\RCWF\2026.1.210.462\Telerik.WinControls.Themes.MaterialBlueGrey.dll
  - Telerik.WinControls.Themes.MaterialPink.dll 2026.1.210 at \\FEAP1313L\Users\edward.barreras\source\repos\LIVE\MIA SRC\lib\RCWF\2026.1.210.462\Telerik.WinControls.Themes.MaterialPink.dll
  - Telerik.WinControls.Themes.MaterialTeal.dll 2026.1.210 at \\FEAP1313L\Users\edward.barreras\source\repos\LIVE\MIA SRC\lib\RCWF\2026.1.210.462\Telerik.WinControls.Themes.MaterialTeal.dll
  - Telerik.WinControls.Themes.Office2007Black.dll 2026.1.210 at \\FEAP1313L\Users\edward.barreras\source\repos\LIVE\MIA SRC\lib\RCWF\2026.1.210.462\Telerik.WinControls.Themes.Office2007Black.dll
  - Telerik.WinControls.Themes.Office2010Black.dll 2026.1.210 at \\FEAP1313L\Users\edward.barreras\source\repos\LIVE\MIA SRC\lib\RCWF\2026.1.210.462\Telerik.WinControls.Themes.Office2010Black.dll
  - Telerik.WinControls.Themes.Office2010Blue.dll 2026.1.210 at \\FEAP1313L\Users\edward.barreras\source\repos\LIVE\MIA SRC\lib\RCWF\2026.1.210.462\Telerik.WinControls.Themes.Office2010Blue.dll
  - Telerik.WinControls.Themes.Office2010Silver.dll 2026.1.210 at \\FEAP1313L\Users\edward.barreras\source\repos\LIVE\MIA SRC\lib\RCWF\2026.1.210.462\Telerik.WinControls.Themes.Office2010Silver.dll
  - Telerik.WinControls.Themes.Office2013Dark.dll 2026.1.210 at \\FEAP1313L\Users\edward.barreras\source\repos\LIVE\MIA SRC\lib\RCWF\2026.1.210.462\Telerik.WinControls.Themes.Office2013Dark.dll
  - Telerik.WinControls.Themes.Office2013Light.dll 2026.1.210 at \\FEAP1313L\Users\edward.barreras\source\repos\LIVE\MIA SRC\lib\RCWF\2026.1.210.462\Telerik.WinControls.Themes.Office2013Light.dll
  - Telerik.WinControls.Themes.TelerikMetroBlue.dll 2026.1.210 at \\FEAP1313L\Users\edward.barreras\source\repos\LIVE\MIA SRC\lib\RCWF\2026.1.210.462\Telerik.WinControls.Themes.TelerikMetroBlue.dll
  - Telerik.WinControls.Themes.VisualStudio2012Dark.dll 2026.1.210 at \\FEAP1313L\Users\edward.barreras\source\repos\LIVE\MIA SRC\lib\RCWF\2026.1.210.462\Telerik.WinControls.Themes.VisualStudio2012Dark.dll
  - Telerik.WinControls.Themes.VisualStudio2012Light.dll 2026.1.210 at \\FEAP1313L\Users\edward.barreras\source\repos\LIVE\MIA SRC\lib\RCWF\2026.1.210.462\Telerik.WinControls.Themes.VisualStudio2012Light.dll
  - Telerik.WinControls.Themes.Windows7.dll 2026.1.210 at \\FEAP1313L\Users\edward.barreras\source\repos\LIVE\MIA SRC\lib\RCWF\2026.1.210.462\Telerik.WinControls.Themes.Windows7.dll
  - Telerik.WinControls.Themes.Windows8.dll 2026.1.210 at \\FEAP1313L\Users\edward.barreras\source\repos\LIVE\MIA SRC\lib\RCWF\2026.1.210.462\Telerik.WinControls.Themes.Windows8.dll
  - Telerik.WinControls.UI.dll 2026.1.210 at \\FEAP1313L\Users\edward.barreras\source\repos\LIVE\MIA SRC\lib\RCWF\2026.1.210.462\Telerik.WinControls.UI.dll
  - Telerik.Windows.Documents.Core.dll 2026.1.210 at \\FEAP1313L\Users\edward.barreras\source\repos\LIVE\MIA SRC\lib\RCWF\2026.1.210.462\Telerik.Windows.Documents.Core.dll
  - Telerik.Windows.Documents.Fixed.dll 2026.1.210 at \\FEAP1313L\Users\edward.barreras\source\repos\LIVE\MIA SRC\lib\RCWF\2026.1.210.462\Telerik.Windows.Documents.Fixed.dll
  - Telerik.Windows.Documents.Spreadsheet.dll 2026.1.210 at \\FEAP1313L\Users\edward.barreras\source\repos\LIVE\MIA SRC\lib\RCWF\2026.1.210.462\Telerik.Windows.Documents.Spreadsheet.dll
  - Telerik.Windows.Documents.Spreadsheet.FormatProviders.OpenXml.dll 2026.1.210 at \\FEAP1313L\Users\edward.barreras\source\repos\LIVE\MIA SRC\lib\RCWF\2026.1.210.462\Telerik.Windows.Documents.Spreadsheet.FormatProviders.OpenXml.dll
  - Telerik.Windows.Documents.Spreadsheet.FormatProviders.Pdf.dll 2026.1.210 at \\FEAP1313L\Users\edward.barreras\source\repos\LIVE\MIA SRC\lib\RCWF\2026.1.210.462\Telerik.Windows.Documents.Spreadsheet.FormatProviders.Pdf.dll
  - Telerik.Windows.Documents.Spreadsheet.FormatProviders.Xls.dll 2026.1.210 at \\FEAP1313L\Users\edward.barreras\source\repos\LIVE\MIA SRC\lib\RCWF\2026.1.210.462\Telerik.Windows.Documents.Spreadsheet.FormatProviders.Xls.dll
  - Telerik.Windows.Zip.dll 2026.1.210 at \\FEAP1313L\Users\edward.barreras\source\repos\LIVE\MIA SRC\lib\RCWF\2026.1.210.462\Telerik.Windows.Zip.dll
  - TelerikCommon.dll 2026.1.210 at \\FEAP1313L\Users\edward.barreras\source\repos\LIVE\MIA SRC\lib\RCWF\2026.1.210.462\TelerikCommon.dll
  - TelerikExport.dll 2026.1.210 at \\FEAP1313L\Users\edward.barreras\source\repos\LIVE\MIA SRC\lib\RCWF\2026.1.210.462\TelerikExport.dll
  - Ubiety.Dns.Core.dll 2.2.1 at \\FEAP1313L\Users\edward.barreras\source\repos\LIVE\MIA SRC\ERP\bin\Debug\Ubiety.Dns.Core.dll
  - WindowsBase.dll 4.8.3761 at C:\Program Files (x86)\Reference Assemblies\Microsoft\Framework\.NETFramework\v4.8\WindowsBase.dll
  - ZstdSharp.dll 0.8.5 at \\FEAP1313L\Users\edward.barreras\source\repos\LIVE\MIA SRC\packages\ZstdSharp.Port.0.8.5\lib\net462\ZstdSharp.dll
  MachineId=2xQjveFWQf4bUNzPt3x/SIfuym0=

[2026-03-23 14:35:39.613] [Low]   Looking for Telerik product metadata in referenced assemblies
      - \\FEAP1313L\Users\edward.barreras\source\repos\LIVE\MIA SRC\lib\RCWF\2026.1.210.462\Telerik.Documents.SpreadsheetStreaming.dll
        ProductCode: DPL, LicenseDate: 2026-02-10, Redistributed By: RCWPF, RCWF, MAUI, UIXAM, WINUI, RCAJAX, KENDOUIMVC, UIASPCORE, BLAZOR, ProductName: Telerik Document Processing Libraries, ProductVersion: 2026.1.210.462, Flags: None
      - \\FEAP1313L\Users\edward.barreras\source\repos\LIVE\MIA SRC\ERP\bin\Debug\Telerik.Reporting.dll
        ProductCode: REPORTING, LicenseDate: 2025-05-21, ProductName: Telerik Reporting, ProductVersion: 19.1.25.521, Flags: None
      - \\FEAP1313L\Users\edward.barreras\source\repos\LIVE\MIA SRC\lib\RCWF\2026.1.210.462\Telerik.WinControls.dll
        ProductCode: RCWF, LicenseDate: 2026-02-10, ProductName: Telerik UI for WinForms, ProductVersion: 2026.1.210.462, Flags: None
      - \\FEAP1313L\Users\edward.barreras\source\repos\LIVE\MIA SRC\lib\RCWF\2026.1.210.462\Telerik.WinControls.GridView.dll
        ProductCode: RCWF, LicenseDate: 2026-02-10, ProductName: Telerik UI for WinForms, ProductVersion: 2026.1.210.462, Flags: None
      - \\FEAP1313L\Users\edward.barreras\source\repos\LIVE\MIA SRC\lib\RCWF\2026.1.210.462\Telerik.WinControls.RadDock.dll
        ProductCode: RCWF, LicenseDate: 2026-02-10, ProductName: Telerik UI for WinForms, ProductVersion: 2026.1.210.462, Flags: None
      - \\FEAP1313L\Users\edward.barreras\source\repos\LIVE\MIA SRC\lib\RCWF\2026.1.210.462\Telerik.WinControls.Themes.Aqua.dll
        ProductCode: RCWF, LicenseDate: 2026-02-10, ProductName: Telerik UI for WinForms, ProductVersion: 2026.1.210.462, Flags: None
      - \\FEAP1313L\Users\edward.barreras\source\repos\LIVE\MIA SRC\lib\RCWF\2026.1.210.462\Telerik.WinControls.Themes.Breeze.dll
        ProductCode: RCWF, LicenseDate: 2026-02-10, ProductName: Telerik UI for WinForms, ProductVersion: 2026.1.210.462, Flags: None
      - \\FEAP1313L\Users\edward.barreras\source\repos\LIVE\MIA SRC\lib\RCWF\2026.1.210.462\Telerik.WinControls.Themes.Crystal.dll
        ProductCode: RCWF, LicenseDate: 2026-02-10, ProductName: Telerik UI for WinForms, ProductVersion: 2026.1.210.462, Flags: None
      - \\FEAP1313L\Users\edward.barreras\source\repos\LIVE\MIA SRC\lib\RCWF\2026.1.210.462\Telerik.WinControls.Themes.CrystalDark.dll
        ProductCode: RCWF, LicenseDate: 2026-02-10, ProductName: Telerik UI for WinForms, ProductVersion: 2026.1.210.462, Flags: None
      - \\FEAP1313L\Users\edward.barreras\source\repos\LIVE\MIA SRC\lib\RCWF\2026.1.210.462\Telerik.WinControls.Themes.Desert.dll
        ProductCode: RCWF, LicenseDate: 2026-02-10, ProductName: Telerik UI for WinForms, ProductVersion: 2026.1.210.462, Flags: None
      - \\FEAP1313L\Users\edward.barreras\source\repos\LIVE\MIA SRC\lib\RCWF\2026.1.210.462\Telerik.WinControls.Themes.Fluent.dll
        ProductCode: RCWF, LicenseDate: 2026-02-10, ProductName: Telerik UI for WinForms, ProductVersion: 2026.1.210.462, Flags: None
      - \\FEAP1313L\Users\edward.barreras\source\repos\LIVE\MIA SRC\lib\RCWF\2026.1.210.462\Telerik.WinControls.Themes.FluentDark.dll
        ProductCode: RCWF, LicenseDate: 2026-02-10, ProductName: Telerik UI for WinForms, ProductVersion: 2026.1.210.462, Flags: None
      - \\FEAP1313L\Users\edward.barreras\source\repos\LIVE\MIA SRC\lib\RCWF\2026.1.210.462\Telerik.WinControls.Themes.HighContrastBlack.dll
        ProductCode: RCWF, LicenseDate: 2026-02-10, ProductName: Telerik UI for WinForms, ProductVersion: 2026.1.210.462, Flags: None
      - \\FEAP1313L\Users\edward.barreras\source\repos\LIVE\MIA SRC\lib\RCWF\2026.1.210.462\Telerik.WinControls.Themes.Material.dll
        ProductCode: RCWF, LicenseDate: 2026-02-10, ProductName: Telerik UI for WinForms, ProductVersion: 2026.1.210.462, Flags: None
      - \\FEAP1313L\Users\edward.barreras\source\repos\LIVE\MIA SRC\lib\RCWF\2026.1.210.462\Telerik.WinControls.Themes.MaterialBlueGrey.dll
        ProductCode: RCWF, LicenseDate: 2026-02-10, ProductName: Telerik UI for WinForms, ProductVersion: 2026.1.210.462, Flags: None
      - \\FEAP1313L\Users\edward.barreras\source\repos\LIVE\MIA SRC\lib\RCWF\2026.1.210.462\Telerik.WinControls.Themes.MaterialPink.dll
        ProductCode: RCWF, LicenseDate: 2026-02-10, ProductName: Telerik UI for WinForms, ProductVersion: 2026.1.210.462, Flags: None
      - \\FEAP1313L\Users\edward.barreras\source\repos\LIVE\MIA SRC\lib\RCWF\2026.1.210.462\Telerik.WinControls.Themes.MaterialTeal.dll
        ProductCode: RCWF, LicenseDate: 2026-02-10, ProductName: Telerik UI for WinForms, ProductVersion: 2026.1.210.462, Flags: None
      - \\FEAP1313L\Users\edward.barreras\source\repos\LIVE\MIA SRC\lib\RCWF\2026.1.210.462\Telerik.WinControls.Themes.Office2007Black.dll
        ProductCode: RCWF, LicenseDate: 2026-02-10, ProductName: Telerik UI for WinForms, ProductVersion: 2026.1.210.462, Flags: None
      - \\FEAP1313L\Users\edward.barreras\source\repos\LIVE\MIA SRC\lib\RCWF\2026.1.210.462\Telerik.WinControls.Themes.Office2010Black.dll
        ProductCode: RCWF, LicenseDate: 2026-02-10, ProductName: Telerik UI for WinForms, ProductVersion: 2026.1.210.462, Flags: None
      - \\FEAP1313L\Users\edward.barreras\source\repos\LIVE\MIA SRC\lib\RCWF\2026.1.210.462\Telerik.WinControls.Themes.Office2010Blue.dll
        ProductCode: RCWF, LicenseDate: 2026-02-10, ProductName: Telerik UI for WinForms, ProductVersion: 2026.1.210.462, Flags: None
      - \\FEAP1313L\Users\edward.barreras\source\repos\LIVE\MIA SRC\lib\RCWF\2026.1.210.462\Telerik.WinControls.Themes.Office2010Silver.dll
        ProductCode: RCWF, LicenseDate: 2026-02-10, ProductName: Telerik UI for WinForms, ProductVersion: 2026.1.210.462, Flags: None
      - \\FEAP1313L\Users\edward.barreras\source\repos\LIVE\MIA SRC\lib\RCWF\2026.1.210.462\Telerik.WinControls.Themes.Office2013Dark.dll
        ProductCode: RCWF, LicenseDate: 2026-02-10, ProductName: Telerik UI for WinForms, ProductVersion: 2026.1.210.462, Flags: None
      - \\FEAP1313L\Users\edward.barreras\source\repos\LIVE\MIA SRC\lib\RCWF\2026.1.210.462\Telerik.WinControls.Themes.Office2013Light.dll
        ProductCode: RCWF, LicenseDate: 2026-02-10, ProductName: Telerik UI for WinForms, ProductVersion: 2026.1.210.462, Flags: None
      - \\FEAP1313L\Users\edward.barreras\source\repos\LIVE\MIA SRC\lib\RCWF\2026.1.210.462\Telerik.WinControls.Themes.TelerikMetroBlue.dll
        ProductCode: RCWF, LicenseDate: 2026-02-10, ProductName: Telerik UI for WinForms, ProductVersion: 2026.1.210.462, Flags: None
      - \\FEAP1313L\Users\edward.barreras\source\repos\LIVE\MIA SRC\lib\RCWF\2026.1.210.462\Telerik.WinControls.Themes.VisualStudio2012Dark.dll
        ProductCode: RCWF, LicenseDate: 2026-02-10, ProductName: Telerik UI for WinForms, ProductVersion: 2026.1.210.462, Flags: None
      - \\FEAP1313L\Users\edward.barreras\source\repos\LIVE\MIA SRC\lib\RCWF\2026.1.210.462\Telerik.WinControls.Themes.VisualStudio2012Light.dll
        ProductCode: RCWF, LicenseDate: 2026-02-10, ProductName: Telerik UI for WinForms, ProductVersion: 2026.1.210.462, Flags: None
      - \\FEAP1313L\Users\edward.barreras\source\repos\LIVE\MIA SRC\lib\RCWF\2026.1.210.462\Telerik.WinControls.Themes.Windows7.dll
        ProductCode: RCWF, LicenseDate: 2026-02-10, ProductName: Telerik UI for WinForms, ProductVersion: 2026.1.210.462, Flags: None
      - \\FEAP1313L\Users\edward.barreras\source\repos\LIVE\MIA SRC\lib\RCWF\2026.1.210.462\Telerik.WinControls.Themes.Windows8.dll
        ProductCode: RCWF, LicenseDate: 2026-02-10, ProductName: Telerik UI for WinForms, ProductVersion: 2026.1.210.462, Flags: None
      - \\FEAP1313L\Users\edward.barreras\source\repos\LIVE\MIA SRC\lib\RCWF\2026.1.210.462\Telerik.WinControls.UI.dll
        ProductCode: RCWF, LicenseDate: 2026-02-10, ProductName: Telerik UI for WinForms, ProductVersion: 2026.1.210.462, Flags: None
      - \\FEAP1313L\Users\edward.barreras\source\repos\LIVE\MIA SRC\lib\RCWF\2026.1.210.462\Telerik.Windows.Documents.Core.dll
        ProductCode: DPL, LicenseDate: 2026-02-10, Redistributed By: RCWPF, RCWF, MAUI, UIXAM, WINUI, RCAJAX, KENDOUIMVC, UIASPCORE, BLAZOR, ProductName: Telerik Document Processing Libraries, ProductVersion: 2026.1.210.462, Flags: None
      - \\FEAP1313L\Users\edward.barreras\source\repos\LIVE\MIA SRC\lib\RCWF\2026.1.210.462\Telerik.Windows.Documents.Fixed.dll
        ProductCode: DPL, LicenseDate: 2026-02-10, Redistributed By: RCWPF, RCWF, MAUI, UIXAM, WINUI, RCAJAX, KENDOUIMVC, UIASPCORE, BLAZOR, ProductName: Telerik Document Processing Libraries, ProductVersion: 2026.1.210.462, Flags: None
      - \\FEAP1313L\Users\edward.barreras\source\repos\LIVE\MIA SRC\lib\RCWF\2026.1.210.462\Telerik.Windows.Documents.Spreadsheet.dll
        ProductCode: DPL, LicenseDate: 2026-02-10, Redistributed By: RCWPF, RCWF, MAUI, UIXAM, WINUI, RCAJAX, KENDOUIMVC, UIASPCORE, BLAZOR, ProductName: Telerik Document Processing Libraries, ProductVersion: 2026.1.210.462, Flags: None
      - \\FEAP1313L\Users\edward.barreras\source\repos\LIVE\MIA SRC\lib\RCWF\2026.1.210.462\Telerik.Windows.Documents.Spreadsheet.FormatProviders.Pdf.dll
        ProductCode: DPL, LicenseDate: 2026-02-10, Redistributed By: RCWPF, RCWF, MAUI, UIXAM, WINUI, RCAJAX, KENDOUIMVC, UIASPCORE, BLAZOR, ProductName: Telerik Document Processing Libraries, ProductVersion: 2026.1.210.462, Flags: None
      - \\FEAP1313L\Users\edward.barreras\source\repos\LIVE\MIA SRC\lib\RCWF\2026.1.210.462\Telerik.Windows.Documents.Spreadsheet.FormatProviders.Xls.dll
        ProductCode: DPL, LicenseDate: 2026-02-10, Redistributed By: RCWPF, RCWF, MAUI, UIXAM, WINUI, RCAJAX, KENDOUIMVC, UIASPCORE, BLAZOR, ProductName: Telerik Document Processing Libraries, ProductVersion: 2026.1.210.462, Flags: None
      - \\FEAP1313L\Users\edward.barreras\source\repos\LIVE\MIA SRC\lib\RCWF\2026.1.210.462\Telerik.Windows.Zip.dll
        ProductCode: DPL, LicenseDate: 2026-02-10, Redistributed By: RCWPF, RCWF, MAUI, UIXAM, WINUI, RCAJAX, KENDOUIMVC, UIASPCORE, BLAZOR, ProductName: Telerik Document Processing Libraries, ProductVersion: 2026.1.210.462, Flags: None
      - \\FEAP1313L\Users\edward.barreras\source\repos\LIVE\MIA SRC\lib\RCWF\2026.1.210.462\TelerikCommon.dll
        ProductCode: RCWF, LicenseDate: 2026-02-10, ProductName: Telerik UI for WinForms, ProductVersion: 2026.1.210.462, Flags: None
      - \\FEAP1313L\Users\edward.barreras\source\repos\LIVE\MIA SRC\lib\RCWF\2026.1.210.462\TelerikExport.dll
        ProductCode: RCWF, LicenseDate: 2026-02-10, ProductName: Telerik UI for WinForms, ProductVersion: 2026.1.210.462, Flags: None
      Unique Products:
      - "Telerik Document Processing Libraries" (DPL) 2026.1.210.462 @2026-02-10
      - "Telerik UI for WinForms" (RCWF) 2026.1.210.462 @2026-02-10
      - "Telerik Reporting" (REPORTING) 19.1.25.521 @2025-05-21
      Found a total of 3 referenced Telerik products for 

[2026-03-23 14:35:39.665] [Low]   Provision Licensing
        Looking up license file...
        - EnvironmentVariablePath: TELERIK_LICENSE_PATH (NotAvailable)
        - EnvironmentVariable: TELERIK_LICENSE (NotAvailable)
        - EnvironmentVariable: KENDO_UI_LICENSE (NotAvailable)
        - RecursiveFilePath: \\FEAP1313L\Users\edward.barreras\source\repos\LIVE\MIA SRC\ERP\telerik-license.txt (NotAvailable)
        - RecursiveFilePath: \\FEAP1313L\Users\edward.barreras\source\repos\LIVE\MIA SRC\ERP\kendo-ui-license.txt (NotAvailable)
        - RecursiveFilePath: \\FEAP1313L\Users\edward.barreras\source\repos\LIVE\MIA SRC\telerik-license.txt (LicenseFound)
        - RecursiveFilePath: \\FEAP1313L\Users\edward.barreras\source\repos\LIVE\MIA SRC\kendo-ui-license.txt (Skip)
        - RecursiveFilePath: \\FEAP1313L\Users\edward.barreras\source\repos\LIVE\telerik-license.txt (Skip)
        - RecursiveFilePath: \\FEAP1313L\Users\edward.barreras\source\repos\LIVE\kendo-ui-license.txt (Skip)
        - RecursiveFilePath: \\FEAP1313L\Users\edward.barreras\source\repos\telerik-license.txt (Skip)
        - RecursiveFilePath: \\FEAP1313L\Users\edward.barreras\source\repos\kendo-ui-license.txt (Skip)
        - RecursiveFilePath: \\FEAP1313L\Users\edward.barreras\source\telerik-license.txt (Skip)
        - RecursiveFilePath: \\FEAP1313L\Users\edward.barreras\source\kendo-ui-license.txt (Skip)
        - RecursiveFilePath: \\FEAP1313L\Users\edward.barreras\telerik-license.txt (Skip)
        - RecursiveFilePath: \\FEAP1313L\Users\edward.barreras\kendo-ui-license.txt (Skip)
        - RecursiveFilePath: \\FEAP1313L\Users\telerik-license.txt (Skip)
        - RecursiveFilePath: \\FEAP1313L\Users\kendo-ui-license.txt (Skip)
        - UserDirectory: C:\Users\edward.barreras\AppData\Roaming\Telerik\telerik-license.txt (Skip)
        - UserDirectory: C:\Users\edward.barreras\AppData\Roaming\Telerik\kendo-ui-license.txt (Skip)
        LicenseKey
        - AUD: f***.m**@f***************.com
        - UsedId: ab69b8b5-c84c-45ed-8228-81dac868c759
        - LicenseId: e7eaafda-87c7-42d6-9ce6-49a541b8c4ed
        - IssuedAt: 1/20/2026 6:35:06 AM
        - Licenses
          0) Perpetual BLAZOR, expiration 9/25/2027 12:49:33 PM, type: 'perpetual'
          1) Perpetual JM, expiration 9/25/2027 12:49:33 PM, type: 'perpetual'
          2) Perpetual KENDOUIANGULAR, expiration 9/25/2027 12:49:33 PM, type: 'perpetual'
          3) Perpetual KENDOUICOMPLETE, expiration 9/25/2027 12:49:33 PM, type: 'perpetual'
          4) Perpetual KENDOUIMVC, expiration 9/25/2027 12:49:33 PM, type: 'perpetual'
          5) Perpetual KENDOUIREACT, expiration 9/25/2027 12:49:33 PM, type: 'perpetual'
          6) Perpetual KENDOUIVUE, expiration 9/25/2027 12:49:33 PM, type: 'perpetual'
          7) Perpetual MAUI, expiration 9/25/2027 12:49:33 PM, type: 'perpetual'
          8) Perpetual RCAJAX, expiration 9/25/2027 12:49:33 PM, type: 'perpetual'
          9) Perpetual RCWF, expiration 9/25/2027 12:49:33 PM, type: 'perpetual'
          10) Perpetual RCWPF, expiration 9/25/2027 12:49:33 PM, type: 'perpetual'
          11) Perpetual REPORTING, expiration 9/25/2027 12:49:33 PM, type: 'perpetual'
          12) Perpetual REPORTSERVER, expiration 9/25/2027 12:49:33 PM, type: 'perpetual'
          13) Perpetual UIASPCORE, expiration 9/25/2027 12:49:33 PM, type: 'perpetual'
          14) Perpetual UIXAM, expiration 2/19/2025 6:00:00 AM, type: 'perpetual'
          15) Perpetual WINUI, expiration 9/25/2027 12:49:33 PM, type: 'perpetual'
          16) Usage UserId: ab69b8b5-c84c-45ed-8228-81dac868c759, LicenseId: e7eaafda-87c7-42d6-9ce6-49a541b8c4ed, type: 'usage'

[2026-03-23 14:35:39.678] [Low]   License Resolution
        Messages
          - License OK for "Telerik UI for WinForms" (RCWF) 2026.1.210.462 @2026-02-10 - Perpetual, valid until 2027-09-25.
          - License OK for "Telerik Reporting" (REPORTING) 19.1.25.521 @2025-05-21 - Perpetual, valid until 2027-09-25.
          - License OK for "Telerik Document Processing Libraries" (DPL) 2026.1.210.462 @2026-02-10 - Perpetual for RCWF, valid until 2027-09-25.
        JWTs
          - eyJhbGciOiJSUzI1NiIsInR5cCI6IlRlbGVyaWsgTGljZW5zZSBFdmlkZW5jZSJ9.eyJjb2RlIjoiUkNXRiIsInR5cGUiOiJwZXJwZXR1YWwiLCJleHBpcmF0aW9uIjoxODIxODc2NTczLCJ1c2VySWQiOiJhYjY5YjhiNS1jODRjLTQ1ZWQtODIyOC04MWRhYzg2OGM3NTkiLCJsaWNlbnNlSWQiOiJlN2VhYWZkYS04N2M3LTQyZDYtOWNlNi00OWE1NDFiOGM0ZWQifQ.H8sxX5O2T3i22Uhy0PFV3YDo-lS1iHVocWX9Eu-82PheI3XbKMkEr7QiChWfuNwS9afgR7PMGy4_nx9HXRV5V9cRQ1zWvIkJsG2EbadPtKlygaAkCh-FXSRVflm3WITNHIAYfazZa26sHSnqBW_XRbH3o0GQkqVYkLlxLuLuKa4M7LlA1KtQZcVFhOH2oaXQoxfrkUMQxNFCz0JdI76T1YJNrAwxpXri8KUzfoDwKhY-IhN-bU25hJs19yGvWykTuZqrZ3lv603aQkaCaPnlF_tHROsmC7nbV4aaxaSHRF1PVD5lqsAhkA5OdGmqH8Kq9F5mhRXVVwYWf3WBcxZKkg
          - eyJhbGciOiJSUzI1NiIsInR5cCI6IlRlbGVyaWsgTGljZW5zZSBFdmlkZW5jZSJ9.eyJjb2RlIjoiUkVQT1JUSU5HIiwidHlwZSI6InBlcnBldHVhbCIsImV4cGlyYXRpb24iOjE4MjE4NzY1NzMsInVzZXJJZCI6ImFiNjliOGI1LWM4NGMtNDVlZC04MjI4LTgxZGFjODY4Yzc1OSIsImxpY2Vuc2VJZCI6ImU3ZWFhZmRhLTg3YzctNDJkNi05Y2U2LTQ5YTU0MWI4YzRlZCJ9.vMdezVVvhtRG-iThgXrXFDyr8L394y38spuHWK9Cyc_b9XZ2iHzEwyT9dLgOqBfvEQM3-GKFcOW6O4-_SSwoIjNhm9paVKSVEmeonMfEOgZjOXuqYFCrXmegYUefJNkHmL6P9cB0CPtA_PThVXqg_RGtCMGEoTW_ISG2ymjLnKXwuGf3uQoTxYWCmdBVMAeZHBlzpUh7aJ78fWmWbIvGf_jrykaFhCaWML2yJHyAjHIH1uzf088pGqdOeDvhBQsIva3Hg0KPLptC4ZqxkkVyYHFvvqFgwwkv8O3ex6Df238honjg-11aXIid1Ad6SSsrqEuKqHBUF__HbdhN0AvfLg
        Licenses
          - License OK for "Telerik UI for WinForms" (RCWF) 2026.1.210.462 @2026-02-10 - Perpetual, valid until 2027-09-25.
          - License OK for "Telerik Reporting" (REPORTING) 19.1.25.521 @2025-05-21 - Perpetual, valid until 2027-09-25.
          - License OK for "Telerik Document Processing Libraries" (DPL) 2026.1.210.462 @2026-02-10 - Perpetual for RCWF, valid until 2027-09-25.

[2026-03-23 14:35:39.682] [Low] OutputType: WinExe, ImportXamlTargets: True
[2026-03-23 14:35:39.699] [Low] 
      Call-Home Telerik Products (3 for )
      - "Telerik UI for WinForms" (RCWF) 2026.1.210
      - "DPL" (DPL) 2026.1.210
      - "Telerik Reporting" (REPORTING) 19.1.25

[2026-03-23 14:35:39.700] [Low] 
[2026-03-23 14:35:39.702] [Low] 
      Call-Home Telerik Features (0 for )

[2026-03-23 14:35:39.702] [Low] 
[2026-03-23 14:35:39.768] [Low]   Report Telerik.Licensing
        UserId: ab69b8b5-c84c-45ed-8228-81dac868c759
        LicenseId: e7eaafda-87c7-42d6-9ce6-49a541b8c4ed
        Products
        - LicenseUsed RCWF 2026.1.210.462 SKIPPED
        - LicenseUsed REPORTING 19.1.25.521 SKIPPED
        - LicenseUsed DPL 2026.1.210.462 SKIPPED
      Report finished in 00:00:00.0580657

[2026-03-23 14:35:39.769] [Low]   Sending Telemetry...
[2026-03-23 14:35:39.798] [Low]   Metrics done 00:00:00.0290035
[2026-03-23 14:35:39.800] [Normal] Resolve Telerik Products. Done (00:00:00.5339560) for 
[2026-03-23 14:36:28.151] [Normal] Resolve Telerik Products.
  MSBuildProjectName=2
  MSBuildProjectDirectory=\\FEAP1313L\Users\edward.barreras\source\repos\LIVE\MIA SRC\ERP
  MSBuildProjectExtension=.vbproj
  Language=VB
  OutputPath=bin\Debug\
  Platform=AnyCPU
  TargetFramework=
  TargetFrameworks=
  TargetFrameworkVersion=v4.8
  VisualStudioVersion=17.0
  UsingMicrosoftNETSdk=
  UsingMicrosoftNETSdkRazor=
  UsingMicrosoftNETSdkWeb=
  ImportXamlTargets=True
  OutputType=WinExe
  UseMaui=
  NuGetPackageRoot=

  PackageReferences
  ReferencePaths
  - BouncyCastle.Crypto.dll 1.8.3 at \\FEAP1313L\Users\edward.barreras\source\repos\LIVE\MIA SRC\packages\BouncyCastle.1.8.3.1\lib\BouncyCastle.Crypto.dll
  - BouncyCastle.Cryptography.dll 2.5.1 at \\FEAP1313L\Users\edward.barreras\source\repos\LIVE\MIA SRC\packages\BouncyCastle.Cryptography.2.5.1\lib\net461\BouncyCastle.Cryptography.dll
  - ClosedXML.dll 0.96.0 at \\FEAP1313L\Users\edward.barreras\source\repos\LIVE\MIA SRC\packages\ClosedXML.0.96.0\lib\net40\ClosedXML.dll
  - DocumentFormat.OpenXml.dll 2.16.0 at \\FEAP1313L\Users\edward.barreras\source\repos\LIVE\MIA SRC\packages\DocumentFormat.OpenXml.2.16.0\lib\net40\DocumentFormat.OpenXml.dll
  - ExcelNumberFormat.dll 1.1.0 at \\FEAP1313L\Users\edward.barreras\source\repos\LIVE\MIA SRC\packages\ExcelNumberFormat.1.1.0\lib\net20\ExcelNumberFormat.dll
  - FEAPNS.dll 1.0.0 at \\FEAP1313L\Users\edward.barreras\source\repos\LIVE\MIA SRC\ERP\bin\Debug\FEAPNS.dll
  - Gma.QrCodeNet.Encoding.dll 0.4.1 at \\FEAP1313L\Users\edward.barreras\source\repos\LIVE\MIA SRC\packages\Gma.QrCodeNet.0.4.1.2\lib\net40\Gma.QrCodeNet.Encoding.dll
  - Google.Protobuf.dll 3.30.0 at \\FEAP1313L\Users\edward.barreras\source\repos\LIVE\MIA SRC\packages\Google.Protobuf.3.30.0\lib\net45\Google.Protobuf.dll
  - K4os.Compression.LZ4.dll 1.3.8 at \\FEAP1313L\Users\edward.barreras\source\repos\LIVE\MIA SRC\packages\K4os.Compression.LZ4.1.3.8\lib\net462\K4os.Compression.LZ4.dll
  - K4os.Compression.LZ4.Streams.dll 1.3.8 at \\FEAP1313L\Users\edward.barreras\source\repos\LIVE\MIA SRC\packages\K4os.Compression.LZ4.Streams.1.3.8\lib\net462\K4os.Compression.LZ4.Streams.dll
  - K4os.Hash.xxHash.dll 1.0.8 at \\FEAP1313L\Users\edward.barreras\source\repos\LIVE\MIA SRC\packages\K4os.Hash.xxHash.1.0.8\lib\net462\K4os.Hash.xxHash.dll
  - MIA-Linq.dll 1.0.0 at \\FEAP1313L\Users\edward.barreras\source\repos\LIVE\MIA SRC\ERP\bin\Debug\MIA-Linq.dll
  - MIA-Report.dll 1.0.0 at \\FEAP1313L\Users\edward.barreras\source\repos\LIVE\MIA SRC\ERP\bin\Debug\MIA-Report.dll
  - Microsoft.Bcl.AsyncInterfaces.dll 5.0.0 at \\FEAP1313L\Users\edward.barreras\source\repos\LIVE\MIA SRC\packages\Microsoft.Bcl.AsyncInterfaces.5.0.0\lib\net461\Microsoft.Bcl.AsyncInterfaces.dll
  - Microsoft.CSharp.dll 4.8.3761 at C:\Program Files (x86)\Reference Assemblies\Microsoft\Framework\.NETFramework\v4.8\Microsoft.CSharp.dll
  - MySql.Data.dll 9.4.0 at \\FEAP1313L\Users\edward.barreras\source\repos\LIVE\MIA SRC\packages\MySql.Data.9.4.0\lib\net48\MySql.Data.dll
  - Newtonsoft.Json.dll 13.0.3 at \\FEAP1313L\Users\edward.barreras\source\repos\LIVE\MIA SRC\packages\Newtonsoft.Json.13.0.3\lib\net45\Newtonsoft.Json.dll
  - SRCDailyReportv2.dll 1.0.0 at \\FEAP1313L\Users\edward.barreras\source\repos\LIVE\MIA SRC\ERP\bin\Debug\SRCDailyReportv2.dll
  - System.Buffers.dll 4.6.28619 at \\FEAP1313L\Users\edward.barreras\source\repos\LIVE\MIA SRC\packages\System.Buffers.4.5.1\lib\net461\System.Buffers.dll
  - System.ComponentModel.DataAnnotations.dll 4.8.3761 at C:\Program Files (x86)\Reference Assemblies\Microsoft\Framework\.NETFramework\v4.8\System.ComponentModel.DataAnnotations.dll
  - System.ComponentModel.dll 4.8.3761 at C:\Program Files (x86)\Reference Assemblies\Microsoft\Framework\.NETFramework\v4.8\Facades\System.ComponentModel.dll
  - System.Configuration.ConfigurationManager.dll 8.0.0 at \\FEAP1313L\Users\edward.barreras\source\repos\LIVE\MIA SRC\packages\System.Configuration.ConfigurationManager.8.0.0\lib\net462\System.Configuration.ConfigurationManager.dll
  - System.Configuration.dll 4.8.3761 at C:\Program Files (x86)\Reference Assemblies\Microsoft\Framework\.NETFramework\v4.8\System.Configuration.dll
  - System.Configuration.Install.dll 4.8.3761 at C:\Program Files (x86)\Reference Assemblies\Microsoft\Framework\.NETFramework\v4.8\System.Configuration.Install.dll
  - System.Core.dll 4.8.3761 at C:\Program Files (x86)\Reference Assemblies\Microsoft\Framework\.NETFramework\v4.8\System.Core.dll
  - System.Data.DataSetExtensions.dll 4.8.3761 at C:\Program Files (x86)\Reference Assemblies\Microsoft\Framework\.NETFramework\v4.8\System.Data.DataSetExtensions.dll
  - System.Data.dll 4.8.3761 at C:\Program Files (x86)\Reference Assemblies\Microsoft\Framework\.NETFramework\v4.8\System.Data.dll
  - System.Data.OleDb.dll 9.0.2 at \\FEAP1313L\Users\edward.barreras\source\repos\LIVE\MIA SRC\packages\System.Data.OleDb.9.0.2\lib\net462\System.Data.OleDb.dll
  - System.Deployment.dll 4.8.3761 at C:\Program Files (x86)\Reference Assemblies\Microsoft\Framework\.NETFramework\v4.8\System.Deployment.dll
  - System.Diagnostics.DiagnosticSource.dll 8.0.4 at \\FEAP1313L\Users\edward.barreras\source\repos\LIVE\MIA SRC\packages\System.Diagnostics.DiagnosticSource.8.0.1\lib\net462\System.Diagnostics.DiagnosticSource.dll
  - System.dll 4.8.3761 at C:\Program Files (x86)\Reference Assemblies\Microsoft\Framework\.NETFramework\v4.8\System.dll
  - System.Drawing.Design.dll 4.8.3761 at C:\Program Files (x86)\Reference Assemblies\Microsoft\Framework\.NETFramework\v4.8\System.Drawing.Design.dll
  - System.Drawing.dll 4.8.3761 at C:\Program Files (x86)\Reference Assemblies\Microsoft\Framework\.NETFramework\v4.8\System.Drawing.dll
  - System.IO.Pipelines.dll 5.0.15 at \\FEAP1313L\Users\edward.barreras\source\repos\LIVE\MIA SRC\packages\System.IO.Pipelines.5.0.2\lib\net461\System.IO.Pipelines.dll
  - System.Management.dll 4.8.3761 at C:\Program Files (x86)\Reference Assemblies\Microsoft\Framework\.NETFramework\v4.8\System.Management.dll
  - System.Memory.dll 4.6.31308 at \\FEAP1313L\Users\edward.barreras\source\repos\LIVE\MIA SRC\packages\System.Memory.4.5.5\lib\net461\System.Memory.dll
  - System.Messaging.dll 4.8.3761 at C:\Program Files (x86)\Reference Assemblies\Microsoft\Framework\.NETFramework\v4.8\System.Messaging.dll
  - System.Net.Http.Formatting.dll 5.2.7 at C:\Program Files\Microsoft Visual Studio\2022\Community\Common7\IDE\PublicAssemblies\System.Net.Http.Formatting.dll
  - System.Numerics.dll 4.8.3761 at C:\Program Files (x86)\Reference Assemblies\Microsoft\Framework\.NETFramework\v4.8\System.Numerics.dll
  - System.Numerics.Vectors.dll 4.6.26515 at \\FEAP1313L\Users\edward.barreras\source\repos\LIVE\MIA SRC\packages\System.Numerics.Vectors.4.5.0\lib\net46\System.Numerics.Vectors.dll
  - System.Runtime.CompilerServices.Unsafe.dll 6.1.0 at \\FEAP1313L\Users\edward.barreras\source\repos\LIVE\MIA SRC\packages\System.Runtime.CompilerServices.Unsafe.6.1.0\lib\net462\System.Runtime.CompilerServices.Unsafe.dll
  - System.Threading.Tasks.Extensions.dll 4.6.0 at \\FEAP1313L\Users\edward.barreras\source\repos\LIVE\MIA SRC\packages\System.Threading.Tasks.Extensions.4.6.0\lib\net462\System.Threading.Tasks.Extensions.dll
  - System.Transactions.dll 4.8.3761 at C:\Program Files (x86)\Reference Assemblies\Microsoft\Framework\.NETFramework\v4.8\System.Transactions.dll
  - System.Web.Extensions.dll 4.8.3761 at C:\Program Files (x86)\Reference Assemblies\Microsoft\Framework\.NETFramework\v4.8\System.Web.Extensions.dll
  - System.Windows.Forms.dll 4.8.3761 at C:\Program Files (x86)\Reference Assemblies\Microsoft\Framework\.NETFramework\v4.8\System.Windows.Forms.dll
  - System.Xml.dll 4.8.3761 at C:\Program Files (x86)\Reference Assemblies\Microsoft\Framework\.NETFramework\v4.8\System.Xml.dll
  - System.Xml.Linq.dll 4.8.3761 at C:\Program Files (x86)\Reference Assemblies\Microsoft\Framework\.NETFramework\v4.8\System.Xml.Linq.dll
  - Telerik.Documents.SpreadsheetStreaming.dll 2026.1.210 at \\FEAP1313L\Users\edward.barreras\source\repos\LIVE\MIA SRC\lib\RCWF\2026.1.210.462\Telerik.Documents.SpreadsheetStreaming.dll
  - Telerik.Licensing.Runtime.dll 1.8.2 at \\FEAP1313L\Users\edward.barreras\source\repos\LIVE\MIA SRC\packages\Telerik.Licensing.1.8.2\lib\net462\Telerik.Licensing.Runtime.dll
  - Telerik.Reporting.dll 19.1.25 at \\FEAP1313L\Users\edward.barreras\source\repos\LIVE\MIA SRC\ERP\bin\Debug\Telerik.Reporting.dll
  - Telerik.Reporting.Services.HttpClient.dll 19.1.25 at \\FEAP1313L\Users\edward.barreras\source\repos\LIVE\MIA SRC\ERP\bin\Debug\Telerik.Reporting.Services.HttpClient.dll
  - Telerik.Reporting.Services.ServiceStack.dll 19.1.25 at \\FEAP1313L\Users\edward.barreras\source\repos\LIVE\MIA SRC\ERP\bin\Debug\Telerik.Reporting.Services.ServiceStack.dll
  - Telerik.ReportViewer.WinForms.dll 19.1.25 at \\FEAP1313L\Users\edward.barreras\source\repos\LIVE\MIA SRC\ERP\bin\Debug\Telerik.ReportViewer.WinForms.dll
  - Telerik.ReportViewer.Wpf.dll 19.1.25 at \\FEAP1313L\Users\edward.barreras\source\repos\LIVE\MIA SRC\ERP\bin\Debug\Telerik.ReportViewer.Wpf.dll
  - Telerik.WinControls.dll 2026.1.210 at \\FEAP1313L\Users\edward.barreras\source\repos\LIVE\MIA SRC\lib\RCWF\2026.1.210.462\Telerik.WinControls.dll
  - Telerik.WinControls.GridView.dll 2026.1.210 at \\FEAP1313L\Users\edward.barreras\source\repos\LIVE\MIA SRC\lib\RCWF\2026.1.210.462\Telerik.WinControls.GridView.dll
  - Telerik.WinControls.RadDock.dll 2026.1.210 at \\FEAP1313L\Users\edward.barreras\source\repos\LIVE\MIA SRC\lib\RCWF\2026.1.210.462\Telerik.WinControls.RadDock.dll
  - Telerik.WinControls.Themes.Aqua.dll 2026.1.210 at \\FEAP1313L\Users\edward.barreras\source\repos\LIVE\MIA SRC\lib\RCWF\2026.1.210.462\Telerik.WinControls.Themes.Aqua.dll
  - Telerik.WinControls.Themes.Breeze.dll 2026.1.210 at \\FEAP1313L\Users\edward.barreras\source\repos\LIVE\MIA SRC\lib\RCWF\2026.1.210.462\Telerik.WinControls.Themes.Breeze.dll
  - Telerik.WinControls.Themes.Crystal.dll 2026.1.210 at \\FEAP1313L\Users\edward.barreras\source\repos\LIVE\MIA SRC\lib\RCWF\2026.1.210.462\Telerik.WinControls.Themes.Crystal.dll
  - Telerik.WinControls.Themes.CrystalDark.dll 2026.1.210 at \\FEAP1313L\Users\edward.barreras\source\repos\LIVE\MIA SRC\lib\RCWF\2026.1.210.462\Telerik.WinControls.Themes.CrystalDark.dll
  - Telerik.WinControls.Themes.Desert.dll 2026.1.210 at \\FEAP1313L\Users\edward.barreras\source\repos\LIVE\MIA SRC\lib\RCWF\2026.1.210.462\Telerik.WinControls.Themes.Desert.dll
  - Telerik.WinControls.Themes.Fluent.dll 2026.1.210 at \\FEAP1313L\Users\edward.barreras\source\repos\LIVE\MIA SRC\lib\RCWF\2026.1.210.462\Telerik.WinControls.Themes.Fluent.dll
  - Telerik.WinControls.Themes.FluentDark.dll 2026.1.210 at \\FEAP1313L\Users\edward.barreras\source\repos\LIVE\MIA SRC\lib\RCWF\2026.1.210.462\Telerik.WinControls.Themes.FluentDark.dll
  - Telerik.WinControls.Themes.HighContrastBlack.dll 2026.1.210 at \\FEAP1313L\Users\edward.barreras\source\repos\LIVE\MIA SRC\lib\RCWF\2026.1.210.462\Telerik.WinControls.Themes.HighContrastBlack.dll
  - Telerik.WinControls.Themes.Material.dll 2026.1.210 at \\FEAP1313L\Users\edward.barreras\source\repos\LIVE\MIA SRC\lib\RCWF\2026.1.210.462\Telerik.WinControls.Themes.Material.dll
  - Telerik.WinControls.Themes.MaterialBlueGrey.dll 2026.1.210 at \\FEAP1313L\Users\edward.barreras\source\repos\LIVE\MIA SRC\lib\RCWF\2026.1.210.462\Telerik.WinControls.Themes.MaterialBlueGrey.dll
  - Telerik.WinControls.Themes.MaterialPink.dll 2026.1.210 at \\FEAP1313L\Users\edward.barreras\source\repos\LIVE\MIA SRC\lib\RCWF\2026.1.210.462\Telerik.WinControls.Themes.MaterialPink.dll
  - Telerik.WinControls.Themes.MaterialTeal.dll 2026.1.210 at \\FEAP1313L\Users\edward.barreras\source\repos\LIVE\MIA SRC\lib\RCWF\2026.1.210.462\Telerik.WinControls.Themes.MaterialTeal.dll
  - Telerik.WinControls.Themes.Office2007Black.dll 2026.1.210 at \\FEAP1313L\Users\edward.barreras\source\repos\LIVE\MIA SRC\lib\RCWF\2026.1.210.462\Telerik.WinControls.Themes.Office2007Black.dll
  - Telerik.WinControls.Themes.Office2010Black.dll 2026.1.210 at \\FEAP1313L\Users\edward.barreras\source\repos\LIVE\MIA SRC\lib\RCWF\2026.1.210.462\Telerik.WinControls.Themes.Office2010Black.dll
  - Telerik.WinControls.Themes.Office2010Blue.dll 2026.1.210 at \\FEAP1313L\Users\edward.barreras\source\repos\LIVE\MIA SRC\lib\RCWF\2026.1.210.462\Telerik.WinControls.Themes.Office2010Blue.dll
  - Telerik.WinControls.Themes.Office2010Silver.dll 2026.1.210 at \\FEAP1313L\Users\edward.barreras\source\repos\LIVE\MIA SRC\lib\RCWF\2026.1.210.462\Telerik.WinControls.Themes.Office2010Silver.dll
  - Telerik.WinControls.Themes.Office2013Dark.dll 2026.1.210 at \\FEAP1313L\Users\edward.barreras\source\repos\LIVE\MIA SRC\lib\RCWF\2026.1.210.462\Telerik.WinControls.Themes.Office2013Dark.dll
  - Telerik.WinControls.Themes.Office2013Light.dll 2026.1.210 at \\FEAP1313L\Users\edward.barreras\source\repos\LIVE\MIA SRC\lib\RCWF\2026.1.210.462\Telerik.WinControls.Themes.Office2013Light.dll
  - Telerik.WinControls.Themes.TelerikMetroBlue.dll 2026.1.210 at \\FEAP1313L\Users\edward.barreras\source\repos\LIVE\MIA SRC\lib\RCWF\2026.1.210.462\Telerik.WinControls.Themes.TelerikMetroBlue.dll
  - Telerik.WinControls.Themes.VisualStudio2012Dark.dll 2026.1.210 at \\FEAP1313L\Users\edward.barreras\source\repos\LIVE\MIA SRC\lib\RCWF\2026.1.210.462\Telerik.WinControls.Themes.VisualStudio2012Dark.dll
  - Telerik.WinControls.Themes.VisualStudio2012Light.dll 2026.1.210 at \\FEAP1313L\Users\edward.barreras\source\repos\LIVE\MIA SRC\lib\RCWF\2026.1.210.462\Telerik.WinControls.Themes.VisualStudio2012Light.dll
  - Telerik.WinControls.Themes.Windows7.dll 2026.1.210 at \\FEAP1313L\Users\edward.barreras\source\repos\LIVE\MIA SRC\lib\RCWF\2026.1.210.462\Telerik.WinControls.Themes.Windows7.dll
  - Telerik.WinControls.Themes.Windows8.dll 2026.1.210 at \\FEAP1313L\Users\edward.barreras\source\repos\LIVE\MIA SRC\lib\RCWF\2026.1.210.462\Telerik.WinControls.Themes.Windows8.dll
  - Telerik.WinControls.UI.dll 2026.1.210 at \\FEAP1313L\Users\edward.barreras\source\repos\LIVE\MIA SRC\lib\RCWF\2026.1.210.462\Telerik.WinControls.UI.dll
  - Telerik.Windows.Documents.Core.dll 2026.1.210 at \\FEAP1313L\Users\edward.barreras\source\repos\LIVE\MIA SRC\lib\RCWF\2026.1.210.462\Telerik.Windows.Documents.Core.dll
  - Telerik.Windows.Documents.Fixed.dll 2026.1.210 at \\FEAP1313L\Users\edward.barreras\source\repos\LIVE\MIA SRC\lib\RCWF\2026.1.210.462\Telerik.Windows.Documents.Fixed.dll
  - Telerik.Windows.Documents.Spreadsheet.dll 2026.1.210 at \\FEAP1313L\Users\edward.barreras\source\repos\LIVE\MIA SRC\lib\RCWF\2026.1.210.462\Telerik.Windows.Documents.Spreadsheet.dll
  - Telerik.Windows.Documents.Spreadsheet.FormatProviders.OpenXml.dll 2026.1.210 at \\FEAP1313L\Users\edward.barreras\source\repos\LIVE\MIA SRC\lib\RCWF\2026.1.210.462\Telerik.Windows.Documents.Spreadsheet.FormatProviders.OpenXml.dll
  - Telerik.Windows.Documents.Spreadsheet.FormatProviders.Pdf.dll 2026.1.210 at \\FEAP1313L\Users\edward.barreras\source\repos\LIVE\MIA SRC\lib\RCWF\2026.1.210.462\Telerik.Windows.Documents.Spreadsheet.FormatProviders.Pdf.dll
  - Telerik.Windows.Documents.Spreadsheet.FormatProviders.Xls.dll 2026.1.210 at \\FEAP1313L\Users\edward.barreras\source\repos\LIVE\MIA SRC\lib\RCWF\2026.1.210.462\Telerik.Windows.Documents.Spreadsheet.FormatProviders.Xls.dll
  - Telerik.Windows.Zip.dll 2026.1.210 at \\FEAP1313L\Users\edward.barreras\source\repos\LIVE\MIA SRC\lib\RCWF\2026.1.210.462\Telerik.Windows.Zip.dll
  - TelerikCommon.dll 2026.1.210 at \\FEAP1313L\Users\edward.barreras\source\repos\LIVE\MIA SRC\lib\RCWF\2026.1.210.462\TelerikCommon.dll
  - TelerikExport.dll 2026.1.210 at \\FEAP1313L\Users\edward.barreras\source\repos\LIVE\MIA SRC\lib\RCWF\2026.1.210.462\TelerikExport.dll
  - Ubiety.Dns.Core.dll 2.2.1 at \\FEAP1313L\Users\edward.barreras\source\repos\LIVE\MIA SRC\ERP\bin\Debug\Ubiety.Dns.Core.dll
  - WindowsBase.dll 4.8.3761 at C:\Program Files (x86)\Reference Assemblies\Microsoft\Framework\.NETFramework\v4.8\WindowsBase.dll
  - ZstdSharp.dll 0.8.5 at \\FEAP1313L\Users\edward.barreras\source\repos\LIVE\MIA SRC\packages\ZstdSharp.Port.0.8.5\lib\net462\ZstdSharp.dll
  MachineId=2xQjveFWQf4bUNzPt3x/SIfuym0=

[2026-03-23 14:36:28.254] [Low]   Looking for Telerik product metadata in referenced assemblies
      - \\FEAP1313L\Users\edward.barreras\source\repos\LIVE\MIA SRC\lib\RCWF\2026.1.210.462\Telerik.Documents.SpreadsheetStreaming.dll
        ProductCode: DPL, LicenseDate: 2026-02-10, Redistributed By: RCWPF, RCWF, MAUI, UIXAM, WINUI, RCAJAX, KENDOUIMVC, UIASPCORE, BLAZOR, ProductName: Telerik Document Processing Libraries, ProductVersion: 2026.1.210.462, Flags: None
      - \\FEAP1313L\Users\edward.barreras\source\repos\LIVE\MIA SRC\ERP\bin\Debug\Telerik.Reporting.dll
        ProductCode: REPORTING, LicenseDate: 2025-05-21, ProductName: Telerik Reporting, ProductVersion: 19.1.25.521, Flags: None
      - \\FEAP1313L\Users\edward.barreras\source\repos\LIVE\MIA SRC\lib\RCWF\2026.1.210.462\Telerik.WinControls.dll
        ProductCode: RCWF, LicenseDate: 2026-02-10, ProductName: Telerik UI for WinForms, ProductVersion: 2026.1.210.462, Flags: None
      - \\FEAP1313L\Users\edward.barreras\source\repos\LIVE\MIA SRC\lib\RCWF\2026.1.210.462\Telerik.WinControls.GridView.dll
        ProductCode: RCWF, LicenseDate: 2026-02-10, ProductName: Telerik UI for WinForms, ProductVersion: 2026.1.210.462, Flags: None
      - \\FEAP1313L\Users\edward.barreras\source\repos\LIVE\MIA SRC\lib\RCWF\2026.1.210.462\Telerik.WinControls.RadDock.dll
        ProductCode: RCWF, LicenseDate: 2026-02-10, ProductName: Telerik UI for WinForms, ProductVersion: 2026.1.210.462, Flags: None
      - \\FEAP1313L\Users\edward.barreras\source\repos\LIVE\MIA SRC\lib\RCWF\2026.1.210.462\Telerik.WinControls.Themes.Aqua.dll
        ProductCode: RCWF, LicenseDate: 2026-02-10, ProductName: Telerik UI for WinForms, ProductVersion: 2026.1.210.462, Flags: None
      - \\FEAP1313L\Users\edward.barreras\source\repos\LIVE\MIA SRC\lib\RCWF\2026.1.210.462\Telerik.WinControls.Themes.Breeze.dll
        ProductCode: RCWF, LicenseDate: 2026-02-10, ProductName: Telerik UI for WinForms, ProductVersion: 2026.1.210.462, Flags: None
      - \\FEAP1313L\Users\edward.barreras\source\repos\LIVE\MIA SRC\lib\RCWF\2026.1.210.462\Telerik.WinControls.Themes.Crystal.dll
        ProductCode: RCWF, LicenseDate: 2026-02-10, ProductName: Telerik UI for WinForms, ProductVersion: 2026.1.210.462, Flags: None
      - \\FEAP1313L\Users\edward.barreras\source\repos\LIVE\MIA SRC\lib\RCWF\2026.1.210.462\Telerik.WinControls.Themes.CrystalDark.dll
        ProductCode: RCWF, LicenseDate: 2026-02-10, ProductName: Telerik UI for WinForms, ProductVersion: 2026.1.210.462, Flags: None
      - \\FEAP1313L\Users\edward.barreras\source\repos\LIVE\MIA SRC\lib\RCWF\2026.1.210.462\Telerik.WinControls.Themes.Desert.dll
        ProductCode: RCWF, LicenseDate: 2026-02-10, ProductName: Telerik UI for WinForms, ProductVersion: 2026.1.210.462, Flags: None
      - \\FEAP1313L\Users\edward.barreras\source\repos\LIVE\MIA SRC\lib\RCWF\2026.1.210.462\Telerik.WinControls.Themes.Fluent.dll
        ProductCode: RCWF, LicenseDate: 2026-02-10, ProductName: Telerik UI for WinForms, ProductVersion: 2026.1.210.462, Flags: None
      - \\FEAP1313L\Users\edward.barreras\source\repos\LIVE\MIA SRC\lib\RCWF\2026.1.210.462\Telerik.WinControls.Themes.FluentDark.dll
        ProductCode: RCWF, LicenseDate: 2026-02-10, ProductName: Telerik UI for WinForms, ProductVersion: 2026.1.210.462, Flags: None
      - \\FEAP1313L\Users\edward.barreras\source\repos\LIVE\MIA SRC\lib\RCWF\2026.1.210.462\Telerik.WinControls.Themes.HighContrastBlack.dll
        ProductCode: RCWF, LicenseDate: 2026-02-10, ProductName: Telerik UI for WinForms, ProductVersion: 2026.1.210.462, Flags: None
      - \\FEAP1313L\Users\edward.barreras\source\repos\LIVE\MIA SRC\lib\RCWF\2026.1.210.462\Telerik.WinControls.Themes.Material.dll
        ProductCode: RCWF, LicenseDate: 2026-02-10, ProductName: Telerik UI for WinForms, ProductVersion: 2026.1.210.462, Flags: None
      - \\FEAP1313L\Users\edward.barreras\source\repos\LIVE\MIA SRC\lib\RCWF\2026.1.210.462\Telerik.WinControls.Themes.MaterialBlueGrey.dll
        ProductCode: RCWF, LicenseDate: 2026-02-10, ProductName: Telerik UI for WinForms, ProductVersion: 2026.1.210.462, Flags: None
      - \\FEAP1313L\Users\edward.barreras\source\repos\LIVE\MIA SRC\lib\RCWF\2026.1.210.462\Telerik.WinControls.Themes.MaterialPink.dll
        ProductCode: RCWF, LicenseDate: 2026-02-10, ProductName: Telerik UI for WinForms, ProductVersion: 2026.1.210.462, Flags: None
      - \\FEAP1313L\Users\edward.barreras\source\repos\LIVE\MIA SRC\lib\RCWF\2026.1.210.462\Telerik.WinControls.Themes.MaterialTeal.dll
        ProductCode: RCWF, LicenseDate: 2026-02-10, ProductName: Telerik UI for WinForms, ProductVersion: 2026.1.210.462, Flags: None
      - \\FEAP1313L\Users\edward.barreras\source\repos\LIVE\MIA SRC\lib\RCWF\2026.1.210.462\Telerik.WinControls.Themes.Office2007Black.dll
        ProductCode: RCWF, LicenseDate: 2026-02-10, ProductName: Telerik UI for WinForms, ProductVersion: 2026.1.210.462, Flags: None
      - \\FEAP1313L\Users\edward.barreras\source\repos\LIVE\MIA SRC\lib\RCWF\2026.1.210.462\Telerik.WinControls.Themes.Office2010Black.dll
        ProductCode: RCWF, LicenseDate: 2026-02-10, ProductName: Telerik UI for WinForms, ProductVersion: 2026.1.210.462, Flags: None
      - \\FEAP1313L\Users\edward.barreras\source\repos\LIVE\MIA SRC\lib\RCWF\2026.1.210.462\Telerik.WinControls.Themes.Office2010Blue.dll
        ProductCode: RCWF, LicenseDate: 2026-02-10, ProductName: Telerik UI for WinForms, ProductVersion: 2026.1.210.462, Flags: None
      - \\FEAP1313L\Users\edward.barreras\source\repos\LIVE\MIA SRC\lib\RCWF\2026.1.210.462\Telerik.WinControls.Themes.Office2010Silver.dll
        ProductCode: RCWF, LicenseDate: 2026-02-10, ProductName: Telerik UI for WinForms, ProductVersion: 2026.1.210.462, Flags: None
      - \\FEAP1313L\Users\edward.barreras\source\repos\LIVE\MIA SRC\lib\RCWF\2026.1.210.462\Telerik.WinControls.Themes.Office2013Dark.dll
        ProductCode: RCWF, LicenseDate: 2026-02-10, ProductName: Telerik UI for WinForms, ProductVersion: 2026.1.210.462, Flags: None
      - \\FEAP1313L\Users\edward.barreras\source\repos\LIVE\MIA SRC\lib\RCWF\2026.1.210.462\Telerik.WinControls.Themes.Office2013Light.dll
        ProductCode: RCWF, LicenseDate: 2026-02-10, ProductName: Telerik UI for WinForms, ProductVersion: 2026.1.210.462, Flags: None
      - \\FEAP1313L\Users\edward.barreras\source\repos\LIVE\MIA SRC\lib\RCWF\2026.1.210.462\Telerik.WinControls.Themes.TelerikMetroBlue.dll
        ProductCode: RCWF, LicenseDate: 2026-02-10, ProductName: Telerik UI for WinForms, ProductVersion: 2026.1.210.462, Flags: None
      - \\FEAP1313L\Users\edward.barreras\source\repos\LIVE\MIA SRC\lib\RCWF\2026.1.210.462\Telerik.WinControls.Themes.VisualStudio2012Dark.dll
        ProductCode: RCWF, LicenseDate: 2026-02-10, ProductName: Telerik UI for WinForms, ProductVersion: 2026.1.210.462, Flags: None
      - \\FEAP1313L\Users\edward.barreras\source\repos\LIVE\MIA SRC\lib\RCWF\2026.1.210.462\Telerik.WinControls.Themes.VisualStudio2012Light.dll
        ProductCode: RCWF, LicenseDate: 2026-02-10, ProductName: Telerik UI for WinForms, ProductVersion: 2026.1.210.462, Flags: None
      - \\FEAP1313L\Users\edward.barreras\source\repos\LIVE\MIA SRC\lib\RCWF\2026.1.210.462\Telerik.WinControls.Themes.Windows7.dll
        ProductCode: RCWF, LicenseDate: 2026-02-10, ProductName: Telerik UI for WinForms, ProductVersion: 2026.1.210.462, Flags: None
      - \\FEAP1313L\Users\edward.barreras\source\repos\LIVE\MIA SRC\lib\RCWF\2026.1.210.462\Telerik.WinControls.Themes.Windows8.dll
        ProductCode: RCWF, LicenseDate: 2026-02-10, ProductName: Telerik UI for WinForms, ProductVersion: 2026.1.210.462, Flags: None
      - \\FEAP1313L\Users\edward.barreras\source\repos\LIVE\MIA SRC\lib\RCWF\2026.1.210.462\Telerik.WinControls.UI.dll
        ProductCode: RCWF, LicenseDate: 2026-02-10, ProductName: Telerik UI for WinForms, ProductVersion: 2026.1.210.462, Flags: None
      - \\FEAP1313L\Users\edward.barreras\source\repos\LIVE\MIA SRC\lib\RCWF\2026.1.210.462\Telerik.Windows.Documents.Core.dll
        ProductCode: DPL, LicenseDate: 2026-02-10, Redistributed By: RCWPF, RCWF, MAUI, UIXAM, WINUI, RCAJAX, KENDOUIMVC, UIASPCORE, BLAZOR, ProductName: Telerik Document Processing Libraries, ProductVersion: 2026.1.210.462, Flags: None
      - \\FEAP1313L\Users\edward.barreras\source\repos\LIVE\MIA SRC\lib\RCWF\2026.1.210.462\Telerik.Windows.Documents.Fixed.dll
        ProductCode: DPL, LicenseDate: 2026-02-10, Redistributed By: RCWPF, RCWF, MAUI, UIXAM, WINUI, RCAJAX, KENDOUIMVC, UIASPCORE, BLAZOR, ProductName: Telerik Document Processing Libraries, ProductVersion: 2026.1.210.462, Flags: None
      - \\FEAP1313L\Users\edward.barreras\source\repos\LIVE\MIA SRC\lib\RCWF\2026.1.210.462\Telerik.Windows.Documents.Spreadsheet.dll
        ProductCode: DPL, LicenseDate: 2026-02-10, Redistributed By: RCWPF, RCWF, MAUI, UIXAM, WINUI, RCAJAX, KENDOUIMVC, UIASPCORE, BLAZOR, ProductName: Telerik Document Processing Libraries, ProductVersion: 2026.1.210.462, Flags: None
      - \\FEAP1313L\Users\edward.barreras\source\repos\LIVE\MIA SRC\lib\RCWF\2026.1.210.462\Telerik.Windows.Documents.Spreadsheet.FormatProviders.Pdf.dll
        ProductCode: DPL, LicenseDate: 2026-02-10, Redistributed By: RCWPF, RCWF, MAUI, UIXAM, WINUI, RCAJAX, KENDOUIMVC, UIASPCORE, BLAZOR, ProductName: Telerik Document Processing Libraries, ProductVersion: 2026.1.210.462, Flags: None
      - \\FEAP1313L\Users\edward.barreras\source\repos\LIVE\MIA SRC\lib\RCWF\2026.1.210.462\Telerik.Windows.Documents.Spreadsheet.FormatProviders.Xls.dll
        ProductCode: DPL, LicenseDate: 2026-02-10, Redistributed By: RCWPF, RCWF, MAUI, UIXAM, WINUI, RCAJAX, KENDOUIMVC, UIASPCORE, BLAZOR, ProductName: Telerik Document Processing Libraries, ProductVersion: 2026.1.210.462, Flags: None
      - \\FEAP1313L\Users\edward.barreras\source\repos\LIVE\MIA SRC\lib\RCWF\2026.1.210.462\Telerik.Windows.Zip.dll
        ProductCode: DPL, LicenseDate: 2026-02-10, Redistributed By: RCWPF, RCWF, MAUI, UIXAM, WINUI, RCAJAX, KENDOUIMVC, UIASPCORE, BLAZOR, ProductName: Telerik Document Processing Libraries, ProductVersion: 2026.1.210.462, Flags: None
      - \\FEAP1313L\Users\edward.barreras\source\repos\LIVE\MIA SRC\lib\RCWF\2026.1.210.462\TelerikCommon.dll
        ProductCode: RCWF, LicenseDate: 2026-02-10, ProductName: Telerik UI for WinForms, ProductVersion: 2026.1.210.462, Flags: None
      - \\FEAP1313L\Users\edward.barreras\source\repos\LIVE\MIA SRC\lib\RCWF\2026.1.210.462\TelerikExport.dll
        ProductCode: RCWF, LicenseDate: 2026-02-10, ProductName: Telerik UI for WinForms, ProductVersion: 2026.1.210.462, Flags: None
      Unique Products:
      - "Telerik Document Processing Libraries" (DPL) 2026.1.210.462 @2026-02-10
      - "Telerik UI for WinForms" (RCWF) 2026.1.210.462 @2026-02-10
      - "Telerik Reporting" (REPORTING) 19.1.25.521 @2025-05-21
      Found a total of 3 referenced Telerik products for 

[2026-03-23 14:36:28.289] [Low]   Provision Licensing
        Looking up license file...
        - EnvironmentVariablePath: TELERIK_LICENSE_PATH (NotAvailable)
        - EnvironmentVariable: TELERIK_LICENSE (NotAvailable)
        - EnvironmentVariable: KENDO_UI_LICENSE (NotAvailable)
        - RecursiveFilePath: \\FEAP1313L\Users\edward.barreras\source\repos\LIVE\MIA SRC\ERP\telerik-license.txt (NotAvailable)
        - RecursiveFilePath: \\FEAP1313L\Users\edward.barreras\source\repos\LIVE\MIA SRC\ERP\kendo-ui-license.txt (NotAvailable)
        - RecursiveFilePath: \\FEAP1313L\Users\edward.barreras\source\repos\LIVE\MIA SRC\telerik-license.txt (LicenseFound)
        - RecursiveFilePath: \\FEAP1313L\Users\edward.barreras\source\repos\LIVE\MIA SRC\kendo-ui-license.txt (Skip)
        - RecursiveFilePath: \\FEAP1313L\Users\edward.barreras\source\repos\LIVE\telerik-license.txt (Skip)
        - RecursiveFilePath: \\FEAP1313L\Users\edward.barreras\source\repos\LIVE\kendo-ui-license.txt (Skip)
        - RecursiveFilePath: \\FEAP1313L\Users\edward.barreras\source\repos\telerik-license.txt (Skip)
        - RecursiveFilePath: \\FEAP1313L\Users\edward.barreras\source\repos\kendo-ui-license.txt (Skip)
        - RecursiveFilePath: \\FEAP1313L\Users\edward.barreras\source\telerik-license.txt (Skip)
        - RecursiveFilePath: \\FEAP1313L\Users\edward.barreras\source\kendo-ui-license.txt (Skip)
        - RecursiveFilePath: \\FEAP1313L\Users\edward.barreras\telerik-license.txt (Skip)
        - RecursiveFilePath: \\FEAP1313L\Users\edward.barreras\kendo-ui-license.txt (Skip)
        - RecursiveFilePath: \\FEAP1313L\Users\telerik-license.txt (Skip)
        - RecursiveFilePath: \\FEAP1313L\Users\kendo-ui-license.txt (Skip)
        - UserDirectory: C:\Users\edward.barreras\AppData\Roaming\Telerik\telerik-license.txt (Skip)
        - UserDirectory: C:\Users\edward.barreras\AppData\Roaming\Telerik\kendo-ui-license.txt (Skip)
        LicenseKey
        - AUD: f***.m**@f***************.com
        - UsedId: ab69b8b5-c84c-45ed-8228-81dac868c759
        - LicenseId: e7eaafda-87c7-42d6-9ce6-49a541b8c4ed
        - IssuedAt: 1/20/2026 6:35:06 AM
        - Licenses
          0) Perpetual BLAZOR, expiration 9/25/2027 12:49:33 PM, type: 'perpetual'
          1) Perpetual JM, expiration 9/25/2027 12:49:33 PM, type: 'perpetual'
          2) Perpetual KENDOUIANGULAR, expiration 9/25/2027 12:49:33 PM, type: 'perpetual'
          3) Perpetual KENDOUICOMPLETE, expiration 9/25/2027 12:49:33 PM, type: 'perpetual'
          4) Perpetual KENDOUIMVC, expiration 9/25/2027 12:49:33 PM, type: 'perpetual'
          5) Perpetual KENDOUIREACT, expiration 9/25/2027 12:49:33 PM, type: 'perpetual'
          6) Perpetual KENDOUIVUE, expiration 9/25/2027 12:49:33 PM, type: 'perpetual'
          7) Perpetual MAUI, expiration 9/25/2027 12:49:33 PM, type: 'perpetual'
          8) Perpetual RCAJAX, expiration 9/25/2027 12:49:33 PM, type: 'perpetual'
          9) Perpetual RCWF, expiration 9/25/2027 12:49:33 PM, type: 'perpetual'
          10) Perpetual RCWPF, expiration 9/25/2027 12:49:33 PM, type: 'perpetual'
          11) Perpetual REPORTING, expiration 9/25/2027 12:49:33 PM, type: 'perpetual'
          12) Perpetual REPORTSERVER, expiration 9/25/2027 12:49:33 PM, type: 'perpetual'
          13) Perpetual UIASPCORE, expiration 9/25/2027 12:49:33 PM, type: 'perpetual'
          14) Perpetual UIXAM, expiration 2/19/2025 6:00:00 AM, type: 'perpetual'
          15) Perpetual WINUI, expiration 9/25/2027 12:49:33 PM, type: 'perpetual'
          16) Usage UserId: ab69b8b5-c84c-45ed-8228-81dac868c759, LicenseId: e7eaafda-87c7-42d6-9ce6-49a541b8c4ed, type: 'usage'

[2026-03-23 14:36:28.299] [Low]   License Resolution
        Messages
          - License OK for "Telerik UI for WinForms" (RCWF) 2026.1.210.462 @2026-02-10 - Perpetual, valid until 2027-09-25.
          - License OK for "Telerik Reporting" (REPORTING) 19.1.25.521 @2025-05-21 - Perpetual, valid until 2027-09-25.
          - License OK for "Telerik Document Processing Libraries" (DPL) 2026.1.210.462 @2026-02-10 - Perpetual for RCWF, valid until 2027-09-25.
        JWTs
          - eyJhbGciOiJSUzI1NiIsInR5cCI6IlRlbGVyaWsgTGljZW5zZSBFdmlkZW5jZSJ9.eyJjb2RlIjoiUkNXRiIsInR5cGUiOiJwZXJwZXR1YWwiLCJleHBpcmF0aW9uIjoxODIxODc2NTczLCJ1c2VySWQiOiJhYjY5YjhiNS1jODRjLTQ1ZWQtODIyOC04MWRhYzg2OGM3NTkiLCJsaWNlbnNlSWQiOiJlN2VhYWZkYS04N2M3LTQyZDYtOWNlNi00OWE1NDFiOGM0ZWQifQ.H8sxX5O2T3i22Uhy0PFV3YDo-lS1iHVocWX9Eu-82PheI3XbKMkEr7QiChWfuNwS9afgR7PMGy4_nx9HXRV5V9cRQ1zWvIkJsG2EbadPtKlygaAkCh-FXSRVflm3WITNHIAYfazZa26sHSnqBW_XRbH3o0GQkqVYkLlxLuLuKa4M7LlA1KtQZcVFhOH2oaXQoxfrkUMQxNFCz0JdI76T1YJNrAwxpXri8KUzfoDwKhY-IhN-bU25hJs19yGvWykTuZqrZ3lv603aQkaCaPnlF_tHROsmC7nbV4aaxaSHRF1PVD5lqsAhkA5OdGmqH8Kq9F5mhRXVVwYWf3WBcxZKkg
          - eyJhbGciOiJSUzI1NiIsInR5cCI6IlRlbGVyaWsgTGljZW5zZSBFdmlkZW5jZSJ9.eyJjb2RlIjoiUkVQT1JUSU5HIiwidHlwZSI6InBlcnBldHVhbCIsImV4cGlyYXRpb24iOjE4MjE4NzY1NzMsInVzZXJJZCI6ImFiNjliOGI1LWM4NGMtNDVlZC04MjI4LTgxZGFjODY4Yzc1OSIsImxpY2Vuc2VJZCI6ImU3ZWFhZmRhLTg3YzctNDJkNi05Y2U2LTQ5YTU0MWI4YzRlZCJ9.vMdezVVvhtRG-iThgXrXFDyr8L394y38spuHWK9Cyc_b9XZ2iHzEwyT9dLgOqBfvEQM3-GKFcOW6O4-_SSwoIjNhm9paVKSVEmeonMfEOgZjOXuqYFCrXmegYUefJNkHmL6P9cB0CPtA_PThVXqg_RGtCMGEoTW_ISG2ymjLnKXwuGf3uQoTxYWCmdBVMAeZHBlzpUh7aJ78fWmWbIvGf_jrykaFhCaWML2yJHyAjHIH1uzf088pGqdOeDvhBQsIva3Hg0KPLptC4ZqxkkVyYHFvvqFgwwkv8O3ex6Df238honjg-11aXIid1Ad6SSsrqEuKqHBUF__HbdhN0AvfLg
        Licenses
          - License OK for "Telerik UI for WinForms" (RCWF) 2026.1.210.462 @2026-02-10 - Perpetual, valid until 2027-09-25.
          - License OK for "Telerik Reporting" (REPORTING) 19.1.25.521 @2025-05-21 - Perpetual, valid until 2027-09-25.
          - License OK for "Telerik Document Processing Libraries" (DPL) 2026.1.210.462 @2026-02-10 - Perpetual for RCWF, valid until 2027-09-25.

[2026-03-23 14:36:28.303] [Low] OutputType: WinExe, ImportXamlTargets: True
[2026-03-23 14:36:28.317] [Low] 
      Call-Home Telerik Products (3 for )
      - "Telerik UI for WinForms" (RCWF) 2026.1.210
      - "DPL" (DPL) 2026.1.210
      - "Telerik Reporting" (REPORTING) 19.1.25

[2026-03-23 14:36:28.317] [Low] 
[2026-03-23 14:36:28.320] [Low] 
      Call-Home Telerik Features (0 for )

[2026-03-23 14:36:28.320] [Low] 
[2026-03-23 14:36:28.363] [Low]   Report Telerik.Licensing
        UserId: ab69b8b5-c84c-45ed-8228-81dac868c759
        LicenseId: e7eaafda-87c7-42d6-9ce6-49a541b8c4ed
        Products
        - LicenseUsed RCWF 2026.1.210.462 SKIPPED
        - LicenseUsed REPORTING 19.1.25.521 SKIPPED
        - LicenseUsed DPL 2026.1.210.462 SKIPPED
      Report finished in 00:00:00.0375404

[2026-03-23 14:36:28.364] [Low]   Sending Telemetry...
[2026-03-23 14:36:28.392] [Low]   Metrics done 00:00:00.0276399
[2026-03-23 14:36:28.394] [Normal] Resolve Telerik Products. Done (00:00:00.4547769) for 
[2026-03-23 14:42:20.758] [Normal] Resolve Telerik Products.
  MSBuildProjectName=2
  MSBuildProjectDirectory=\\FEAP1313L\Users\edward.barreras\source\repos\LIVE\MIA SRC\ERP
  MSBuildProjectExtension=.vbproj
  Language=VB
  OutputPath=bin\Debug\
  Platform=AnyCPU
  TargetFramework=
  TargetFrameworks=
  TargetFrameworkVersion=v4.8
  VisualStudioVersion=17.0
  UsingMicrosoftNETSdk=
  UsingMicrosoftNETSdkRazor=
  UsingMicrosoftNETSdkWeb=
  ImportXamlTargets=True
  OutputType=WinExe
  UseMaui=
  NuGetPackageRoot=

  PackageReferences
  ReferencePaths
  - BouncyCastle.Crypto.dll 1.8.3 at \\FEAP1313L\Users\edward.barreras\source\repos\LIVE\MIA SRC\packages\BouncyCastle.1.8.3.1\lib\BouncyCastle.Crypto.dll
  - BouncyCastle.Cryptography.dll 2.5.1 at \\FEAP1313L\Users\edward.barreras\source\repos\LIVE\MIA SRC\packages\BouncyCastle.Cryptography.2.5.1\lib\net461\BouncyCastle.Cryptography.dll
  - ClosedXML.dll 0.96.0 at \\FEAP1313L\Users\edward.barreras\source\repos\LIVE\MIA SRC\packages\ClosedXML.0.96.0\lib\net40\ClosedXML.dll
  - DocumentFormat.OpenXml.dll 2.16.0 at \\FEAP1313L\Users\edward.barreras\source\repos\LIVE\MIA SRC\packages\DocumentFormat.OpenXml.2.16.0\lib\net40\DocumentFormat.OpenXml.dll
  - ExcelNumberFormat.dll 1.1.0 at \\FEAP1313L\Users\edward.barreras\source\repos\LIVE\MIA SRC\packages\ExcelNumberFormat.1.1.0\lib\net20\ExcelNumberFormat.dll
  - FEAPNS.dll 1.0.0 at \\FEAP1313L\Users\edward.barreras\source\repos\LIVE\MIA SRC\ERP\bin\Debug\FEAPNS.dll
  - Gma.QrCodeNet.Encoding.dll 0.4.1 at \\FEAP1313L\Users\edward.barreras\source\repos\LIVE\MIA SRC\packages\Gma.QrCodeNet.0.4.1.2\lib\net40\Gma.QrCodeNet.Encoding.dll
  - Google.Protobuf.dll 3.30.0 at \\FEAP1313L\Users\edward.barreras\source\repos\LIVE\MIA SRC\packages\Google.Protobuf.3.30.0\lib\net45\Google.Protobuf.dll
  - K4os.Compression.LZ4.dll 1.3.8 at \\FEAP1313L\Users\edward.barreras\source\repos\LIVE\MIA SRC\packages\K4os.Compression.LZ4.1.3.8\lib\net462\K4os.Compression.LZ4.dll
  - K4os.Compression.LZ4.Streams.dll 1.3.8 at \\FEAP1313L\Users\edward.barreras\source\repos\LIVE\MIA SRC\packages\K4os.Compression.LZ4.Streams.1.3.8\lib\net462\K4os.Compression.LZ4.Streams.dll
  - K4os.Hash.xxHash.dll 1.0.8 at \\FEAP1313L\Users\edward.barreras\source\repos\LIVE\MIA SRC\packages\K4os.Hash.xxHash.1.0.8\lib\net462\K4os.Hash.xxHash.dll
  - MIA-Linq.dll 1.0.0 at \\FEAP1313L\Users\edward.barreras\source\repos\LIVE\MIA SRC\ERP\bin\Debug\MIA-Linq.dll
  - MIA-Report.dll 1.0.0 at \\FEAP1313L\Users\edward.barreras\source\repos\LIVE\MIA SRC\ERP\bin\Debug\MIA-Report.dll
  - Microsoft.Bcl.AsyncInterfaces.dll 5.0.0 at \\FEAP1313L\Users\edward.barreras\source\repos\LIVE\MIA SRC\packages\Microsoft.Bcl.AsyncInterfaces.5.0.0\lib\net461\Microsoft.Bcl.AsyncInterfaces.dll
  - Microsoft.CSharp.dll 4.8.3761 at C:\Program Files (x86)\Reference Assemblies\Microsoft\Framework\.NETFramework\v4.8\Microsoft.CSharp.dll
  - MySql.Data.dll 9.4.0 at \\FEAP1313L\Users\edward.barreras\source\repos\LIVE\MIA SRC\packages\MySql.Data.9.4.0\lib\net48\MySql.Data.dll
  - Newtonsoft.Json.dll 13.0.3 at \\FEAP1313L\Users\edward.barreras\source\repos\LIVE\MIA SRC\packages\Newtonsoft.Json.13.0.3\lib\net45\Newtonsoft.Json.dll
  - SRCDailyReportv2.dll 1.0.0 at \\FEAP1313L\Users\edward.barreras\source\repos\LIVE\MIA SRC\ERP\bin\Debug\SRCDailyReportv2.dll
  - System.Buffers.dll 4.6.28619 at \\FEAP1313L\Users\edward.barreras\source\repos\LIVE\MIA SRC\packages\System.Buffers.4.5.1\lib\net461\System.Buffers.dll
  - System.ComponentModel.DataAnnotations.dll 4.8.3761 at C:\Program Files (x86)\Reference Assemblies\Microsoft\Framework\.NETFramework\v4.8\System.ComponentModel.DataAnnotations.dll
  - System.ComponentModel.dll 4.8.3761 at C:\Program Files (x86)\Reference Assemblies\Microsoft\Framework\.NETFramework\v4.8\Facades\System.ComponentModel.dll
  - System.Configuration.ConfigurationManager.dll 8.0.0 at \\FEAP1313L\Users\edward.barreras\source\repos\LIVE\MIA SRC\packages\System.Configuration.ConfigurationManager.8.0.0\lib\net462\System.Configuration.ConfigurationManager.dll
  - System.Configuration.dll 4.8.3761 at C:\Program Files (x86)\Reference Assemblies\Microsoft\Framework\.NETFramework\v4.8\System.Configuration.dll
  - System.Configuration.Install.dll 4.8.3761 at C:\Program Files (x86)\Reference Assemblies\Microsoft\Framework\.NETFramework\v4.8\System.Configuration.Install.dll
  - System.Core.dll 4.8.3761 at C:\Program Files (x86)\Reference Assemblies\Microsoft\Framework\.NETFramework\v4.8\System.Core.dll
  - System.Data.DataSetExtensions.dll 4.8.3761 at C:\Program Files (x86)\Reference Assemblies\Microsoft\Framework\.NETFramework\v4.8\System.Data.DataSetExtensions.dll
  - System.Data.dll 4.8.3761 at C:\Program Files (x86)\Reference Assemblies\Microsoft\Framework\.NETFramework\v4.8\System.Data.dll
  - System.Data.OleDb.dll 9.0.2 at \\FEAP1313L\Users\edward.barreras\source\repos\LIVE\MIA SRC\packages\System.Data.OleDb.9.0.2\lib\net462\System.Data.OleDb.dll
  - System.Deployment.dll 4.8.3761 at C:\Program Files (x86)\Reference Assemblies\Microsoft\Framework\.NETFramework\v4.8\System.Deployment.dll
  - System.Diagnostics.DiagnosticSource.dll 8.0.4 at \\FEAP1313L\Users\edward.barreras\source\repos\LIVE\MIA SRC\packages\System.Diagnostics.DiagnosticSource.8.0.1\lib\net462\System.Diagnostics.DiagnosticSource.dll
  - System.dll 4.8.3761 at C:\Program Files (x86)\Reference Assemblies\Microsoft\Framework\.NETFramework\v4.8\System.dll
  - System.Drawing.Design.dll 4.8.3761 at C:\Program Files (x86)\Reference Assemblies\Microsoft\Framework\.NETFramework\v4.8\System.Drawing.Design.dll
  - System.Drawing.dll 4.8.3761 at C:\Program Files (x86)\Reference Assemblies\Microsoft\Framework\.NETFramework\v4.8\System.Drawing.dll
  - System.IO.Pipelines.dll 5.0.15 at \\FEAP1313L\Users\edward.barreras\source\repos\LIVE\MIA SRC\packages\System.IO.Pipelines.5.0.2\lib\net461\System.IO.Pipelines.dll
  - System.Management.dll 4.8.3761 at C:\Program Files (x86)\Reference Assemblies\Microsoft\Framework\.NETFramework\v4.8\System.Management.dll
  - System.Memory.dll 4.6.31308 at \\FEAP1313L\Users\edward.barreras\source\repos\LIVE\MIA SRC\packages\System.Memory.4.5.5\lib\net461\System.Memory.dll
  - System.Messaging.dll 4.8.3761 at C:\Program Files (x86)\Reference Assemblies\Microsoft\Framework\.NETFramework\v4.8\System.Messaging.dll
  - System.Net.Http.Formatting.dll 5.2.7 at C:\Program Files\Microsoft Visual Studio\2022\Community\Common7\IDE\PublicAssemblies\System.Net.Http.Formatting.dll
  - System.Numerics.dll 4.8.3761 at C:\Program Files (x86)\Reference Assemblies\Microsoft\Framework\.NETFramework\v4.8\System.Numerics.dll
  - System.Numerics.Vectors.dll 4.6.26515 at \\FEAP1313L\Users\edward.barreras\source\repos\LIVE\MIA SRC\packages\System.Numerics.Vectors.4.5.0\lib\net46\System.Numerics.Vectors.dll
  - System.Runtime.CompilerServices.Unsafe.dll 6.1.0 at \\FEAP1313L\Users\edward.barreras\source\repos\LIVE\MIA SRC\packages\System.Runtime.CompilerServices.Unsafe.6.1.0\lib\net462\System.Runtime.CompilerServices.Unsafe.dll
  - System.Threading.Tasks.Extensions.dll 4.6.0 at \\FEAP1313L\Users\edward.barreras\source\repos\LIVE\MIA SRC\packages\System.Threading.Tasks.Extensions.4.6.0\lib\net462\System.Threading.Tasks.Extensions.dll
  - System.Transactions.dll 4.8.3761 at C:\Program Files (x86)\Reference Assemblies\Microsoft\Framework\.NETFramework\v4.8\System.Transactions.dll
  - System.Web.Extensions.dll 4.8.3761 at C:\Program Files (x86)\Reference Assemblies\Microsoft\Framework\.NETFramework\v4.8\System.Web.Extensions.dll
  - System.Windows.Forms.dll 4.8.3761 at C:\Program Files (x86)\Reference Assemblies\Microsoft\Framework\.NETFramework\v4.8\System.Windows.Forms.dll
  - System.Xml.dll 4.8.3761 at C:\Program Files (x86)\Reference Assemblies\Microsoft\Framework\.NETFramework\v4.8\System.Xml.dll
  - System.Xml.Linq.dll 4.8.3761 at C:\Program Files (x86)\Reference Assemblies\Microsoft\Framework\.NETFramework\v4.8\System.Xml.Linq.dll
  - Telerik.Documents.SpreadsheetStreaming.dll 2026.1.210 at \\FEAP1313L\Users\edward.barreras\source\repos\LIVE\MIA SRC\lib\RCWF\2026.1.210.462\Telerik.Documents.SpreadsheetStreaming.dll
  - Telerik.Licensing.Runtime.dll 1.8.2 at \\FEAP1313L\Users\edward.barreras\source\repos\LIVE\MIA SRC\packages\Telerik.Licensing.1.8.2\lib\net462\Telerik.Licensing.Runtime.dll
  - Telerik.Reporting.dll 19.1.25 at \\FEAP1313L\Users\edward.barreras\source\repos\LIVE\MIA SRC\ERP\bin\Debug\Telerik.Reporting.dll
  - Telerik.Reporting.Services.HttpClient.dll 19.1.25 at \\FEAP1313L\Users\edward.barreras\source\repos\LIVE\MIA SRC\ERP\bin\Debug\Telerik.Reporting.Services.HttpClient.dll
  - Telerik.Reporting.Services.ServiceStack.dll 19.1.25 at \\FEAP1313L\Users\edward.barreras\source\repos\LIVE\MIA SRC\ERP\bin\Debug\Telerik.Reporting.Services.ServiceStack.dll
  - Telerik.ReportViewer.WinForms.dll 19.1.25 at \\FEAP1313L\Users\edward.barreras\source\repos\LIVE\MIA SRC\ERP\bin\Debug\Telerik.ReportViewer.WinForms.dll
  - Telerik.ReportViewer.Wpf.dll 19.1.25 at \\FEAP1313L\Users\edward.barreras\source\repos\LIVE\MIA SRC\ERP\bin\Debug\Telerik.ReportViewer.Wpf.dll
  - Telerik.WinControls.dll 2026.1.210 at \\FEAP1313L\Users\edward.barreras\source\repos\LIVE\MIA SRC\lib\RCWF\2026.1.210.462\Telerik.WinControls.dll
  - Telerik.WinControls.GridView.dll 2026.1.210 at \\FEAP1313L\Users\edward.barreras\source\repos\LIVE\MIA SRC\lib\RCWF\2026.1.210.462\Telerik.WinControls.GridView.dll
  - Telerik.WinControls.RadDock.dll 2026.1.210 at \\FEAP1313L\Users\edward.barreras\source\repos\LIVE\MIA SRC\lib\RCWF\2026.1.210.462\Telerik.WinControls.RadDock.dll
  - Telerik.WinControls.Themes.Aqua.dll 2026.1.210 at \\FEAP1313L\Users\edward.barreras\source\repos\LIVE\MIA SRC\lib\RCWF\2026.1.210.462\Telerik.WinControls.Themes.Aqua.dll
  - Telerik.WinControls.Themes.Breeze.dll 2026.1.210 at \\FEAP1313L\Users\edward.barreras\source\repos\LIVE\MIA SRC\lib\RCWF\2026.1.210.462\Telerik.WinControls.Themes.Breeze.dll
  - Telerik.WinControls.Themes.Crystal.dll 2026.1.210 at \\FEAP1313L\Users\edward.barreras\source\repos\LIVE\MIA SRC\lib\RCWF\2026.1.210.462\Telerik.WinControls.Themes.Crystal.dll
  - Telerik.WinControls.Themes.CrystalDark.dll 2026.1.210 at \\FEAP1313L\Users\edward.barreras\source\repos\LIVE\MIA SRC\lib\RCWF\2026.1.210.462\Telerik.WinControls.Themes.CrystalDark.dll
  - Telerik.WinControls.Themes.Desert.dll 2026.1.210 at \\FEAP1313L\Users\edward.barreras\source\repos\LIVE\MIA SRC\lib\RCWF\2026.1.210.462\Telerik.WinControls.Themes.Desert.dll
  - Telerik.WinControls.Themes.Fluent.dll 2026.1.210 at \\FEAP1313L\Users\edward.barreras\source\repos\LIVE\MIA SRC\lib\RCWF\2026.1.210.462\Telerik.WinControls.Themes.Fluent.dll
  - Telerik.WinControls.Themes.FluentDark.dll 2026.1.210 at \\FEAP1313L\Users\edward.barreras\source\repos\LIVE\MIA SRC\lib\RCWF\2026.1.210.462\Telerik.WinControls.Themes.FluentDark.dll
  - Telerik.WinControls.Themes.HighContrastBlack.dll 2026.1.210 at \\FEAP1313L\Users\edward.barreras\source\repos\LIVE\MIA SRC\lib\RCWF\2026.1.210.462\Telerik.WinControls.Themes.HighContrastBlack.dll
  - Telerik.WinControls.Themes.Material.dll 2026.1.210 at \\FEAP1313L\Users\edward.barreras\source\repos\LIVE\MIA SRC\lib\RCWF\2026.1.210.462\Telerik.WinControls.Themes.Material.dll
  - Telerik.WinControls.Themes.MaterialBlueGrey.dll 2026.1.210 at \\FEAP1313L\Users\edward.barreras\source\repos\LIVE\MIA SRC\lib\RCWF\2026.1.210.462\Telerik.WinControls.Themes.MaterialBlueGrey.dll
  - Telerik.WinControls.Themes.MaterialPink.dll 2026.1.210 at \\FEAP1313L\Users\edward.barreras\source\repos\LIVE\MIA SRC\lib\RCWF\2026.1.210.462\Telerik.WinControls.Themes.MaterialPink.dll
  - Telerik.WinControls.Themes.MaterialTeal.dll 2026.1.210 at \\FEAP1313L\Users\edward.barreras\source\repos\LIVE\MIA SRC\lib\RCWF\2026.1.210.462\Telerik.WinControls.Themes.MaterialTeal.dll
  - Telerik.WinControls.Themes.Office2007Black.dll 2026.1.210 at \\FEAP1313L\Users\edward.barreras\source\repos\LIVE\MIA SRC\lib\RCWF\2026.1.210.462\Telerik.WinControls.Themes.Office2007Black.dll
  - Telerik.WinControls.Themes.Office2010Black.dll 2026.1.210 at \\FEAP1313L\Users\edward.barreras\source\repos\LIVE\MIA SRC\lib\RCWF\2026.1.210.462\Telerik.WinControls.Themes.Office2010Black.dll
  - Telerik.WinControls.Themes.Office2010Blue.dll 2026.1.210 at \\FEAP1313L\Users\edward.barreras\source\repos\LIVE\MIA SRC\lib\RCWF\2026.1.210.462\Telerik.WinControls.Themes.Office2010Blue.dll
  - Telerik.WinControls.Themes.Office2010Silver.dll 2026.1.210 at \\FEAP1313L\Users\edward.barreras\source\repos\LIVE\MIA SRC\lib\RCWF\2026.1.210.462\Telerik.WinControls.Themes.Office2010Silver.dll
  - Telerik.WinControls.Themes.Office2013Dark.dll 2026.1.210 at \\FEAP1313L\Users\edward.barreras\source\repos\LIVE\MIA SRC\lib\RCWF\2026.1.210.462\Telerik.WinControls.Themes.Office2013Dark.dll
  - Telerik.WinControls.Themes.Office2013Light.dll 2026.1.210 at \\FEAP1313L\Users\edward.barreras\source\repos\LIVE\MIA SRC\lib\RCWF\2026.1.210.462\Telerik.WinControls.Themes.Office2013Light.dll
  - Telerik.WinControls.Themes.TelerikMetroBlue.dll 2026.1.210 at \\FEAP1313L\Users\edward.barreras\source\repos\LIVE\MIA SRC\lib\RCWF\2026.1.210.462\Telerik.WinControls.Themes.TelerikMetroBlue.dll
  - Telerik.WinControls.Themes.VisualStudio2012Dark.dll 2026.1.210 at \\FEAP1313L\Users\edward.barreras\source\repos\LIVE\MIA SRC\lib\RCWF\2026.1.210.462\Telerik.WinControls.Themes.VisualStudio2012Dark.dll
  - Telerik.WinControls.Themes.VisualStudio2012Light.dll 2026.1.210 at \\FEAP1313L\Users\edward.barreras\source\repos\LIVE\MIA SRC\lib\RCWF\2026.1.210.462\Telerik.WinControls.Themes.VisualStudio2012Light.dll
  - Telerik.WinControls.Themes.Windows7.dll 2026.1.210 at \\FEAP1313L\Users\edward.barreras\source\repos\LIVE\MIA SRC\lib\RCWF\2026.1.210.462\Telerik.WinControls.Themes.Windows7.dll
  - Telerik.WinControls.Themes.Windows8.dll 2026.1.210 at \\FEAP1313L\Users\edward.barreras\source\repos\LIVE\MIA SRC\lib\RCWF\2026.1.210.462\Telerik.WinControls.Themes.Windows8.dll
  - Telerik.WinControls.UI.dll 2026.1.210 at \\FEAP1313L\Users\edward.barreras\source\repos\LIVE\MIA SRC\lib\RCWF\2026.1.210.462\Telerik.WinControls.UI.dll
  - Telerik.Windows.Documents.Core.dll 2026.1.210 at \\FEAP1313L\Users\edward.barreras\source\repos\LIVE\MIA SRC\lib\RCWF\2026.1.210.462\Telerik.Windows.Documents.Core.dll
  - Telerik.Windows.Documents.Fixed.dll 2026.1.210 at \\FEAP1313L\Users\edward.barreras\source\repos\LIVE\MIA SRC\lib\RCWF\2026.1.210.462\Telerik.Windows.Documents.Fixed.dll
  - Telerik.Windows.Documents.Spreadsheet.dll 2026.1.210 at \\FEAP1313L\Users\edward.barreras\source\repos\LIVE\MIA SRC\lib\RCWF\2026.1.210.462\Telerik.Windows.Documents.Spreadsheet.dll
  - Telerik.Windows.Documents.Spreadsheet.FormatProviders.OpenXml.dll 2026.1.210 at \\FEAP1313L\Users\edward.barreras\source\repos\LIVE\MIA SRC\lib\RCWF\2026.1.210.462\Telerik.Windows.Documents.Spreadsheet.FormatProviders.OpenXml.dll
  - Telerik.Windows.Documents.Spreadsheet.FormatProviders.Pdf.dll 2026.1.210 at \\FEAP1313L\Users\edward.barreras\source\repos\LIVE\MIA SRC\lib\RCWF\2026.1.210.462\Telerik.Windows.Documents.Spreadsheet.FormatProviders.Pdf.dll
  - Telerik.Windows.Documents.Spreadsheet.FormatProviders.Xls.dll 2026.1.210 at \\FEAP1313L\Users\edward.barreras\source\repos\LIVE\MIA SRC\lib\RCWF\2026.1.210.462\Telerik.Windows.Documents.Spreadsheet.FormatProviders.Xls.dll
  - Telerik.Windows.Zip.dll 2026.1.210 at \\FEAP1313L\Users\edward.barreras\source\repos\LIVE\MIA SRC\lib\RCWF\2026.1.210.462\Telerik.Windows.Zip.dll
  - TelerikCommon.dll 2026.1.210 at \\FEAP1313L\Users\edward.barreras\source\repos\LIVE\MIA SRC\lib\RCWF\2026.1.210.462\TelerikCommon.dll
  - TelerikExport.dll 2026.1.210 at \\FEAP1313L\Users\edward.barreras\source\repos\LIVE\MIA SRC\lib\RCWF\2026.1.210.462\TelerikExport.dll
  - Ubiety.Dns.Core.dll 2.2.1 at \\FEAP1313L\Users\edward.barreras\source\repos\LIVE\MIA SRC\ERP\bin\Debug\Ubiety.Dns.Core.dll
  - WindowsBase.dll 4.8.3761 at C:\Program Files (x86)\Reference Assemblies\Microsoft\Framework\.NETFramework\v4.8\WindowsBase.dll
  - ZstdSharp.dll 0.8.5 at \\FEAP1313L\Users\edward.barreras\source\repos\LIVE\MIA SRC\packages\ZstdSharp.Port.0.8.5\lib\net462\ZstdSharp.dll
  MachineId=2xQjveFWQf4bUNzPt3x/SIfuym0=

[2026-03-23 14:42:20.878] [Low]   Looking for Telerik product metadata in referenced assemblies
      - \\FEAP1313L\Users\edward.barreras\source\repos\LIVE\MIA SRC\lib\RCWF\2026.1.210.462\Telerik.Documents.SpreadsheetStreaming.dll
        ProductCode: DPL, LicenseDate: 2026-02-10, Redistributed By: RCWPF, RCWF, MAUI, UIXAM, WINUI, RCAJAX, KENDOUIMVC, UIASPCORE, BLAZOR, ProductName: Telerik Document Processing Libraries, ProductVersion: 2026.1.210.462, Flags: None
      - \\FEAP1313L\Users\edward.barreras\source\repos\LIVE\MIA SRC\ERP\bin\Debug\Telerik.Reporting.dll
        ProductCode: REPORTING, LicenseDate: 2025-05-21, ProductName: Telerik Reporting, ProductVersion: 19.1.25.521, Flags: None
      - \\FEAP1313L\Users\edward.barreras\source\repos\LIVE\MIA SRC\lib\RCWF\2026.1.210.462\Telerik.WinControls.dll
        ProductCode: RCWF, LicenseDate: 2026-02-10, ProductName: Telerik UI for WinForms, ProductVersion: 2026.1.210.462, Flags: None
      - \\FEAP1313L\Users\edward.barreras\source\repos\LIVE\MIA SRC\lib\RCWF\2026.1.210.462\Telerik.WinControls.GridView.dll
        ProductCode: RCWF, LicenseDate: 2026-02-10, ProductName: Telerik UI for WinForms, ProductVersion: 2026.1.210.462, Flags: None
      - \\FEAP1313L\Users\edward.barreras\source\repos\LIVE\MIA SRC\lib\RCWF\2026.1.210.462\Telerik.WinControls.RadDock.dll
        ProductCode: RCWF, LicenseDate: 2026-02-10, ProductName: Telerik UI for WinForms, ProductVersion: 2026.1.210.462, Flags: None
      - \\FEAP1313L\Users\edward.barreras\source\repos\LIVE\MIA SRC\lib\RCWF\2026.1.210.462\Telerik.WinControls.Themes.Aqua.dll
        ProductCode: RCWF, LicenseDate: 2026-02-10, ProductName: Telerik UI for WinForms, ProductVersion: 2026.1.210.462, Flags: None
      - \\FEAP1313L\Users\edward.barreras\source\repos\LIVE\MIA SRC\lib\RCWF\2026.1.210.462\Telerik.WinControls.Themes.Breeze.dll
        ProductCode: RCWF, LicenseDate: 2026-02-10, ProductName: Telerik UI for WinForms, ProductVersion: 2026.1.210.462, Flags: None
      - \\FEAP1313L\Users\edward.barreras\source\repos\LIVE\MIA SRC\lib\RCWF\2026.1.210.462\Telerik.WinControls.Themes.Crystal.dll
        ProductCode: RCWF, LicenseDate: 2026-02-10, ProductName: Telerik UI for WinForms, ProductVersion: 2026.1.210.462, Flags: None
      - \\FEAP1313L\Users\edward.barreras\source\repos\LIVE\MIA SRC\lib\RCWF\2026.1.210.462\Telerik.WinControls.Themes.CrystalDark.dll
        ProductCode: RCWF, LicenseDate: 2026-02-10, ProductName: Telerik UI for WinForms, ProductVersion: 2026.1.210.462, Flags: None
      - \\FEAP1313L\Users\edward.barreras\source\repos\LIVE\MIA SRC\lib\RCWF\2026.1.210.462\Telerik.WinControls.Themes.Desert.dll
        ProductCode: RCWF, LicenseDate: 2026-02-10, ProductName: Telerik UI for WinForms, ProductVersion: 2026.1.210.462, Flags: None
      - \\FEAP1313L\Users\edward.barreras\source\repos\LIVE\MIA SRC\lib\RCWF\2026.1.210.462\Telerik.WinControls.Themes.Fluent.dll
        ProductCode: RCWF, LicenseDate: 2026-02-10, ProductName: Telerik UI for WinForms, ProductVersion: 2026.1.210.462, Flags: None
      - \\FEAP1313L\Users\edward.barreras\source\repos\LIVE\MIA SRC\lib\RCWF\2026.1.210.462\Telerik.WinControls.Themes.FluentDark.dll
        ProductCode: RCWF, LicenseDate: 2026-02-10, ProductName: Telerik UI for WinForms, ProductVersion: 2026.1.210.462, Flags: None
      - \\FEAP1313L\Users\edward.barreras\source\repos\LIVE\MIA SRC\lib\RCWF\2026.1.210.462\Telerik.WinControls.Themes.HighContrastBlack.dll
        ProductCode: RCWF, LicenseDate: 2026-02-10, ProductName: Telerik UI for WinForms, ProductVersion: 2026.1.210.462, Flags: None
      - \\FEAP1313L\Users\edward.barreras\source\repos\LIVE\MIA SRC\lib\RCWF\2026.1.210.462\Telerik.WinControls.Themes.Material.dll
        ProductCode: RCWF, LicenseDate: 2026-02-10, ProductName: Telerik UI for WinForms, ProductVersion: 2026.1.210.462, Flags: None
      - \\FEAP1313L\Users\edward.barreras\source\repos\LIVE\MIA SRC\lib\RCWF\2026.1.210.462\Telerik.WinControls.Themes.MaterialBlueGrey.dll
        ProductCode: RCWF, LicenseDate: 2026-02-10, ProductName: Telerik UI for WinForms, ProductVersion: 2026.1.210.462, Flags: None
      - \\FEAP1313L\Users\edward.barreras\source\repos\LIVE\MIA SRC\lib\RCWF\2026.1.210.462\Telerik.WinControls.Themes.MaterialPink.dll
        ProductCode: RCWF, LicenseDate: 2026-02-10, ProductName: Telerik UI for WinForms, ProductVersion: 2026.1.210.462, Flags: None
      - \\FEAP1313L\Users\edward.barreras\source\repos\LIVE\MIA SRC\lib\RCWF\2026.1.210.462\Telerik.WinControls.Themes.MaterialTeal.dll
        ProductCode: RCWF, LicenseDate: 2026-02-10, ProductName: Telerik UI for WinForms, ProductVersion: 2026.1.210.462, Flags: None
      - \\FEAP1313L\Users\edward.barreras\source\repos\LIVE\MIA SRC\lib\RCWF\2026.1.210.462\Telerik.WinControls.Themes.Office2007Black.dll
        ProductCode: RCWF, LicenseDate: 2026-02-10, ProductName: Telerik UI for WinForms, ProductVersion: 2026.1.210.462, Flags: None
      - \\FEAP1313L\Users\edward.barreras\source\repos\LIVE\MIA SRC\lib\RCWF\2026.1.210.462\Telerik.WinControls.Themes.Office2010Black.dll
        ProductCode: RCWF, LicenseDate: 2026-02-10, ProductName: Telerik UI for WinForms, ProductVersion: 2026.1.210.462, Flags: None
      - \\FEAP1313L\Users\edward.barreras\source\repos\LIVE\MIA SRC\lib\RCWF\2026.1.210.462\Telerik.WinControls.Themes.Office2010Blue.dll
        ProductCode: RCWF, LicenseDate: 2026-02-10, ProductName: Telerik UI for WinForms, ProductVersion: 2026.1.210.462, Flags: None
      - \\FEAP1313L\Users\edward.barreras\source\repos\LIVE\MIA SRC\lib\RCWF\2026.1.210.462\Telerik.WinControls.Themes.Office2010Silver.dll
        ProductCode: RCWF, LicenseDate: 2026-02-10, ProductName: Telerik UI for WinForms, ProductVersion: 2026.1.210.462, Flags: None
      - \\FEAP1313L\Users\edward.barreras\source\repos\LIVE\MIA SRC\lib\RCWF\2026.1.210.462\Telerik.WinControls.Themes.Office2013Dark.dll
        ProductCode: RCWF, LicenseDate: 2026-02-10, ProductName: Telerik UI for WinForms, ProductVersion: 2026.1.210.462, Flags: None
      - \\FEAP1313L\Users\edward.barreras\source\repos\LIVE\MIA SRC\lib\RCWF\2026.1.210.462\Telerik.WinControls.Themes.Office2013Light.dll
        ProductCode: RCWF, LicenseDate: 2026-02-10, ProductName: Telerik UI for WinForms, ProductVersion: 2026.1.210.462, Flags: None
      - \\FEAP1313L\Users\edward.barreras\source\repos\LIVE\MIA SRC\lib\RCWF\2026.1.210.462\Telerik.WinControls.Themes.TelerikMetroBlue.dll
        ProductCode: RCWF, LicenseDate: 2026-02-10, ProductName: Telerik UI for WinForms, ProductVersion: 2026.1.210.462, Flags: None
      - \\FEAP1313L\Users\edward.barreras\source\repos\LIVE\MIA SRC\lib\RCWF\2026.1.210.462\Telerik.WinControls.Themes.VisualStudio2012Dark.dll
        ProductCode: RCWF, LicenseDate: 2026-02-10, ProductName: Telerik UI for WinForms, ProductVersion: 2026.1.210.462, Flags: None
      - \\FEAP1313L\Users\edward.barreras\source\repos\LIVE\MIA SRC\lib\RCWF\2026.1.210.462\Telerik.WinControls.Themes.VisualStudio2012Light.dll
        ProductCode: RCWF, LicenseDate: 2026-02-10, ProductName: Telerik UI for WinForms, ProductVersion: 2026.1.210.462, Flags: None
      - \\FEAP1313L\Users\edward.barreras\source\repos\LIVE\MIA SRC\lib\RCWF\2026.1.210.462\Telerik.WinControls.Themes.Windows7.dll
        ProductCode: RCWF, LicenseDate: 2026-02-10, ProductName: Telerik UI for WinForms, ProductVersion: 2026.1.210.462, Flags: None
      - \\FEAP1313L\Users\edward.barreras\source\repos\LIVE\MIA SRC\lib\RCWF\2026.1.210.462\Telerik.WinControls.Themes.Windows8.dll
        ProductCode: RCWF, LicenseDate: 2026-02-10, ProductName: Telerik UI for WinForms, ProductVersion: 2026.1.210.462, Flags: None
      - \\FEAP1313L\Users\edward.barreras\source\repos\LIVE\MIA SRC\lib\RCWF\2026.1.210.462\Telerik.WinControls.UI.dll
        ProductCode: RCWF, LicenseDate: 2026-02-10, ProductName: Telerik UI for WinForms, ProductVersion: 2026.1.210.462, Flags: None
      - \\FEAP1313L\Users\edward.barreras\source\repos\LIVE\MIA SRC\lib\RCWF\2026.1.210.462\Telerik.Windows.Documents.Core.dll
        ProductCode: DPL, LicenseDate: 2026-02-10, Redistributed By: RCWPF, RCWF, MAUI, UIXAM, WINUI, RCAJAX, KENDOUIMVC, UIASPCORE, BLAZOR, ProductName: Telerik Document Processing Libraries, ProductVersion: 2026.1.210.462, Flags: None
      - \\FEAP1313L\Users\edward.barreras\source\repos\LIVE\MIA SRC\lib\RCWF\2026.1.210.462\Telerik.Windows.Documents.Fixed.dll
        ProductCode: DPL, LicenseDate: 2026-02-10, Redistributed By: RCWPF, RCWF, MAUI, UIXAM, WINUI, RCAJAX, KENDOUIMVC, UIASPCORE, BLAZOR, ProductName: Telerik Document Processing Libraries, ProductVersion: 2026.1.210.462, Flags: None
      - \\FEAP1313L\Users\edward.barreras\source\repos\LIVE\MIA SRC\lib\RCWF\2026.1.210.462\Telerik.Windows.Documents.Spreadsheet.dll
        ProductCode: DPL, LicenseDate: 2026-02-10, Redistributed By: RCWPF, RCWF, MAUI, UIXAM, WINUI, RCAJAX, KENDOUIMVC, UIASPCORE, BLAZOR, ProductName: Telerik Document Processing Libraries, ProductVersion: 2026.1.210.462, Flags: None
      - \\FEAP1313L\Users\edward.barreras\source\repos\LIVE\MIA SRC\lib\RCWF\2026.1.210.462\Telerik.Windows.Documents.Spreadsheet.FormatProviders.Pdf.dll
        ProductCode: DPL, LicenseDate: 2026-02-10, Redistributed By: RCWPF, RCWF, MAUI, UIXAM, WINUI, RCAJAX, KENDOUIMVC, UIASPCORE, BLAZOR, ProductName: Telerik Document Processing Libraries, ProductVersion: 2026.1.210.462, Flags: None
      - \\FEAP1313L\Users\edward.barreras\source\repos\LIVE\MIA SRC\lib\RCWF\2026.1.210.462\Telerik.Windows.Documents.Spreadsheet.FormatProviders.Xls.dll
        ProductCode: DPL, LicenseDate: 2026-02-10, Redistributed By: RCWPF, RCWF, MAUI, UIXAM, WINUI, RCAJAX, KENDOUIMVC, UIASPCORE, BLAZOR, ProductName: Telerik Document Processing Libraries, ProductVersion: 2026.1.210.462, Flags: None
      - \\FEAP1313L\Users\edward.barreras\source\repos\LIVE\MIA SRC\lib\RCWF\2026.1.210.462\Telerik.Windows.Zip.dll
        ProductCode: DPL, LicenseDate: 2026-02-10, Redistributed By: RCWPF, RCWF, MAUI, UIXAM, WINUI, RCAJAX, KENDOUIMVC, UIASPCORE, BLAZOR, ProductName: Telerik Document Processing Libraries, ProductVersion: 2026.1.210.462, Flags: None
      - \\FEAP1313L\Users\edward.barreras\source\repos\LIVE\MIA SRC\lib\RCWF\2026.1.210.462\TelerikCommon.dll
        ProductCode: RCWF, LicenseDate: 2026-02-10, ProductName: Telerik UI for WinForms, ProductVersion: 2026.1.210.462, Flags: None
      - \\FEAP1313L\Users\edward.barreras\source\repos\LIVE\MIA SRC\lib\RCWF\2026.1.210.462\TelerikExport.dll
        ProductCode: RCWF, LicenseDate: 2026-02-10, ProductName: Telerik UI for WinForms, ProductVersion: 2026.1.210.462, Flags: None
      Unique Products:
      - "Telerik Document Processing Libraries" (DPL) 2026.1.210.462 @2026-02-10
      - "Telerik UI for WinForms" (RCWF) 2026.1.210.462 @2026-02-10
      - "Telerik Reporting" (REPORTING) 19.1.25.521 @2025-05-21
      Found a total of 3 referenced Telerik products for 

[2026-03-23 14:42:20.921] [Low]   Provision Licensing
        Looking up license file...
        - EnvironmentVariablePath: TELERIK_LICENSE_PATH (NotAvailable)
        - EnvironmentVariable: TELERIK_LICENSE (NotAvailable)
        - EnvironmentVariable: KENDO_UI_LICENSE (NotAvailable)
        - RecursiveFilePath: \\FEAP1313L\Users\edward.barreras\source\repos\LIVE\MIA SRC\ERP\telerik-license.txt (NotAvailable)
        - RecursiveFilePath: \\FEAP1313L\Users\edward.barreras\source\repos\LIVE\MIA SRC\ERP\kendo-ui-license.txt (NotAvailable)
        - RecursiveFilePath: \\FEAP1313L\Users\edward.barreras\source\repos\LIVE\MIA SRC\telerik-license.txt (LicenseFound)
        - RecursiveFilePath: \\FEAP1313L\Users\edward.barreras\source\repos\LIVE\MIA SRC\kendo-ui-license.txt (Skip)
        - RecursiveFilePath: \\FEAP1313L\Users\edward.barreras\source\repos\LIVE\telerik-license.txt (Skip)
        - RecursiveFilePath: \\FEAP1313L\Users\edward.barreras\source\repos\LIVE\kendo-ui-license.txt (Skip)
        - RecursiveFilePath: \\FEAP1313L\Users\edward.barreras\source\repos\telerik-license.txt (Skip)
        - RecursiveFilePath: \\FEAP1313L\Users\edward.barreras\source\repos\kendo-ui-license.txt (Skip)
        - RecursiveFilePath: \\FEAP1313L\Users\edward.barreras\source\telerik-license.txt (Skip)
        - RecursiveFilePath: \\FEAP1313L\Users\edward.barreras\source\kendo-ui-license.txt (Skip)
        - RecursiveFilePath: \\FEAP1313L\Users\edward.barreras\telerik-license.txt (Skip)
        - RecursiveFilePath: \\FEAP1313L\Users\edward.barreras\kendo-ui-license.txt (Skip)
        - RecursiveFilePath: \\FEAP1313L\Users\telerik-license.txt (Skip)
        - RecursiveFilePath: \\FEAP1313L\Users\kendo-ui-license.txt (Skip)
        - UserDirectory: C:\Users\edward.barreras\AppData\Roaming\Telerik\telerik-license.txt (Skip)
        - UserDirectory: C:\Users\edward.barreras\AppData\Roaming\Telerik\kendo-ui-license.txt (Skip)
        LicenseKey
        - AUD: f***.m**@f***************.com
        - UsedId: ab69b8b5-c84c-45ed-8228-81dac868c759
        - LicenseId: e7eaafda-87c7-42d6-9ce6-49a541b8c4ed
        - IssuedAt: 1/20/2026 6:35:06 AM
        - Licenses
          0) Perpetual BLAZOR, expiration 9/25/2027 12:49:33 PM, type: 'perpetual'
          1) Perpetual JM, expiration 9/25/2027 12:49:33 PM, type: 'perpetual'
          2) Perpetual KENDOUIANGULAR, expiration 9/25/2027 12:49:33 PM, type: 'perpetual'
          3) Perpetual KENDOUICOMPLETE, expiration 9/25/2027 12:49:33 PM, type: 'perpetual'
          4) Perpetual KENDOUIMVC, expiration 9/25/2027 12:49:33 PM, type: 'perpetual'
          5) Perpetual KENDOUIREACT, expiration 9/25/2027 12:49:33 PM, type: 'perpetual'
          6) Perpetual KENDOUIVUE, expiration 9/25/2027 12:49:33 PM, type: 'perpetual'
          7) Perpetual MAUI, expiration 9/25/2027 12:49:33 PM, type: 'perpetual'
          8) Perpetual RCAJAX, expiration 9/25/2027 12:49:33 PM, type: 'perpetual'
          9) Perpetual RCWF, expiration 9/25/2027 12:49:33 PM, type: 'perpetual'
          10) Perpetual RCWPF, expiration 9/25/2027 12:49:33 PM, type: 'perpetual'
          11) Perpetual REPORTING, expiration 9/25/2027 12:49:33 PM, type: 'perpetual'
          12) Perpetual REPORTSERVER, expiration 9/25/2027 12:49:33 PM, type: 'perpetual'
          13) Perpetual UIASPCORE, expiration 9/25/2027 12:49:33 PM, type: 'perpetual'
          14) Perpetual UIXAM, expiration 2/19/2025 6:00:00 AM, type: 'perpetual'
          15) Perpetual WINUI, expiration 9/25/2027 12:49:33 PM, type: 'perpetual'
          16) Usage UserId: ab69b8b5-c84c-45ed-8228-81dac868c759, LicenseId: e7eaafda-87c7-42d6-9ce6-49a541b8c4ed, type: 'usage'

[2026-03-23 14:42:20.930] [Low]   License Resolution
        Messages
          - License OK for "Telerik UI for WinForms" (RCWF) 2026.1.210.462 @2026-02-10 - Perpetual, valid until 2027-09-25.
          - License OK for "Telerik Reporting" (REPORTING) 19.1.25.521 @2025-05-21 - Perpetual, valid until 2027-09-25.
          - License OK for "Telerik Document Processing Libraries" (DPL) 2026.1.210.462 @2026-02-10 - Perpetual for RCWF, valid until 2027-09-25.
        JWTs
          - eyJhbGciOiJSUzI1NiIsInR5cCI6IlRlbGVyaWsgTGljZW5zZSBFdmlkZW5jZSJ9.eyJjb2RlIjoiUkNXRiIsInR5cGUiOiJwZXJwZXR1YWwiLCJleHBpcmF0aW9uIjoxODIxODc2NTczLCJ1c2VySWQiOiJhYjY5YjhiNS1jODRjLTQ1ZWQtODIyOC04MWRhYzg2OGM3NTkiLCJsaWNlbnNlSWQiOiJlN2VhYWZkYS04N2M3LTQyZDYtOWNlNi00OWE1NDFiOGM0ZWQifQ.H8sxX5O2T3i22Uhy0PFV3YDo-lS1iHVocWX9Eu-82PheI3XbKMkEr7QiChWfuNwS9afgR7PMGy4_nx9HXRV5V9cRQ1zWvIkJsG2EbadPtKlygaAkCh-FXSRVflm3WITNHIAYfazZa26sHSnqBW_XRbH3o0GQkqVYkLlxLuLuKa4M7LlA1KtQZcVFhOH2oaXQoxfrkUMQxNFCz0JdI76T1YJNrAwxpXri8KUzfoDwKhY-IhN-bU25hJs19yGvWykTuZqrZ3lv603aQkaCaPnlF_tHROsmC7nbV4aaxaSHRF1PVD5lqsAhkA5OdGmqH8Kq9F5mhRXVVwYWf3WBcxZKkg
          - eyJhbGciOiJSUzI1NiIsInR5cCI6IlRlbGVyaWsgTGljZW5zZSBFdmlkZW5jZSJ9.eyJjb2RlIjoiUkVQT1JUSU5HIiwidHlwZSI6InBlcnBldHVhbCIsImV4cGlyYXRpb24iOjE4MjE4NzY1NzMsInVzZXJJZCI6ImFiNjliOGI1LWM4NGMtNDVlZC04MjI4LTgxZGFjODY4Yzc1OSIsImxpY2Vuc2VJZCI6ImU3ZWFhZmRhLTg3YzctNDJkNi05Y2U2LTQ5YTU0MWI4YzRlZCJ9.vMdezVVvhtRG-iThgXrXFDyr8L394y38spuHWK9Cyc_b9XZ2iHzEwyT9dLgOqBfvEQM3-GKFcOW6O4-_SSwoIjNhm9paVKSVEmeonMfEOgZjOXuqYFCrXmegYUefJNkHmL6P9cB0CPtA_PThVXqg_RGtCMGEoTW_ISG2ymjLnKXwuGf3uQoTxYWCmdBVMAeZHBlzpUh7aJ78fWmWbIvGf_jrykaFhCaWML2yJHyAjHIH1uzf088pGqdOeDvhBQsIva3Hg0KPLptC4ZqxkkVyYHFvvqFgwwkv8O3ex6Df238honjg-11aXIid1Ad6SSsrqEuKqHBUF__HbdhN0AvfLg
        Licenses
          - License OK for "Telerik UI for WinForms" (RCWF) 2026.1.210.462 @2026-02-10 - Perpetual, valid until 2027-09-25.
          - License OK for "Telerik Reporting" (REPORTING) 19.1.25.521 @2025-05-21 - Perpetual, valid until 2027-09-25.
          - License OK for "Telerik Document Processing Libraries" (DPL) 2026.1.210.462 @2026-02-10 - Perpetual for RCWF, valid until 2027-09-25.

[2026-03-23 14:42:20.934] [Low] OutputType: WinExe, ImportXamlTargets: True
[2026-03-23 14:42:20.948] [Low] 
      Call-Home Telerik Products (3 for )
      - "Telerik UI for WinForms" (RCWF) 2026.1.210
      - "DPL" (DPL) 2026.1.210
      - "Telerik Reporting" (REPORTING) 19.1.25

[2026-03-23 14:42:20.948] [Low] 
[2026-03-23 14:42:20.951] [Low] 
      Call-Home Telerik Features (0 for )

[2026-03-23 14:42:20.951] [Low] 
[2026-03-23 14:42:21.019] [Low]   Report Telerik.Licensing
        UserId: ab69b8b5-c84c-45ed-8228-81dac868c759
        LicenseId: e7eaafda-87c7-42d6-9ce6-49a541b8c4ed
        Products
        - LicenseUsed RCWF 2026.1.210.462 SKIPPED
        - LicenseUsed REPORTING 19.1.25.521 SKIPPED
        - LicenseUsed DPL 2026.1.210.462 SKIPPED
      Report finished in 00:00:00.0619800

[2026-03-23 14:42:21.021] [Low]   Sending Telemetry...
[2026-03-23 14:42:21.049] [Low]   Metrics done 00:00:00.0281419
[2026-03-23 14:42:21.051] [Normal] Resolve Telerik Products. Done (00:00:00.5163738) for 
[2026-03-23 14:53:11.277] [Normal] Resolve Telerik Products.
  MSBuildProjectName=2
  MSBuildProjectDirectory=\\FEAP1313L\Users\edward.barreras\source\repos\LIVE\MIA SRC\ERP
  MSBuildProjectExtension=.vbproj
  Language=VB
  OutputPath=bin\Debug\
  Platform=AnyCPU
  TargetFramework=
  TargetFrameworks=
  TargetFrameworkVersion=v4.8
  VisualStudioVersion=17.0
  UsingMicrosoftNETSdk=
  UsingMicrosoftNETSdkRazor=
  UsingMicrosoftNETSdkWeb=
  ImportXamlTargets=True
  OutputType=WinExe
  UseMaui=
  NuGetPackageRoot=

  PackageReferences
  ReferencePaths
  - BouncyCastle.Crypto.dll 1.8.3 at \\FEAP1313L\Users\edward.barreras\source\repos\LIVE\MIA SRC\packages\BouncyCastle.1.8.3.1\lib\BouncyCastle.Crypto.dll
  - BouncyCastle.Cryptography.dll 2.5.1 at \\FEAP1313L\Users\edward.barreras\source\repos\LIVE\MIA SRC\packages\BouncyCastle.Cryptography.2.5.1\lib\net461\BouncyCastle.Cryptography.dll
  - ClosedXML.dll 0.96.0 at \\FEAP1313L\Users\edward.barreras\source\repos\LIVE\MIA SRC\packages\ClosedXML.0.96.0\lib\net40\ClosedXML.dll
  - DocumentFormat.OpenXml.dll 2.16.0 at \\FEAP1313L\Users\edward.barreras\source\repos\LIVE\MIA SRC\packages\DocumentFormat.OpenXml.2.16.0\lib\net40\DocumentFormat.OpenXml.dll
  - ExcelNumberFormat.dll 1.1.0 at \\FEAP1313L\Users\edward.barreras\source\repos\LIVE\MIA SRC\packages\ExcelNumberFormat.1.1.0\lib\net20\ExcelNumberFormat.dll
  - FEAPNS.dll 1.0.0 at \\FEAP1313L\Users\edward.barreras\source\repos\LIVE\MIA SRC\ERP\bin\Debug\FEAPNS.dll
  - Gma.QrCodeNet.Encoding.dll 0.4.1 at \\FEAP1313L\Users\edward.barreras\source\repos\LIVE\MIA SRC\packages\Gma.QrCodeNet.0.4.1.2\lib\net40\Gma.QrCodeNet.Encoding.dll
  - Google.Protobuf.dll 3.30.0 at \\FEAP1313L\Users\edward.barreras\source\repos\LIVE\MIA SRC\packages\Google.Protobuf.3.30.0\lib\net45\Google.Protobuf.dll
  - K4os.Compression.LZ4.dll 1.3.8 at \\FEAP1313L\Users\edward.barreras\source\repos\LIVE\MIA SRC\packages\K4os.Compression.LZ4.1.3.8\lib\net462\K4os.Compression.LZ4.dll
  - K4os.Compression.LZ4.Streams.dll 1.3.8 at \\FEAP1313L\Users\edward.barreras\source\repos\LIVE\MIA SRC\packages\K4os.Compression.LZ4.Streams.1.3.8\lib\net462\K4os.Compression.LZ4.Streams.dll
  - K4os.Hash.xxHash.dll 1.0.8 at \\FEAP1313L\Users\edward.barreras\source\repos\LIVE\MIA SRC\packages\K4os.Hash.xxHash.1.0.8\lib\net462\K4os.Hash.xxHash.dll
  - MIA-Linq.dll 1.0.0 at \\FEAP1313L\Users\edward.barreras\source\repos\LIVE\MIA SRC\ERP\bin\Debug\MIA-Linq.dll
  - MIA-Report.dll 1.0.0 at \\FEAP1313L\Users\edward.barreras\source\repos\LIVE\MIA SRC\ERP\bin\Debug\MIA-Report.dll
  - Microsoft.Bcl.AsyncInterfaces.dll 5.0.0 at \\FEAP1313L\Users\edward.barreras\source\repos\LIVE\MIA SRC\packages\Microsoft.Bcl.AsyncInterfaces.5.0.0\lib\net461\Microsoft.Bcl.AsyncInterfaces.dll
  - Microsoft.CSharp.dll 4.8.3761 at C:\Program Files (x86)\Reference Assemblies\Microsoft\Framework\.NETFramework\v4.8\Microsoft.CSharp.dll
  - MySql.Data.dll 9.4.0 at \\FEAP1313L\Users\edward.barreras\source\repos\LIVE\MIA SRC\packages\MySql.Data.9.4.0\lib\net48\MySql.Data.dll
  - Newtonsoft.Json.dll 13.0.3 at \\FEAP1313L\Users\edward.barreras\source\repos\LIVE\MIA SRC\packages\Newtonsoft.Json.13.0.3\lib\net45\Newtonsoft.Json.dll
  - SRCDailyReportv2.dll 1.0.0 at \\FEAP1313L\Users\edward.barreras\source\repos\LIVE\MIA SRC\ERP\bin\Debug\SRCDailyReportv2.dll
  - System.Buffers.dll 4.6.28619 at \\FEAP1313L\Users\edward.barreras\source\repos\LIVE\MIA SRC\packages\System.Buffers.4.5.1\lib\net461\System.Buffers.dll
  - System.ComponentModel.DataAnnotations.dll 4.8.3761 at C:\Program Files (x86)\Reference Assemblies\Microsoft\Framework\.NETFramework\v4.8\System.ComponentModel.DataAnnotations.dll
  - System.ComponentModel.dll 4.8.3761 at C:\Program Files (x86)\Reference Assemblies\Microsoft\Framework\.NETFramework\v4.8\Facades\System.ComponentModel.dll
  - System.Configuration.ConfigurationManager.dll 8.0.0 at \\FEAP1313L\Users\edward.barreras\source\repos\LIVE\MIA SRC\packages\System.Configuration.ConfigurationManager.8.0.0\lib\net462\System.Configuration.ConfigurationManager.dll
  - System.Configuration.dll 4.8.3761 at C:\Program Files (x86)\Reference Assemblies\Microsoft\Framework\.NETFramework\v4.8\System.Configuration.dll
  - System.Configuration.Install.dll 4.8.3761 at C:\Program Files (x86)\Reference Assemblies\Microsoft\Framework\.NETFramework\v4.8\System.Configuration.Install.dll
  - System.Core.dll 4.8.3761 at C:\Program Files (x86)\Reference Assemblies\Microsoft\Framework\.NETFramework\v4.8\System.Core.dll
  - System.Data.DataSetExtensions.dll 4.8.3761 at C:\Program Files (x86)\Reference Assemblies\Microsoft\Framework\.NETFramework\v4.8\System.Data.DataSetExtensions.dll
  - System.Data.dll 4.8.3761 at C:\Program Files (x86)\Reference Assemblies\Microsoft\Framework\.NETFramework\v4.8\System.Data.dll
  - System.Data.OleDb.dll 9.0.2 at \\FEAP1313L\Users\edward.barreras\source\repos\LIVE\MIA SRC\packages\System.Data.OleDb.9.0.2\lib\net462\System.Data.OleDb.dll
  - System.Deployment.dll 4.8.3761 at C:\Program Files (x86)\Reference Assemblies\Microsoft\Framework\.NETFramework\v4.8\System.Deployment.dll
  - System.Diagnostics.DiagnosticSource.dll 8.0.4 at \\FEAP1313L\Users\edward.barreras\source\repos\LIVE\MIA SRC\packages\System.Diagnostics.DiagnosticSource.8.0.1\lib\net462\System.Diagnostics.DiagnosticSource.dll
  - System.dll 4.8.3761 at C:\Program Files (x86)\Reference Assemblies\Microsoft\Framework\.NETFramework\v4.8\System.dll
  - System.Drawing.Design.dll 4.8.3761 at C:\Program Files (x86)\Reference Assemblies\Microsoft\Framework\.NETFramework\v4.8\System.Drawing.Design.dll
  - System.Drawing.dll 4.8.3761 at C:\Program Files (x86)\Reference Assemblies\Microsoft\Framework\.NETFramework\v4.8\System.Drawing.dll
  - System.IO.Pipelines.dll 5.0.15 at \\FEAP1313L\Users\edward.barreras\source\repos\LIVE\MIA SRC\packages\System.IO.Pipelines.5.0.2\lib\net461\System.IO.Pipelines.dll
  - System.Management.dll 4.8.3761 at C:\Program Files (x86)\Reference Assemblies\Microsoft\Framework\.NETFramework\v4.8\System.Management.dll
  - System.Memory.dll 4.6.31308 at \\FEAP1313L\Users\edward.barreras\source\repos\LIVE\MIA SRC\packages\System.Memory.4.5.5\lib\net461\System.Memory.dll
  - System.Messaging.dll 4.8.3761 at C:\Program Files (x86)\Reference Assemblies\Microsoft\Framework\.NETFramework\v4.8\System.Messaging.dll
  - System.Net.Http.Formatting.dll 5.2.7 at C:\Program Files\Microsoft Visual Studio\2022\Community\Common7\IDE\PublicAssemblies\System.Net.Http.Formatting.dll
  - System.Numerics.dll 4.8.3761 at C:\Program Files (x86)\Reference Assemblies\Microsoft\Framework\.NETFramework\v4.8\System.Numerics.dll
  - System.Numerics.Vectors.dll 4.6.26515 at \\FEAP1313L\Users\edward.barreras\source\repos\LIVE\MIA SRC\packages\System.Numerics.Vectors.4.5.0\lib\net46\System.Numerics.Vectors.dll
  - System.Runtime.CompilerServices.Unsafe.dll 6.1.0 at \\FEAP1313L\Users\edward.barreras\source\repos\LIVE\MIA SRC\packages\System.Runtime.CompilerServices.Unsafe.6.1.0\lib\net462\System.Runtime.CompilerServices.Unsafe.dll
  - System.Threading.Tasks.Extensions.dll 4.6.0 at \\FEAP1313L\Users\edward.barreras\source\repos\LIVE\MIA SRC\packages\System.Threading.Tasks.Extensions.4.6.0\lib\net462\System.Threading.Tasks.Extensions.dll
  - System.Transactions.dll 4.8.3761 at C:\Program Files (x86)\Reference Assemblies\Microsoft\Framework\.NETFramework\v4.8\System.Transactions.dll
  - System.Web.Extensions.dll 4.8.3761 at C:\Program Files (x86)\Reference Assemblies\Microsoft\Framework\.NETFramework\v4.8\System.Web.Extensions.dll
  - System.Windows.Forms.dll 4.8.3761 at C:\Program Files (x86)\Reference Assemblies\Microsoft\Framework\.NETFramework\v4.8\System.Windows.Forms.dll
  - System.Xml.dll 4.8.3761 at C:\Program Files (x86)\Reference Assemblies\Microsoft\Framework\.NETFramework\v4.8\System.Xml.dll
  - System.Xml.Linq.dll 4.8.3761 at C:\Program Files (x86)\Reference Assemblies\Microsoft\Framework\.NETFramework\v4.8\System.Xml.Linq.dll
  - Telerik.Documents.SpreadsheetStreaming.dll 2026.1.210 at \\FEAP1313L\Users\edward.barreras\source\repos\LIVE\MIA SRC\lib\RCWF\2026.1.210.462\Telerik.Documents.SpreadsheetStreaming.dll
  - Telerik.Licensing.Runtime.dll 1.8.2 at \\FEAP1313L\Users\edward.barreras\source\repos\LIVE\MIA SRC\packages\Telerik.Licensing.1.8.2\lib\net462\Telerik.Licensing.Runtime.dll
  - Telerik.Reporting.dll 19.1.25 at \\FEAP1313L\Users\edward.barreras\source\repos\LIVE\MIA SRC\ERP\bin\Debug\Telerik.Reporting.dll
  - Telerik.Reporting.Services.HttpClient.dll 19.1.25 at \\FEAP1313L\Users\edward.barreras\source\repos\LIVE\MIA SRC\ERP\bin\Debug\Telerik.Reporting.Services.HttpClient.dll
  - Telerik.Reporting.Services.ServiceStack.dll 19.1.25 at \\FEAP1313L\Users\edward.barreras\source\repos\LIVE\MIA SRC\ERP\bin\Debug\Telerik.Reporting.Services.ServiceStack.dll
  - Telerik.ReportViewer.WinForms.dll 19.1.25 at \\FEAP1313L\Users\edward.barreras\source\repos\LIVE\MIA SRC\ERP\bin\Debug\Telerik.ReportViewer.WinForms.dll
  - Telerik.ReportViewer.Wpf.dll 19.1.25 at \\FEAP1313L\Users\edward.barreras\source\repos\LIVE\MIA SRC\ERP\bin\Debug\Telerik.ReportViewer.Wpf.dll
  - Telerik.WinControls.dll 2026.1.210 at \\FEAP1313L\Users\edward.barreras\source\repos\LIVE\MIA SRC\lib\RCWF\2026.1.210.462\Telerik.WinControls.dll
  - Telerik.WinControls.GridView.dll 2026.1.210 at \\FEAP1313L\Users\edward.barreras\source\repos\LIVE\MIA SRC\lib\RCWF\2026.1.210.462\Telerik.WinControls.GridView.dll
  - Telerik.WinControls.RadDock.dll 2026.1.210 at \\FEAP1313L\Users\edward.barreras\source\repos\LIVE\MIA SRC\lib\RCWF\2026.1.210.462\Telerik.WinControls.RadDock.dll
  - Telerik.WinControls.Themes.Aqua.dll 2026.1.210 at \\FEAP1313L\Users\edward.barreras\source\repos\LIVE\MIA SRC\lib\RCWF\2026.1.210.462\Telerik.WinControls.Themes.Aqua.dll
  - Telerik.WinControls.Themes.Breeze.dll 2026.1.210 at \\FEAP1313L\Users\edward.barreras\source\repos\LIVE\MIA SRC\lib\RCWF\2026.1.210.462\Telerik.WinControls.Themes.Breeze.dll
  - Telerik.WinControls.Themes.Crystal.dll 2026.1.210 at \\FEAP1313L\Users\edward.barreras\source\repos\LIVE\MIA SRC\lib\RCWF\2026.1.210.462\Telerik.WinControls.Themes.Crystal.dll
  - Telerik.WinControls.Themes.CrystalDark.dll 2026.1.210 at \\FEAP1313L\Users\edward.barreras\source\repos\LIVE\MIA SRC\lib\RCWF\2026.1.210.462\Telerik.WinControls.Themes.CrystalDark.dll
  - Telerik.WinControls.Themes.Desert.dll 2026.1.210 at \\FEAP1313L\Users\edward.barreras\source\repos\LIVE\MIA SRC\lib\RCWF\2026.1.210.462\Telerik.WinControls.Themes.Desert.dll
  - Telerik.WinControls.Themes.Fluent.dll 2026.1.210 at \\FEAP1313L\Users\edward.barreras\source\repos\LIVE\MIA SRC\lib\RCWF\2026.1.210.462\Telerik.WinControls.Themes.Fluent.dll
  - Telerik.WinControls.Themes.FluentDark.dll 2026.1.210 at \\FEAP1313L\Users\edward.barreras\source\repos\LIVE\MIA SRC\lib\RCWF\2026.1.210.462\Telerik.WinControls.Themes.FluentDark.dll
  - Telerik.WinControls.Themes.HighContrastBlack.dll 2026.1.210 at \\FEAP1313L\Users\edward.barreras\source\repos\LIVE\MIA SRC\lib\RCWF\2026.1.210.462\Telerik.WinControls.Themes.HighContrastBlack.dll
  - Telerik.WinControls.Themes.Material.dll 2026.1.210 at \\FEAP1313L\Users\edward.barreras\source\repos\LIVE\MIA SRC\lib\RCWF\2026.1.210.462\Telerik.WinControls.Themes.Material.dll
  - Telerik.WinControls.Themes.MaterialBlueGrey.dll 2026.1.210 at \\FEAP1313L\Users\edward.barreras\source\repos\LIVE\MIA SRC\lib\RCWF\2026.1.210.462\Telerik.WinControls.Themes.MaterialBlueGrey.dll
  - Telerik.WinControls.Themes.MaterialPink.dll 2026.1.210 at \\FEAP1313L\Users\edward.barreras\source\repos\LIVE\MIA SRC\lib\RCWF\2026.1.210.462\Telerik.WinControls.Themes.MaterialPink.dll
  - Telerik.WinControls.Themes.MaterialTeal.dll 2026.1.210 at \\FEAP1313L\Users\edward.barreras\source\repos\LIVE\MIA SRC\lib\RCWF\2026.1.210.462\Telerik.WinControls.Themes.MaterialTeal.dll
  - Telerik.WinControls.Themes.Office2007Black.dll 2026.1.210 at \\FEAP1313L\Users\edward.barreras\source\repos\LIVE\MIA SRC\lib\RCWF\2026.1.210.462\Telerik.WinControls.Themes.Office2007Black.dll
  - Telerik.WinControls.Themes.Office2010Black.dll 2026.1.210 at \\FEAP1313L\Users\edward.barreras\source\repos\LIVE\MIA SRC\lib\RCWF\2026.1.210.462\Telerik.WinControls.Themes.Office2010Black.dll
  - Telerik.WinControls.Themes.Office2010Blue.dll 2026.1.210 at \\FEAP1313L\Users\edward.barreras\source\repos\LIVE\MIA SRC\lib\RCWF\2026.1.210.462\Telerik.WinControls.Themes.Office2010Blue.dll
  - Telerik.WinControls.Themes.Office2010Silver.dll 2026.1.210 at \\FEAP1313L\Users\edward.barreras\source\repos\LIVE\MIA SRC\lib\RCWF\2026.1.210.462\Telerik.WinControls.Themes.Office2010Silver.dll
  - Telerik.WinControls.Themes.Office2013Dark.dll 2026.1.210 at \\FEAP1313L\Users\edward.barreras\source\repos\LIVE\MIA SRC\lib\RCWF\2026.1.210.462\Telerik.WinControls.Themes.Office2013Dark.dll
  - Telerik.WinControls.Themes.Office2013Light.dll 2026.1.210 at \\FEAP1313L\Users\edward.barreras\source\repos\LIVE\MIA SRC\lib\RCWF\2026.1.210.462\Telerik.WinControls.Themes.Office2013Light.dll
  - Telerik.WinControls.Themes.TelerikMetroBlue.dll 2026.1.210 at \\FEAP1313L\Users\edward.barreras\source\repos\LIVE\MIA SRC\lib\RCWF\2026.1.210.462\Telerik.WinControls.Themes.TelerikMetroBlue.dll
  - Telerik.WinControls.Themes.VisualStudio2012Dark.dll 2026.1.210 at \\FEAP1313L\Users\edward.barreras\source\repos\LIVE\MIA SRC\lib\RCWF\2026.1.210.462\Telerik.WinControls.Themes.VisualStudio2012Dark.dll
  - Telerik.WinControls.Themes.VisualStudio2012Light.dll 2026.1.210 at \\FEAP1313L\Users\edward.barreras\source\repos\LIVE\MIA SRC\lib\RCWF\2026.1.210.462\Telerik.WinControls.Themes.VisualStudio2012Light.dll
  - Telerik.WinControls.Themes.Windows7.dll 2026.1.210 at \\FEAP1313L\Users\edward.barreras\source\repos\LIVE\MIA SRC\lib\RCWF\2026.1.210.462\Telerik.WinControls.Themes.Windows7.dll
  - Telerik.WinControls.Themes.Windows8.dll 2026.1.210 at \\FEAP1313L\Users\edward.barreras\source\repos\LIVE\MIA SRC\lib\RCWF\2026.1.210.462\Telerik.WinControls.Themes.Windows8.dll
  - Telerik.WinControls.UI.dll 2026.1.210 at \\FEAP1313L\Users\edward.barreras\source\repos\LIVE\MIA SRC\lib\RCWF\2026.1.210.462\Telerik.WinControls.UI.dll
  - Telerik.Windows.Documents.Core.dll 2026.1.210 at \\FEAP1313L\Users\edward.barreras\source\repos\LIVE\MIA SRC\lib\RCWF\2026.1.210.462\Telerik.Windows.Documents.Core.dll
  - Telerik.Windows.Documents.Fixed.dll 2026.1.210 at \\FEAP1313L\Users\edward.barreras\source\repos\LIVE\MIA SRC\lib\RCWF\2026.1.210.462\Telerik.Windows.Documents.Fixed.dll
  - Telerik.Windows.Documents.Spreadsheet.dll 2026.1.210 at \\FEAP1313L\Users\edward.barreras\source\repos\LIVE\MIA SRC\lib\RCWF\2026.1.210.462\Telerik.Windows.Documents.Spreadsheet.dll
  - Telerik.Windows.Documents.Spreadsheet.FormatProviders.OpenXml.dll 2026.1.210 at \\FEAP1313L\Users\edward.barreras\source\repos\LIVE\MIA SRC\lib\RCWF\2026.1.210.462\Telerik.Windows.Documents.Spreadsheet.FormatProviders.OpenXml.dll
  - Telerik.Windows.Documents.Spreadsheet.FormatProviders.Pdf.dll 2026.1.210 at \\FEAP1313L\Users\edward.barreras\source\repos\LIVE\MIA SRC\lib\RCWF\2026.1.210.462\Telerik.Windows.Documents.Spreadsheet.FormatProviders.Pdf.dll
  - Telerik.Windows.Documents.Spreadsheet.FormatProviders.Xls.dll 2026.1.210 at \\FEAP1313L\Users\edward.barreras\source\repos\LIVE\MIA SRC\lib\RCWF\2026.1.210.462\Telerik.Windows.Documents.Spreadsheet.FormatProviders.Xls.dll
  - Telerik.Windows.Zip.dll 2026.1.210 at \\FEAP1313L\Users\edward.barreras\source\repos\LIVE\MIA SRC\lib\RCWF\2026.1.210.462\Telerik.Windows.Zip.dll
  - TelerikCommon.dll 2026.1.210 at \\FEAP1313L\Users\edward.barreras\source\repos\LIVE\MIA SRC\lib\RCWF\2026.1.210.462\TelerikCommon.dll
  - TelerikExport.dll 2026.1.210 at \\FEAP1313L\Users\edward.barreras\source\repos\LIVE\MIA SRC\lib\RCWF\2026.1.210.462\TelerikExport.dll
  - Ubiety.Dns.Core.dll 2.2.1 at \\FEAP1313L\Users\edward.barreras\source\repos\LIVE\MIA SRC\ERP\bin\Debug\Ubiety.Dns.Core.dll
  - WindowsBase.dll 4.8.3761 at C:\Program Files (x86)\Reference Assemblies\Microsoft\Framework\.NETFramework\v4.8\WindowsBase.dll
  - ZstdSharp.dll 0.8.5 at \\FEAP1313L\Users\edward.barreras\source\repos\LIVE\MIA SRC\packages\ZstdSharp.Port.0.8.5\lib\net462\ZstdSharp.dll
  MachineId=2xQjveFWQf4bUNzPt3x/SIfuym0=

[2026-03-23 14:53:11.363] [Low]   Looking for Telerik product metadata in referenced assemblies
      - \\FEAP1313L\Users\edward.barreras\source\repos\LIVE\MIA SRC\lib\RCWF\2026.1.210.462\Telerik.Documents.SpreadsheetStreaming.dll
        ProductCode: DPL, LicenseDate: 2026-02-10, Redistributed By: RCWPF, RCWF, MAUI, UIXAM, WINUI, RCAJAX, KENDOUIMVC, UIASPCORE, BLAZOR, ProductName: Telerik Document Processing Libraries, ProductVersion: 2026.1.210.462, Flags: None
      - \\FEAP1313L\Users\edward.barreras\source\repos\LIVE\MIA SRC\ERP\bin\Debug\Telerik.Reporting.dll
        ProductCode: REPORTING, LicenseDate: 2025-05-21, ProductName: Telerik Reporting, ProductVersion: 19.1.25.521, Flags: None
      - \\FEAP1313L\Users\edward.barreras\source\repos\LIVE\MIA SRC\lib\RCWF\2026.1.210.462\Telerik.WinControls.dll
        ProductCode: RCWF, LicenseDate: 2026-02-10, ProductName: Telerik UI for WinForms, ProductVersion: 2026.1.210.462, Flags: None
      - \\FEAP1313L\Users\edward.barreras\source\repos\LIVE\MIA SRC\lib\RCWF\2026.1.210.462\Telerik.WinControls.GridView.dll
        ProductCode: RCWF, LicenseDate: 2026-02-10, ProductName: Telerik UI for WinForms, ProductVersion: 2026.1.210.462, Flags: None
      - \\FEAP1313L\Users\edward.barreras\source\repos\LIVE\MIA SRC\lib\RCWF\2026.1.210.462\Telerik.WinControls.RadDock.dll
        ProductCode: RCWF, LicenseDate: 2026-02-10, ProductName: Telerik UI for WinForms, ProductVersion: 2026.1.210.462, Flags: None
      - \\FEAP1313L\Users\edward.barreras\source\repos\LIVE\MIA SRC\lib\RCWF\2026.1.210.462\Telerik.WinControls.Themes.Aqua.dll
        ProductCode: RCWF, LicenseDate: 2026-02-10, ProductName: Telerik UI for WinForms, ProductVersion: 2026.1.210.462, Flags: None
      - \\FEAP1313L\Users\edward.barreras\source\repos\LIVE\MIA SRC\lib\RCWF\2026.1.210.462\Telerik.WinControls.Themes.Breeze.dll
        ProductCode: RCWF, LicenseDate: 2026-02-10, ProductName: Telerik UI for WinForms, ProductVersion: 2026.1.210.462, Flags: None
      - \\FEAP1313L\Users\edward.barreras\source\repos\LIVE\MIA SRC\lib\RCWF\2026.1.210.462\Telerik.WinControls.Themes.Crystal.dll
        ProductCode: RCWF, LicenseDate: 2026-02-10, ProductName: Telerik UI for WinForms, ProductVersion: 2026.1.210.462, Flags: None
      - \\FEAP1313L\Users\edward.barreras\source\repos\LIVE\MIA SRC\lib\RCWF\2026.1.210.462\Telerik.WinControls.Themes.CrystalDark.dll
        ProductCode: RCWF, LicenseDate: 2026-02-10, ProductName: Telerik UI for WinForms, ProductVersion: 2026.1.210.462, Flags: None
      - \\FEAP1313L\Users\edward.barreras\source\repos\LIVE\MIA SRC\lib\RCWF\2026.1.210.462\Telerik.WinControls.Themes.Desert.dll
        ProductCode: RCWF, LicenseDate: 2026-02-10, ProductName: Telerik UI for WinForms, ProductVersion: 2026.1.210.462, Flags: None
      - \\FEAP1313L\Users\edward.barreras\source\repos\LIVE\MIA SRC\lib\RCWF\2026.1.210.462\Telerik.WinControls.Themes.Fluent.dll
        ProductCode: RCWF, LicenseDate: 2026-02-10, ProductName: Telerik UI for WinForms, ProductVersion: 2026.1.210.462, Flags: None
      - \\FEAP1313L\Users\edward.barreras\source\repos\LIVE\MIA SRC\lib\RCWF\2026.1.210.462\Telerik.WinControls.Themes.FluentDark.dll
        ProductCode: RCWF, LicenseDate: 2026-02-10, ProductName: Telerik UI for WinForms, ProductVersion: 2026.1.210.462, Flags: None
      - \\FEAP1313L\Users\edward.barreras\source\repos\LIVE\MIA SRC\lib\RCWF\2026.1.210.462\Telerik.WinControls.Themes.HighContrastBlack.dll
        ProductCode: RCWF, LicenseDate: 2026-02-10, ProductName: Telerik UI for WinForms, ProductVersion: 2026.1.210.462, Flags: None
      - \\FEAP1313L\Users\edward.barreras\source\repos\LIVE\MIA SRC\lib\RCWF\2026.1.210.462\Telerik.WinControls.Themes.Material.dll
        ProductCode: RCWF, LicenseDate: 2026-02-10, ProductName: Telerik UI for WinForms, ProductVersion: 2026.1.210.462, Flags: None
      - \\FEAP1313L\Users\edward.barreras\source\repos\LIVE\MIA SRC\lib\RCWF\2026.1.210.462\Telerik.WinControls.Themes.MaterialBlueGrey.dll
        ProductCode: RCWF, LicenseDate: 2026-02-10, ProductName: Telerik UI for WinForms, ProductVersion: 2026.1.210.462, Flags: None
      - \\FEAP1313L\Users\edward.barreras\source\repos\LIVE\MIA SRC\lib\RCWF\2026.1.210.462\Telerik.WinControls.Themes.MaterialPink.dll
        ProductCode: RCWF, LicenseDate: 2026-02-10, ProductName: Telerik UI for WinForms, ProductVersion: 2026.1.210.462, Flags: None
      - \\FEAP1313L\Users\edward.barreras\source\repos\LIVE\MIA SRC\lib\RCWF\2026.1.210.462\Telerik.WinControls.Themes.MaterialTeal.dll
        ProductCode: RCWF, LicenseDate: 2026-02-10, ProductName: Telerik UI for WinForms, ProductVersion: 2026.1.210.462, Flags: None
      - \\FEAP1313L\Users\edward.barreras\source\repos\LIVE\MIA SRC\lib\RCWF\2026.1.210.462\Telerik.WinControls.Themes.Office2007Black.dll
        ProductCode: RCWF, LicenseDate: 2026-02-10, ProductName: Telerik UI for WinForms, ProductVersion: 2026.1.210.462, Flags: None
      - \\FEAP1313L\Users\edward.barreras\source\repos\LIVE\MIA SRC\lib\RCWF\2026.1.210.462\Telerik.WinControls.Themes.Office2010Black.dll
        ProductCode: RCWF, LicenseDate: 2026-02-10, ProductName: Telerik UI for WinForms, ProductVersion: 2026.1.210.462, Flags: None
      - \\FEAP1313L\Users\edward.barreras\source\repos\LIVE\MIA SRC\lib\RCWF\2026.1.210.462\Telerik.WinControls.Themes.Office2010Blue.dll
        ProductCode: RCWF, LicenseDate: 2026-02-10, ProductName: Telerik UI for WinForms, ProductVersion: 2026.1.210.462, Flags: None
      - \\FEAP1313L\Users\edward.barreras\source\repos\LIVE\MIA SRC\lib\RCWF\2026.1.210.462\Telerik.WinControls.Themes.Office2010Silver.dll
        ProductCode: RCWF, LicenseDate: 2026-02-10, ProductName: Telerik UI for WinForms, ProductVersion: 2026.1.210.462, Flags: None
      - \\FEAP1313L\Users\edward.barreras\source\repos\LIVE\MIA SRC\lib\RCWF\2026.1.210.462\Telerik.WinControls.Themes.Office2013Dark.dll
        ProductCode: RCWF, LicenseDate: 2026-02-10, ProductName: Telerik UI for WinForms, ProductVersion: 2026.1.210.462, Flags: None
      - \\FEAP1313L\Users\edward.barreras\source\repos\LIVE\MIA SRC\lib\RCWF\2026.1.210.462\Telerik.WinControls.Themes.Office2013Light.dll
        ProductCode: RCWF, LicenseDate: 2026-02-10, ProductName: Telerik UI for WinForms, ProductVersion: 2026.1.210.462, Flags: None
      - \\FEAP1313L\Users\edward.barreras\source\repos\LIVE\MIA SRC\lib\RCWF\2026.1.210.462\Telerik.WinControls.Themes.TelerikMetroBlue.dll
        ProductCode: RCWF, LicenseDate: 2026-02-10, ProductName: Telerik UI for WinForms, ProductVersion: 2026.1.210.462, Flags: None
      - \\FEAP1313L\Users\edward.barreras\source\repos\LIVE\MIA SRC\lib\RCWF\2026.1.210.462\Telerik.WinControls.Themes.VisualStudio2012Dark.dll
        ProductCode: RCWF, LicenseDate: 2026-02-10, ProductName: Telerik UI for WinForms, ProductVersion: 2026.1.210.462, Flags: None
      - \\FEAP1313L\Users\edward.barreras\source\repos\LIVE\MIA SRC\lib\RCWF\2026.1.210.462\Telerik.WinControls.Themes.VisualStudio2012Light.dll
        ProductCode: RCWF, LicenseDate: 2026-02-10, ProductName: Telerik UI for WinForms, ProductVersion: 2026.1.210.462, Flags: None
      - \\FEAP1313L\Users\edward.barreras\source\repos\LIVE\MIA SRC\lib\RCWF\2026.1.210.462\Telerik.WinControls.Themes.Windows7.dll
        ProductCode: RCWF, LicenseDate: 2026-02-10, ProductName: Telerik UI for WinForms, ProductVersion: 2026.1.210.462, Flags: None
      - \\FEAP1313L\Users\edward.barreras\source\repos\LIVE\MIA SRC\lib\RCWF\2026.1.210.462\Telerik.WinControls.Themes.Windows8.dll
        ProductCode: RCWF, LicenseDate: 2026-02-10, ProductName: Telerik UI for WinForms, ProductVersion: 2026.1.210.462, Flags: None
      - \\FEAP1313L\Users\edward.barreras\source\repos\LIVE\MIA SRC\lib\RCWF\2026.1.210.462\Telerik.WinControls.UI.dll
        ProductCode: RCWF, LicenseDate: 2026-02-10, ProductName: Telerik UI for WinForms, ProductVersion: 2026.1.210.462, Flags: None
      - \\FEAP1313L\Users\edward.barreras\source\repos\LIVE\MIA SRC\lib\RCWF\2026.1.210.462\Telerik.Windows.Documents.Core.dll
        ProductCode: DPL, LicenseDate: 2026-02-10, Redistributed By: RCWPF, RCWF, MAUI, UIXAM, WINUI, RCAJAX, KENDOUIMVC, UIASPCORE, BLAZOR, ProductName: Telerik Document Processing Libraries, ProductVersion: 2026.1.210.462, Flags: None
      - \\FEAP1313L\Users\edward.barreras\source\repos\LIVE\MIA SRC\lib\RCWF\2026.1.210.462\Telerik.Windows.Documents.Fixed.dll
        ProductCode: DPL, LicenseDate: 2026-02-10, Redistributed By: RCWPF, RCWF, MAUI, UIXAM, WINUI, RCAJAX, KENDOUIMVC, UIASPCORE, BLAZOR, ProductName: Telerik Document Processing Libraries, ProductVersion: 2026.1.210.462, Flags: None
      - \\FEAP1313L\Users\edward.barreras\source\repos\LIVE\MIA SRC\lib\RCWF\2026.1.210.462\Telerik.Windows.Documents.Spreadsheet.dll
        ProductCode: DPL, LicenseDate: 2026-02-10, Redistributed By: RCWPF, RCWF, MAUI, UIXAM, WINUI, RCAJAX, KENDOUIMVC, UIASPCORE, BLAZOR, ProductName: Telerik Document Processing Libraries, ProductVersion: 2026.1.210.462, Flags: None
      - \\FEAP1313L\Users\edward.barreras\source\repos\LIVE\MIA SRC\lib\RCWF\2026.1.210.462\Telerik.Windows.Documents.Spreadsheet.FormatProviders.Pdf.dll
        ProductCode: DPL, LicenseDate: 2026-02-10, Redistributed By: RCWPF, RCWF, MAUI, UIXAM, WINUI, RCAJAX, KENDOUIMVC, UIASPCORE, BLAZOR, ProductName: Telerik Document Processing Libraries, ProductVersion: 2026.1.210.462, Flags: None
      - \\FEAP1313L\Users\edward.barreras\source\repos\LIVE\MIA SRC\lib\RCWF\2026.1.210.462\Telerik.Windows.Documents.Spreadsheet.FormatProviders.Xls.dll
        ProductCode: DPL, LicenseDate: 2026-02-10, Redistributed By: RCWPF, RCWF, MAUI, UIXAM, WINUI, RCAJAX, KENDOUIMVC, UIASPCORE, BLAZOR, ProductName: Telerik Document Processing Libraries, ProductVersion: 2026.1.210.462, Flags: None
      - \\FEAP1313L\Users\edward.barreras\source\repos\LIVE\MIA SRC\lib\RCWF\2026.1.210.462\Telerik.Windows.Zip.dll
        ProductCode: DPL, LicenseDate: 2026-02-10, Redistributed By: RCWPF, RCWF, MAUI, UIXAM, WINUI, RCAJAX, KENDOUIMVC, UIASPCORE, BLAZOR, ProductName: Telerik Document Processing Libraries, ProductVersion: 2026.1.210.462, Flags: None
      - \\FEAP1313L\Users\edward.barreras\source\repos\LIVE\MIA SRC\lib\RCWF\2026.1.210.462\TelerikCommon.dll
        ProductCode: RCWF, LicenseDate: 2026-02-10, ProductName: Telerik UI for WinForms, ProductVersion: 2026.1.210.462, Flags: None
      - \\FEAP1313L\Users\edward.barreras\source\repos\LIVE\MIA SRC\lib\RCWF\2026.1.210.462\TelerikExport.dll
        ProductCode: RCWF, LicenseDate: 2026-02-10, ProductName: Telerik UI for WinForms, ProductVersion: 2026.1.210.462, Flags: None
      Unique Products:
      - "Telerik Document Processing Libraries" (DPL) 2026.1.210.462 @2026-02-10
      - "Telerik UI for WinForms" (RCWF) 2026.1.210.462 @2026-02-10
      - "Telerik Reporting" (REPORTING) 19.1.25.521 @2025-05-21
      Found a total of 3 referenced Telerik products for 

[2026-03-23 14:53:11.398] [Low]   Provision Licensing
        Looking up license file...
        - EnvironmentVariablePath: TELERIK_LICENSE_PATH (NotAvailable)
        - EnvironmentVariable: TELERIK_LICENSE (NotAvailable)
        - EnvironmentVariable: KENDO_UI_LICENSE (NotAvailable)
        - RecursiveFilePath: \\FEAP1313L\Users\edward.barreras\source\repos\LIVE\MIA SRC\ERP\telerik-license.txt (NotAvailable)
        - RecursiveFilePath: \\FEAP1313L\Users\edward.barreras\source\repos\LIVE\MIA SRC\ERP\kendo-ui-license.txt (NotAvailable)
        - RecursiveFilePath: \\FEAP1313L\Users\edward.barreras\source\repos\LIVE\MIA SRC\telerik-license.txt (LicenseFound)
        - RecursiveFilePath: \\FEAP1313L\Users\edward.barreras\source\repos\LIVE\MIA SRC\kendo-ui-license.txt (Skip)
        - RecursiveFilePath: \\FEAP1313L\Users\edward.barreras\source\repos\LIVE\telerik-license.txt (Skip)
        - RecursiveFilePath: \\FEAP1313L\Users\edward.barreras\source\repos\LIVE\kendo-ui-license.txt (Skip)
        - RecursiveFilePath: \\FEAP1313L\Users\edward.barreras\source\repos\telerik-license.txt (Skip)
        - RecursiveFilePath: \\FEAP1313L\Users\edward.barreras\source\repos\kendo-ui-license.txt (Skip)
        - RecursiveFilePath: \\FEAP1313L\Users\edward.barreras\source\telerik-license.txt (Skip)
        - RecursiveFilePath: \\FEAP1313L\Users\edward.barreras\source\kendo-ui-license.txt (Skip)
        - RecursiveFilePath: \\FEAP1313L\Users\edward.barreras\telerik-license.txt (Skip)
        - RecursiveFilePath: \\FEAP1313L\Users\edward.barreras\kendo-ui-license.txt (Skip)
        - RecursiveFilePath: \\FEAP1313L\Users\telerik-license.txt (Skip)
        - RecursiveFilePath: \\FEAP1313L\Users\kendo-ui-license.txt (Skip)
        - UserDirectory: C:\Users\edward.barreras\AppData\Roaming\Telerik\telerik-license.txt (Skip)
        - UserDirectory: C:\Users\edward.barreras\AppData\Roaming\Telerik\kendo-ui-license.txt (Skip)
        LicenseKey
        - AUD: f***.m**@f***************.com
        - UsedId: ab69b8b5-c84c-45ed-8228-81dac868c759
        - LicenseId: e7eaafda-87c7-42d6-9ce6-49a541b8c4ed
        - IssuedAt: 1/20/2026 6:35:06 AM
        - Licenses
          0) Perpetual BLAZOR, expiration 9/25/2027 12:49:33 PM, type: 'perpetual'
          1) Perpetual JM, expiration 9/25/2027 12:49:33 PM, type: 'perpetual'
          2) Perpetual KENDOUIANGULAR, expiration 9/25/2027 12:49:33 PM, type: 'perpetual'
          3) Perpetual KENDOUICOMPLETE, expiration 9/25/2027 12:49:33 PM, type: 'perpetual'
          4) Perpetual KENDOUIMVC, expiration 9/25/2027 12:49:33 PM, type: 'perpetual'
          5) Perpetual KENDOUIREACT, expiration 9/25/2027 12:49:33 PM, type: 'perpetual'
          6) Perpetual KENDOUIVUE, expiration 9/25/2027 12:49:33 PM, type: 'perpetual'
          7) Perpetual MAUI, expiration 9/25/2027 12:49:33 PM, type: 'perpetual'
          8) Perpetual RCAJAX, expiration 9/25/2027 12:49:33 PM, type: 'perpetual'
          9) Perpetual RCWF, expiration 9/25/2027 12:49:33 PM, type: 'perpetual'
          10) Perpetual RCWPF, expiration 9/25/2027 12:49:33 PM, type: 'perpetual'
          11) Perpetual REPORTING, expiration 9/25/2027 12:49:33 PM, type: 'perpetual'
          12) Perpetual REPORTSERVER, expiration 9/25/2027 12:49:33 PM, type: 'perpetual'
          13) Perpetual UIASPCORE, expiration 9/25/2027 12:49:33 PM, type: 'perpetual'
          14) Perpetual UIXAM, expiration 2/19/2025 6:00:00 AM, type: 'perpetual'
          15) Perpetual WINUI, expiration 9/25/2027 12:49:33 PM, type: 'perpetual'
          16) Usage UserId: ab69b8b5-c84c-45ed-8228-81dac868c759, LicenseId: e7eaafda-87c7-42d6-9ce6-49a541b8c4ed, type: 'usage'

[2026-03-23 14:53:11.407] [Low]   License Resolution
        Messages
          - License OK for "Telerik UI for WinForms" (RCWF) 2026.1.210.462 @2026-02-10 - Perpetual, valid until 2027-09-25.
          - License OK for "Telerik Reporting" (REPORTING) 19.1.25.521 @2025-05-21 - Perpetual, valid until 2027-09-25.
          - License OK for "Telerik Document Processing Libraries" (DPL) 2026.1.210.462 @2026-02-10 - Perpetual for RCWF, valid until 2027-09-25.
        JWTs
          - eyJhbGciOiJSUzI1NiIsInR5cCI6IlRlbGVyaWsgTGljZW5zZSBFdmlkZW5jZSJ9.eyJjb2RlIjoiUkNXRiIsInR5cGUiOiJwZXJwZXR1YWwiLCJleHBpcmF0aW9uIjoxODIxODc2NTczLCJ1c2VySWQiOiJhYjY5YjhiNS1jODRjLTQ1ZWQtODIyOC04MWRhYzg2OGM3NTkiLCJsaWNlbnNlSWQiOiJlN2VhYWZkYS04N2M3LTQyZDYtOWNlNi00OWE1NDFiOGM0ZWQifQ.H8sxX5O2T3i22Uhy0PFV3YDo-lS1iHVocWX9Eu-82PheI3XbKMkEr7QiChWfuNwS9afgR7PMGy4_nx9HXRV5V9cRQ1zWvIkJsG2EbadPtKlygaAkCh-FXSRVflm3WITNHIAYfazZa26sHSnqBW_XRbH3o0GQkqVYkLlxLuLuKa4M7LlA1KtQZcVFhOH2oaXQoxfrkUMQxNFCz0JdI76T1YJNrAwxpXri8KUzfoDwKhY-IhN-bU25hJs19yGvWykTuZqrZ3lv603aQkaCaPnlF_tHROsmC7nbV4aaxaSHRF1PVD5lqsAhkA5OdGmqH8Kq9F5mhRXVVwYWf3WBcxZKkg
          - eyJhbGciOiJSUzI1NiIsInR5cCI6IlRlbGVyaWsgTGljZW5zZSBFdmlkZW5jZSJ9.eyJjb2RlIjoiUkVQT1JUSU5HIiwidHlwZSI6InBlcnBldHVhbCIsImV4cGlyYXRpb24iOjE4MjE4NzY1NzMsInVzZXJJZCI6ImFiNjliOGI1LWM4NGMtNDVlZC04MjI4LTgxZGFjODY4Yzc1OSIsImxpY2Vuc2VJZCI6ImU3ZWFhZmRhLTg3YzctNDJkNi05Y2U2LTQ5YTU0MWI4YzRlZCJ9.vMdezVVvhtRG-iThgXrXFDyr8L394y38spuHWK9Cyc_b9XZ2iHzEwyT9dLgOqBfvEQM3-GKFcOW6O4-_SSwoIjNhm9paVKSVEmeonMfEOgZjOXuqYFCrXmegYUefJNkHmL6P9cB0CPtA_PThVXqg_RGtCMGEoTW_ISG2ymjLnKXwuGf3uQoTxYWCmdBVMAeZHBlzpUh7aJ78fWmWbIvGf_jrykaFhCaWML2yJHyAjHIH1uzf088pGqdOeDvhBQsIva3Hg0KPLptC4ZqxkkVyYHFvvqFgwwkv8O3ex6Df238honjg-11aXIid1Ad6SSsrqEuKqHBUF__HbdhN0AvfLg
        Licenses
          - License OK for "Telerik UI for WinForms" (RCWF) 2026.1.210.462 @2026-02-10 - Perpetual, valid until 2027-09-25.
          - License OK for "Telerik Reporting" (REPORTING) 19.1.25.521 @2025-05-21 - Perpetual, valid until 2027-09-25.
          - License OK for "Telerik Document Processing Libraries" (DPL) 2026.1.210.462 @2026-02-10 - Perpetual for RCWF, valid until 2027-09-25.

[2026-03-23 14:53:11.410] [Low] OutputType: WinExe, ImportXamlTargets: True
[2026-03-23 14:53:11.425] [Low] 
      Call-Home Telerik Products (3 for )
      - "Telerik UI for WinForms" (RCWF) 2026.1.210
      - "DPL" (DPL) 2026.1.210
      - "Telerik Reporting" (REPORTING) 19.1.25

[2026-03-23 14:53:11.425] [Low] 
[2026-03-23 14:53:11.427] [Low] 
      Call-Home Telerik Features (0 for )

[2026-03-23 14:53:11.427] [Low] 
[2026-03-23 14:53:11.473] [Low]   Report Telerik.Licensing
        UserId: ab69b8b5-c84c-45ed-8228-81dac868c759
        LicenseId: e7eaafda-87c7-42d6-9ce6-49a541b8c4ed
        Products
        - LicenseUsed RCWF 2026.1.210.462 SKIPPED
        - LicenseUsed REPORTING 19.1.25.521 SKIPPED
        - LicenseUsed DPL 2026.1.210.462 SKIPPED
      Report finished in 00:00:00.0394807

[2026-03-23 14:53:11.474] [Low]   Sending Telemetry...
[2026-03-23 14:53:11.501] [Low]   Metrics done 00:00:00.0268923
[2026-03-23 14:53:11.503] [Normal] Resolve Telerik Products. Done (00:00:00.4431625) for 
[2026-03-23 14:53:33.492] [Normal] Resolve Telerik Products.
  MSBuildProjectName=2
  MSBuildProjectDirectory=\\FEAP1313L\Users\edward.barreras\source\repos\LIVE\MIA SRC\ERP
  MSBuildProjectExtension=.vbproj
  Language=VB
  OutputPath=bin\Debug\
  Platform=AnyCPU
  TargetFramework=
  TargetFrameworks=
  TargetFrameworkVersion=v4.8
  VisualStudioVersion=17.0
  UsingMicrosoftNETSdk=
  UsingMicrosoftNETSdkRazor=
  UsingMicrosoftNETSdkWeb=
  ImportXamlTargets=True
  OutputType=WinExe
  UseMaui=
  NuGetPackageRoot=

  PackageReferences
  ReferencePaths
  - BouncyCastle.Crypto.dll 1.8.3 at \\FEAP1313L\Users\edward.barreras\source\repos\LIVE\MIA SRC\packages\BouncyCastle.1.8.3.1\lib\BouncyCastle.Crypto.dll
  - BouncyCastle.Cryptography.dll 2.5.1 at \\FEAP1313L\Users\edward.barreras\source\repos\LIVE\MIA SRC\packages\BouncyCastle.Cryptography.2.5.1\lib\net461\BouncyCastle.Cryptography.dll
  - ClosedXML.dll 0.96.0 at \\FEAP1313L\Users\edward.barreras\source\repos\LIVE\MIA SRC\packages\ClosedXML.0.96.0\lib\net40\ClosedXML.dll
  - DocumentFormat.OpenXml.dll 2.16.0 at \\FEAP1313L\Users\edward.barreras\source\repos\LIVE\MIA SRC\packages\DocumentFormat.OpenXml.2.16.0\lib\net40\DocumentFormat.OpenXml.dll
  - ExcelNumberFormat.dll 1.1.0 at \\FEAP1313L\Users\edward.barreras\source\repos\LIVE\MIA SRC\packages\ExcelNumberFormat.1.1.0\lib\net20\ExcelNumberFormat.dll
  - FEAPNS.dll 1.0.0 at \\FEAP1313L\Users\edward.barreras\source\repos\LIVE\MIA SRC\ERP\bin\Debug\FEAPNS.dll
  - Gma.QrCodeNet.Encoding.dll 0.4.1 at \\FEAP1313L\Users\edward.barreras\source\repos\LIVE\MIA SRC\packages\Gma.QrCodeNet.0.4.1.2\lib\net40\Gma.QrCodeNet.Encoding.dll
  - Google.Protobuf.dll 3.30.0 at \\FEAP1313L\Users\edward.barreras\source\repos\LIVE\MIA SRC\packages\Google.Protobuf.3.30.0\lib\net45\Google.Protobuf.dll
  - K4os.Compression.LZ4.dll 1.3.8 at \\FEAP1313L\Users\edward.barreras\source\repos\LIVE\MIA SRC\packages\K4os.Compression.LZ4.1.3.8\lib\net462\K4os.Compression.LZ4.dll
  - K4os.Compression.LZ4.Streams.dll 1.3.8 at \\FEAP1313L\Users\edward.barreras\source\repos\LIVE\MIA SRC\packages\K4os.Compression.LZ4.Streams.1.3.8\lib\net462\K4os.Compression.LZ4.Streams.dll
  - K4os.Hash.xxHash.dll 1.0.8 at \\FEAP1313L\Users\edward.barreras\source\repos\LIVE\MIA SRC\packages\K4os.Hash.xxHash.1.0.8\lib\net462\K4os.Hash.xxHash.dll
  - MIA-Linq.dll 1.0.0 at \\FEAP1313L\Users\edward.barreras\source\repos\LIVE\MIA SRC\ERP\bin\Debug\MIA-Linq.dll
  - MIA-Report.dll 1.0.0 at \\FEAP1313L\Users\edward.barreras\source\repos\LIVE\MIA SRC\ERP\bin\Debug\MIA-Report.dll
  - Microsoft.Bcl.AsyncInterfaces.dll 5.0.0 at \\FEAP1313L\Users\edward.barreras\source\repos\LIVE\MIA SRC\packages\Microsoft.Bcl.AsyncInterfaces.5.0.0\lib\net461\Microsoft.Bcl.AsyncInterfaces.dll
  - Microsoft.CSharp.dll 4.8.3761 at C:\Program Files (x86)\Reference Assemblies\Microsoft\Framework\.NETFramework\v4.8\Microsoft.CSharp.dll
  - MySql.Data.dll 9.4.0 at \\FEAP1313L\Users\edward.barreras\source\repos\LIVE\MIA SRC\packages\MySql.Data.9.4.0\lib\net48\MySql.Data.dll
  - Newtonsoft.Json.dll 13.0.3 at \\FEAP1313L\Users\edward.barreras\source\repos\LIVE\MIA SRC\packages\Newtonsoft.Json.13.0.3\lib\net45\Newtonsoft.Json.dll
  - SRCDailyReportv2.dll 1.0.0 at \\FEAP1313L\Users\edward.barreras\source\repos\LIVE\MIA SRC\ERP\bin\Debug\SRCDailyReportv2.dll
  - System.Buffers.dll 4.6.28619 at \\FEAP1313L\Users\edward.barreras\source\repos\LIVE\MIA SRC\packages\System.Buffers.4.5.1\lib\net461\System.Buffers.dll
  - System.ComponentModel.DataAnnotations.dll 4.8.3761 at C:\Program Files (x86)\Reference Assemblies\Microsoft\Framework\.NETFramework\v4.8\System.ComponentModel.DataAnnotations.dll
  - System.ComponentModel.dll 4.8.3761 at C:\Program Files (x86)\Reference Assemblies\Microsoft\Framework\.NETFramework\v4.8\Facades\System.ComponentModel.dll
  - System.Configuration.ConfigurationManager.dll 8.0.0 at \\FEAP1313L\Users\edward.barreras\source\repos\LIVE\MIA SRC\packages\System.Configuration.ConfigurationManager.8.0.0\lib\net462\System.Configuration.ConfigurationManager.dll
  - System.Configuration.dll 4.8.3761 at C:\Program Files (x86)\Reference Assemblies\Microsoft\Framework\.NETFramework\v4.8\System.Configuration.dll
  - System.Configuration.Install.dll 4.8.3761 at C:\Program Files (x86)\Reference Assemblies\Microsoft\Framework\.NETFramework\v4.8\System.Configuration.Install.dll
  - System.Core.dll 4.8.3761 at C:\Program Files (x86)\Reference Assemblies\Microsoft\Framework\.NETFramework\v4.8\System.Core.dll
  - System.Data.DataSetExtensions.dll 4.8.3761 at C:\Program Files (x86)\Reference Assemblies\Microsoft\Framework\.NETFramework\v4.8\System.Data.DataSetExtensions.dll
  - System.Data.dll 4.8.3761 at C:\Program Files (x86)\Reference Assemblies\Microsoft\Framework\.NETFramework\v4.8\System.Data.dll
  - System.Data.OleDb.dll 9.0.2 at \\FEAP1313L\Users\edward.barreras\source\repos\LIVE\MIA SRC\packages\System.Data.OleDb.9.0.2\lib\net462\System.Data.OleDb.dll
  - System.Deployment.dll 4.8.3761 at C:\Program Files (x86)\Reference Assemblies\Microsoft\Framework\.NETFramework\v4.8\System.Deployment.dll
  - System.Diagnostics.DiagnosticSource.dll 8.0.4 at \\FEAP1313L\Users\edward.barreras\source\repos\LIVE\MIA SRC\packages\System.Diagnostics.DiagnosticSource.8.0.1\lib\net462\System.Diagnostics.DiagnosticSource.dll
  - System.dll 4.8.3761 at C:\Program Files (x86)\Reference Assemblies\Microsoft\Framework\.NETFramework\v4.8\System.dll
  - System.Drawing.Design.dll 4.8.3761 at C:\Program Files (x86)\Reference Assemblies\Microsoft\Framework\.NETFramework\v4.8\System.Drawing.Design.dll
  - System.Drawing.dll 4.8.3761 at C:\Program Files (x86)\Reference Assemblies\Microsoft\Framework\.NETFramework\v4.8\System.Drawing.dll
  - System.IO.Pipelines.dll 5.0.15 at \\FEAP1313L\Users\edward.barreras\source\repos\LIVE\MIA SRC\packages\System.IO.Pipelines.5.0.2\lib\net461\System.IO.Pipelines.dll
  - System.Management.dll 4.8.3761 at C:\Program Files (x86)\Reference Assemblies\Microsoft\Framework\.NETFramework\v4.8\System.Management.dll
  - System.Memory.dll 4.6.31308 at \\FEAP1313L\Users\edward.barreras\source\repos\LIVE\MIA SRC\packages\System.Memory.4.5.5\lib\net461\System.Memory.dll
  - System.Messaging.dll 4.8.3761 at C:\Program Files (x86)\Reference Assemblies\Microsoft\Framework\.NETFramework\v4.8\System.Messaging.dll
  - System.Net.Http.Formatting.dll 5.2.7 at C:\Program Files\Microsoft Visual Studio\2022\Community\Common7\IDE\PublicAssemblies\System.Net.Http.Formatting.dll
  - System.Numerics.dll 4.8.3761 at C:\Program Files (x86)\Reference Assemblies\Microsoft\Framework\.NETFramework\v4.8\System.Numerics.dll
  - System.Numerics.Vectors.dll 4.6.26515 at \\FEAP1313L\Users\edward.barreras\source\repos\LIVE\MIA SRC\packages\System.Numerics.Vectors.4.5.0\lib\net46\System.Numerics.Vectors.dll
  - System.Runtime.CompilerServices.Unsafe.dll 6.1.0 at \\FEAP1313L\Users\edward.barreras\source\repos\LIVE\MIA SRC\packages\System.Runtime.CompilerServices.Unsafe.6.1.0\lib\net462\System.Runtime.CompilerServices.Unsafe.dll
  - System.Threading.Tasks.Extensions.dll 4.6.0 at \\FEAP1313L\Users\edward.barreras\source\repos\LIVE\MIA SRC\packages\System.Threading.Tasks.Extensions.4.6.0\lib\net462\System.Threading.Tasks.Extensions.dll
  - System.Transactions.dll 4.8.3761 at C:\Program Files (x86)\Reference Assemblies\Microsoft\Framework\.NETFramework\v4.8\System.Transactions.dll
  - System.Web.Extensions.dll 4.8.3761 at C:\Program Files (x86)\Reference Assemblies\Microsoft\Framework\.NETFramework\v4.8\System.Web.Extensions.dll
  - System.Windows.Forms.dll 4.8.3761 at C:\Program Files (x86)\Reference Assemblies\Microsoft\Framework\.NETFramework\v4.8\System.Windows.Forms.dll
  - System.Xml.dll 4.8.3761 at C:\Program Files (x86)\Reference Assemblies\Microsoft\Framework\.NETFramework\v4.8\System.Xml.dll
  - System.Xml.Linq.dll 4.8.3761 at C:\Program Files (x86)\Reference Assemblies\Microsoft\Framework\.NETFramework\v4.8\System.Xml.Linq.dll
  - Telerik.Documents.SpreadsheetStreaming.dll 2026.1.210 at \\FEAP1313L\Users\edward.barreras\source\repos\LIVE\MIA SRC\lib\RCWF\2026.1.210.462\Telerik.Documents.SpreadsheetStreaming.dll
  - Telerik.Licensing.Runtime.dll 1.8.2 at \\FEAP1313L\Users\edward.barreras\source\repos\LIVE\MIA SRC\packages\Telerik.Licensing.1.8.2\lib\net462\Telerik.Licensing.Runtime.dll
  - Telerik.Reporting.dll 19.1.25 at \\FEAP1313L\Users\edward.barreras\source\repos\LIVE\MIA SRC\ERP\bin\Debug\Telerik.Reporting.dll
  - Telerik.Reporting.Services.HttpClient.dll 19.1.25 at \\FEAP1313L\Users\edward.barreras\source\repos\LIVE\MIA SRC\ERP\bin\Debug\Telerik.Reporting.Services.HttpClient.dll
  - Telerik.Reporting.Services.ServiceStack.dll 19.1.25 at \\FEAP1313L\Users\edward.barreras\source\repos\LIVE\MIA SRC\ERP\bin\Debug\Telerik.Reporting.Services.ServiceStack.dll
  - Telerik.ReportViewer.WinForms.dll 19.1.25 at \\FEAP1313L\Users\edward.barreras\source\repos\LIVE\MIA SRC\ERP\bin\Debug\Telerik.ReportViewer.WinForms.dll
  - Telerik.ReportViewer.Wpf.dll 19.1.25 at \\FEAP1313L\Users\edward.barreras\source\repos\LIVE\MIA SRC\ERP\bin\Debug\Telerik.ReportViewer.Wpf.dll
  - Telerik.WinControls.dll 2026.1.210 at \\FEAP1313L\Users\edward.barreras\source\repos\LIVE\MIA SRC\lib\RCWF\2026.1.210.462\Telerik.WinControls.dll
  - Telerik.WinControls.GridView.dll 2026.1.210 at \\FEAP1313L\Users\edward.barreras\source\repos\LIVE\MIA SRC\lib\RCWF\2026.1.210.462\Telerik.WinControls.GridView.dll
  - Telerik.WinControls.RadDock.dll 2026.1.210 at \\FEAP1313L\Users\edward.barreras\source\repos\LIVE\MIA SRC\lib\RCWF\2026.1.210.462\Telerik.WinControls.RadDock.dll
  - Telerik.WinControls.Themes.Aqua.dll 2026.1.210 at \\FEAP1313L\Users\edward.barreras\source\repos\LIVE\MIA SRC\lib\RCWF\2026.1.210.462\Telerik.WinControls.Themes.Aqua.dll
  - Telerik.WinControls.Themes.Breeze.dll 2026.1.210 at \\FEAP1313L\Users\edward.barreras\source\repos\LIVE\MIA SRC\lib\RCWF\2026.1.210.462\Telerik.WinControls.Themes.Breeze.dll
  - Telerik.WinControls.Themes.Crystal.dll 2026.1.210 at \\FEAP1313L\Users\edward.barreras\source\repos\LIVE\MIA SRC\lib\RCWF\2026.1.210.462\Telerik.WinControls.Themes.Crystal.dll
  - Telerik.WinControls.Themes.CrystalDark.dll 2026.1.210 at \\FEAP1313L\Users\edward.barreras\source\repos\LIVE\MIA SRC\lib\RCWF\2026.1.210.462\Telerik.WinControls.Themes.CrystalDark.dll
  - Telerik.WinControls.Themes.Desert.dll 2026.1.210 at \\FEAP1313L\Users\edward.barreras\source\repos\LIVE\MIA SRC\lib\RCWF\2026.1.210.462\Telerik.WinControls.Themes.Desert.dll
  - Telerik.WinControls.Themes.Fluent.dll 2026.1.210 at \\FEAP1313L\Users\edward.barreras\source\repos\LIVE\MIA SRC\lib\RCWF\2026.1.210.462\Telerik.WinControls.Themes.Fluent.dll
  - Telerik.WinControls.Themes.FluentDark.dll 2026.1.210 at \\FEAP1313L\Users\edward.barreras\source\repos\LIVE\MIA SRC\lib\RCWF\2026.1.210.462\Telerik.WinControls.Themes.FluentDark.dll
  - Telerik.WinControls.Themes.HighContrastBlack.dll 2026.1.210 at \\FEAP1313L\Users\edward.barreras\source\repos\LIVE\MIA SRC\lib\RCWF\2026.1.210.462\Telerik.WinControls.Themes.HighContrastBlack.dll
  - Telerik.WinControls.Themes.Material.dll 2026.1.210 at \\FEAP1313L\Users\edward.barreras\source\repos\LIVE\MIA SRC\lib\RCWF\2026.1.210.462\Telerik.WinControls.Themes.Material.dll
  - Telerik.WinControls.Themes.MaterialBlueGrey.dll 2026.1.210 at \\FEAP1313L\Users\edward.barreras\source\repos\LIVE\MIA SRC\lib\RCWF\2026.1.210.462\Telerik.WinControls.Themes.MaterialBlueGrey.dll
  - Telerik.WinControls.Themes.MaterialPink.dll 2026.1.210 at \\FEAP1313L\Users\edward.barreras\source\repos\LIVE\MIA SRC\lib\RCWF\2026.1.210.462\Telerik.WinControls.Themes.MaterialPink.dll
  - Telerik.WinControls.Themes.MaterialTeal.dll 2026.1.210 at \\FEAP1313L\Users\edward.barreras\source\repos\LIVE\MIA SRC\lib\RCWF\2026.1.210.462\Telerik.WinControls.Themes.MaterialTeal.dll
  - Telerik.WinControls.Themes.Office2007Black.dll 2026.1.210 at \\FEAP1313L\Users\edward.barreras\source\repos\LIVE\MIA SRC\lib\RCWF\2026.1.210.462\Telerik.WinControls.Themes.Office2007Black.dll
  - Telerik.WinControls.Themes.Office2010Black.dll 2026.1.210 at \\FEAP1313L\Users\edward.barreras\source\repos\LIVE\MIA SRC\lib\RCWF\2026.1.210.462\Telerik.WinControls.Themes.Office2010Black.dll
  - Telerik.WinControls.Themes.Office2010Blue.dll 2026.1.210 at \\FEAP1313L\Users\edward.barreras\source\repos\LIVE\MIA SRC\lib\RCWF\2026.1.210.462\Telerik.WinControls.Themes.Office2010Blue.dll
  - Telerik.WinControls.Themes.Office2010Silver.dll 2026.1.210 at \\FEAP1313L\Users\edward.barreras\source\repos\LIVE\MIA SRC\lib\RCWF\2026.1.210.462\Telerik.WinControls.Themes.Office2010Silver.dll
  - Telerik.WinControls.Themes.Office2013Dark.dll 2026.1.210 at \\FEAP1313L\Users\edward.barreras\source\repos\LIVE\MIA SRC\lib\RCWF\2026.1.210.462\Telerik.WinControls.Themes.Office2013Dark.dll
  - Telerik.WinControls.Themes.Office2013Light.dll 2026.1.210 at \\FEAP1313L\Users\edward.barreras\source\repos\LIVE\MIA SRC\lib\RCWF\2026.1.210.462\Telerik.WinControls.Themes.Office2013Light.dll
  - Telerik.WinControls.Themes.TelerikMetroBlue.dll 2026.1.210 at \\FEAP1313L\Users\edward.barreras\source\repos\LIVE\MIA SRC\lib\RCWF\2026.1.210.462\Telerik.WinControls.Themes.TelerikMetroBlue.dll
  - Telerik.WinControls.Themes.VisualStudio2012Dark.dll 2026.1.210 at \\FEAP1313L\Users\edward.barreras\source\repos\LIVE\MIA SRC\lib\RCWF\2026.1.210.462\Telerik.WinControls.Themes.VisualStudio2012Dark.dll
  - Telerik.WinControls.Themes.VisualStudio2012Light.dll 2026.1.210 at \\FEAP1313L\Users\edward.barreras\source\repos\LIVE\MIA SRC\lib\RCWF\2026.1.210.462\Telerik.WinControls.Themes.VisualStudio2012Light.dll
  - Telerik.WinControls.Themes.Windows7.dll 2026.1.210 at \\FEAP1313L\Users\edward.barreras\source\repos\LIVE\MIA SRC\lib\RCWF\2026.1.210.462\Telerik.WinControls.Themes.Windows7.dll
  - Telerik.WinControls.Themes.Windows8.dll 2026.1.210 at \\FEAP1313L\Users\edward.barreras\source\repos\LIVE\MIA SRC\lib\RCWF\2026.1.210.462\Telerik.WinControls.Themes.Windows8.dll
  - Telerik.WinControls.UI.dll 2026.1.210 at \\FEAP1313L\Users\edward.barreras\source\repos\LIVE\MIA SRC\lib\RCWF\2026.1.210.462\Telerik.WinControls.UI.dll
  - Telerik.Windows.Documents.Core.dll 2026.1.210 at \\FEAP1313L\Users\edward.barreras\source\repos\LIVE\MIA SRC\lib\RCWF\2026.1.210.462\Telerik.Windows.Documents.Core.dll
  - Telerik.Windows.Documents.Fixed.dll 2026.1.210 at \\FEAP1313L\Users\edward.barreras\source\repos\LIVE\MIA SRC\lib\RCWF\2026.1.210.462\Telerik.Windows.Documents.Fixed.dll
  - Telerik.Windows.Documents.Spreadsheet.dll 2026.1.210 at \\FEAP1313L\Users\edward.barreras\source\repos\LIVE\MIA SRC\lib\RCWF\2026.1.210.462\Telerik.Windows.Documents.Spreadsheet.dll
  - Telerik.Windows.Documents.Spreadsheet.FormatProviders.OpenXml.dll 2026.1.210 at \\FEAP1313L\Users\edward.barreras\source\repos\LIVE\MIA SRC\lib\RCWF\2026.1.210.462\Telerik.Windows.Documents.Spreadsheet.FormatProviders.OpenXml.dll
  - Telerik.Windows.Documents.Spreadsheet.FormatProviders.Pdf.dll 2026.1.210 at \\FEAP1313L\Users\edward.barreras\source\repos\LIVE\MIA SRC\lib\RCWF\2026.1.210.462\Telerik.Windows.Documents.Spreadsheet.FormatProviders.Pdf.dll
  - Telerik.Windows.Documents.Spreadsheet.FormatProviders.Xls.dll 2026.1.210 at \\FEAP1313L\Users\edward.barreras\source\repos\LIVE\MIA SRC\lib\RCWF\2026.1.210.462\Telerik.Windows.Documents.Spreadsheet.FormatProviders.Xls.dll
  - Telerik.Windows.Zip.dll 2026.1.210 at \\FEAP1313L\Users\edward.barreras\source\repos\LIVE\MIA SRC\lib\RCWF\2026.1.210.462\Telerik.Windows.Zip.dll
  - TelerikCommon.dll 2026.1.210 at \\FEAP1313L\Users\edward.barreras\source\repos\LIVE\MIA SRC\lib\RCWF\2026.1.210.462\TelerikCommon.dll
  - TelerikExport.dll 2026.1.210 at \\FEAP1313L\Users\edward.barreras\source\repos\LIVE\MIA SRC\lib\RCWF\2026.1.210.462\TelerikExport.dll
  - Ubiety.Dns.Core.dll 2.2.1 at \\FEAP1313L\Users\edward.barreras\source\repos\LIVE\MIA SRC\ERP\bin\Debug\Ubiety.Dns.Core.dll
  - WindowsBase.dll 4.8.3761 at C:\Program Files (x86)\Reference Assemblies\Microsoft\Framework\.NETFramework\v4.8\WindowsBase.dll
  - ZstdSharp.dll 0.8.5 at \\FEAP1313L\Users\edward.barreras\source\repos\LIVE\MIA SRC\packages\ZstdSharp.Port.0.8.5\lib\net462\ZstdSharp.dll
  MachineId=2xQjveFWQf4bUNzPt3x/SIfuym0=

[2026-03-23 14:53:33.584] [Low]   Looking for Telerik product metadata in referenced assemblies
      - \\FEAP1313L\Users\edward.barreras\source\repos\LIVE\MIA SRC\lib\RCWF\2026.1.210.462\Telerik.Documents.SpreadsheetStreaming.dll
        ProductCode: DPL, LicenseDate: 2026-02-10, Redistributed By: RCWPF, RCWF, MAUI, UIXAM, WINUI, RCAJAX, KENDOUIMVC, UIASPCORE, BLAZOR, ProductName: Telerik Document Processing Libraries, ProductVersion: 2026.1.210.462, Flags: None
      - \\FEAP1313L\Users\edward.barreras\source\repos\LIVE\MIA SRC\ERP\bin\Debug\Telerik.Reporting.dll
        ProductCode: REPORTING, LicenseDate: 2025-05-21, ProductName: Telerik Reporting, ProductVersion: 19.1.25.521, Flags: None
      - \\FEAP1313L\Users\edward.barreras\source\repos\LIVE\MIA SRC\lib\RCWF\2026.1.210.462\Telerik.WinControls.dll
        ProductCode: RCWF, LicenseDate: 2026-02-10, ProductName: Telerik UI for WinForms, ProductVersion: 2026.1.210.462, Flags: None
      - \\FEAP1313L\Users\edward.barreras\source\repos\LIVE\MIA SRC\lib\RCWF\2026.1.210.462\Telerik.WinControls.GridView.dll
        ProductCode: RCWF, LicenseDate: 2026-02-10, ProductName: Telerik UI for WinForms, ProductVersion: 2026.1.210.462, Flags: None
      - \\FEAP1313L\Users\edward.barreras\source\repos\LIVE\MIA SRC\lib\RCWF\2026.1.210.462\Telerik.WinControls.RadDock.dll
        ProductCode: RCWF, LicenseDate: 2026-02-10, ProductName: Telerik UI for WinForms, ProductVersion: 2026.1.210.462, Flags: None
      - \\FEAP1313L\Users\edward.barreras\source\repos\LIVE\MIA SRC\lib\RCWF\2026.1.210.462\Telerik.WinControls.Themes.Aqua.dll
        ProductCode: RCWF, LicenseDate: 2026-02-10, ProductName: Telerik UI for WinForms, ProductVersion: 2026.1.210.462, Flags: None
      - \\FEAP1313L\Users\edward.barreras\source\repos\LIVE\MIA SRC\lib\RCWF\2026.1.210.462\Telerik.WinControls.Themes.Breeze.dll
        ProductCode: RCWF, LicenseDate: 2026-02-10, ProductName: Telerik UI for WinForms, ProductVersion: 2026.1.210.462, Flags: None
      - \\FEAP1313L\Users\edward.barreras\source\repos\LIVE\MIA SRC\lib\RCWF\2026.1.210.462\Telerik.WinControls.Themes.Crystal.dll
        ProductCode: RCWF, LicenseDate: 2026-02-10, ProductName: Telerik UI for WinForms, ProductVersion: 2026.1.210.462, Flags: None
      - \\FEAP1313L\Users\edward.barreras\source\repos\LIVE\MIA SRC\lib\RCWF\2026.1.210.462\Telerik.WinControls.Themes.CrystalDark.dll
        ProductCode: RCWF, LicenseDate: 2026-02-10, ProductName: Telerik UI for WinForms, ProductVersion: 2026.1.210.462, Flags: None
      - \\FEAP1313L\Users\edward.barreras\source\repos\LIVE\MIA SRC\lib\RCWF\2026.1.210.462\Telerik.WinControls.Themes.Desert.dll
        ProductCode: RCWF, LicenseDate: 2026-02-10, ProductName: Telerik UI for WinForms, ProductVersion: 2026.1.210.462, Flags: None
      - \\FEAP1313L\Users\edward.barreras\source\repos\LIVE\MIA SRC\lib\RCWF\2026.1.210.462\Telerik.WinControls.Themes.Fluent.dll
        ProductCode: RCWF, LicenseDate: 2026-02-10, ProductName: Telerik UI for WinForms, ProductVersion: 2026.1.210.462, Flags: None
      - \\FEAP1313L\Users\edward.barreras\source\repos\LIVE\MIA SRC\lib\RCWF\2026.1.210.462\Telerik.WinControls.Themes.FluentDark.dll
        ProductCode: RCWF, LicenseDate: 2026-02-10, ProductName: Telerik UI for WinForms, ProductVersion: 2026.1.210.462, Flags: None
      - \\FEAP1313L\Users\edward.barreras\source\repos\LIVE\MIA SRC\lib\RCWF\2026.1.210.462\Telerik.WinControls.Themes.HighContrastBlack.dll
        ProductCode: RCWF, LicenseDate: 2026-02-10, ProductName: Telerik UI for WinForms, ProductVersion: 2026.1.210.462, Flags: None
      - \\FEAP1313L\Users\edward.barreras\source\repos\LIVE\MIA SRC\lib\RCWF\2026.1.210.462\Telerik.WinControls.Themes.Material.dll
        ProductCode: RCWF, LicenseDate: 2026-02-10, ProductName: Telerik UI for WinForms, ProductVersion: 2026.1.210.462, Flags: None
      - \\FEAP1313L\Users\edward.barreras\source\repos\LIVE\MIA SRC\lib\RCWF\2026.1.210.462\Telerik.WinControls.Themes.MaterialBlueGrey.dll
        ProductCode: RCWF, LicenseDate: 2026-02-10, ProductName: Telerik UI for WinForms, ProductVersion: 2026.1.210.462, Flags: None
      - \\FEAP1313L\Users\edward.barreras\source\repos\LIVE\MIA SRC\lib\RCWF\2026.1.210.462\Telerik.WinControls.Themes.MaterialPink.dll
        ProductCode: RCWF, LicenseDate: 2026-02-10, ProductName: Telerik UI for WinForms, ProductVersion: 2026.1.210.462, Flags: None
      - \\FEAP1313L\Users\edward.barreras\source\repos\LIVE\MIA SRC\lib\RCWF\2026.1.210.462\Telerik.WinControls.Themes.MaterialTeal.dll
        ProductCode: RCWF, LicenseDate: 2026-02-10, ProductName: Telerik UI for WinForms, ProductVersion: 2026.1.210.462, Flags: None
      - \\FEAP1313L\Users\edward.barreras\source\repos\LIVE\MIA SRC\lib\RCWF\2026.1.210.462\Telerik.WinControls.Themes.Office2007Black.dll
        ProductCode: RCWF, LicenseDate: 2026-02-10, ProductName: Telerik UI for WinForms, ProductVersion: 2026.1.210.462, Flags: None
      - \\FEAP1313L\Users\edward.barreras\source\repos\LIVE\MIA SRC\lib\RCWF\2026.1.210.462\Telerik.WinControls.Themes.Office2010Black.dll
        ProductCode: RCWF, LicenseDate: 2026-02-10, ProductName: Telerik UI for WinForms, ProductVersion: 2026.1.210.462, Flags: None
      - \\FEAP1313L\Users\edward.barreras\source\repos\LIVE\MIA SRC\lib\RCWF\2026.1.210.462\Telerik.WinControls.Themes.Office2010Blue.dll
        ProductCode: RCWF, LicenseDate: 2026-02-10, ProductName: Telerik UI for WinForms, ProductVersion: 2026.1.210.462, Flags: None
      - \\FEAP1313L\Users\edward.barreras\source\repos\LIVE\MIA SRC\lib\RCWF\2026.1.210.462\Telerik.WinControls.Themes.Office2010Silver.dll
        ProductCode: RCWF, LicenseDate: 2026-02-10, ProductName: Telerik UI for WinForms, ProductVersion: 2026.1.210.462, Flags: None
      - \\FEAP1313L\Users\edward.barreras\source\repos\LIVE\MIA SRC\lib\RCWF\2026.1.210.462\Telerik.WinControls.Themes.Office2013Dark.dll
        ProductCode: RCWF, LicenseDate: 2026-02-10, ProductName: Telerik UI for WinForms, ProductVersion: 2026.1.210.462, Flags: None
      - \\FEAP1313L\Users\edward.barreras\source\repos\LIVE\MIA SRC\lib\RCWF\2026.1.210.462\Telerik.WinControls.Themes.Office2013Light.dll
        ProductCode: RCWF, LicenseDate: 2026-02-10, ProductName: Telerik UI for WinForms, ProductVersion: 2026.1.210.462, Flags: None
      - \\FEAP1313L\Users\edward.barreras\source\repos\LIVE\MIA SRC\lib\RCWF\2026.1.210.462\Telerik.WinControls.Themes.TelerikMetroBlue.dll
        ProductCode: RCWF, LicenseDate: 2026-02-10, ProductName: Telerik UI for WinForms, ProductVersion: 2026.1.210.462, Flags: None
      - \\FEAP1313L\Users\edward.barreras\source\repos\LIVE\MIA SRC\lib\RCWF\2026.1.210.462\Telerik.WinControls.Themes.VisualStudio2012Dark.dll
        ProductCode: RCWF, LicenseDate: 2026-02-10, ProductName: Telerik UI for WinForms, ProductVersion: 2026.1.210.462, Flags: None
      - \\FEAP1313L\Users\edward.barreras\source\repos\LIVE\MIA SRC\lib\RCWF\2026.1.210.462\Telerik.WinControls.Themes.VisualStudio2012Light.dll
        ProductCode: RCWF, LicenseDate: 2026-02-10, ProductName: Telerik UI for WinForms, ProductVersion: 2026.1.210.462, Flags: None
      - \\FEAP1313L\Users\edward.barreras\source\repos\LIVE\MIA SRC\lib\RCWF\2026.1.210.462\Telerik.WinControls.Themes.Windows7.dll
        ProductCode: RCWF, LicenseDate: 2026-02-10, ProductName: Telerik UI for WinForms, ProductVersion: 2026.1.210.462, Flags: None
      - \\FEAP1313L\Users\edward.barreras\source\repos\LIVE\MIA SRC\lib\RCWF\2026.1.210.462\Telerik.WinControls.Themes.Windows8.dll
        ProductCode: RCWF, LicenseDate: 2026-02-10, ProductName: Telerik UI for WinForms, ProductVersion: 2026.1.210.462, Flags: None
      - \\FEAP1313L\Users\edward.barreras\source\repos\LIVE\MIA SRC\lib\RCWF\2026.1.210.462\Telerik.WinControls.UI.dll
        ProductCode: RCWF, LicenseDate: 2026-02-10, ProductName: Telerik UI for WinForms, ProductVersion: 2026.1.210.462, Flags: None
      - \\FEAP1313L\Users\edward.barreras\source\repos\LIVE\MIA SRC\lib\RCWF\2026.1.210.462\Telerik.Windows.Documents.Core.dll
        ProductCode: DPL, LicenseDate: 2026-02-10, Redistributed By: RCWPF, RCWF, MAUI, UIXAM, WINUI, RCAJAX, KENDOUIMVC, UIASPCORE, BLAZOR, ProductName: Telerik Document Processing Libraries, ProductVersion: 2026.1.210.462, Flags: None
      - \\FEAP1313L\Users\edward.barreras\source\repos\LIVE\MIA SRC\lib\RCWF\2026.1.210.462\Telerik.Windows.Documents.Fixed.dll
        ProductCode: DPL, LicenseDate: 2026-02-10, Redistributed By: RCWPF, RCWF, MAUI, UIXAM, WINUI, RCAJAX, KENDOUIMVC, UIASPCORE, BLAZOR, ProductName: Telerik Document Processing Libraries, ProductVersion: 2026.1.210.462, Flags: None
      - \\FEAP1313L\Users\edward.barreras\source\repos\LIVE\MIA SRC\lib\RCWF\2026.1.210.462\Telerik.Windows.Documents.Spreadsheet.dll
        ProductCode: DPL, LicenseDate: 2026-02-10, Redistributed By: RCWPF, RCWF, MAUI, UIXAM, WINUI, RCAJAX, KENDOUIMVC, UIASPCORE, BLAZOR, ProductName: Telerik Document Processing Libraries, ProductVersion: 2026.1.210.462, Flags: None
      - \\FEAP1313L\Users\edward.barreras\source\repos\LIVE\MIA SRC\lib\RCWF\2026.1.210.462\Telerik.Windows.Documents.Spreadsheet.FormatProviders.Pdf.dll
        ProductCode: DPL, LicenseDate: 2026-02-10, Redistributed By: RCWPF, RCWF, MAUI, UIXAM, WINUI, RCAJAX, KENDOUIMVC, UIASPCORE, BLAZOR, ProductName: Telerik Document Processing Libraries, ProductVersion: 2026.1.210.462, Flags: None
      - \\FEAP1313L\Users\edward.barreras\source\repos\LIVE\MIA SRC\lib\RCWF\2026.1.210.462\Telerik.Windows.Documents.Spreadsheet.FormatProviders.Xls.dll
        ProductCode: DPL, LicenseDate: 2026-02-10, Redistributed By: RCWPF, RCWF, MAUI, UIXAM, WINUI, RCAJAX, KENDOUIMVC, UIASPCORE, BLAZOR, ProductName: Telerik Document Processing Libraries, ProductVersion: 2026.1.210.462, Flags: None
      - \\FEAP1313L\Users\edward.barreras\source\repos\LIVE\MIA SRC\lib\RCWF\2026.1.210.462\Telerik.Windows.Zip.dll
        ProductCode: DPL, LicenseDate: 2026-02-10, Redistributed By: RCWPF, RCWF, MAUI, UIXAM, WINUI, RCAJAX, KENDOUIMVC, UIASPCORE, BLAZOR, ProductName: Telerik Document Processing Libraries, ProductVersion: 2026.1.210.462, Flags: None
      - \\FEAP1313L\Users\edward.barreras\source\repos\LIVE\MIA SRC\lib\RCWF\2026.1.210.462\TelerikCommon.dll
        ProductCode: RCWF, LicenseDate: 2026-02-10, ProductName: Telerik UI for WinForms, ProductVersion: 2026.1.210.462, Flags: None
      - \\FEAP1313L\Users\edward.barreras\source\repos\LIVE\MIA SRC\lib\RCWF\2026.1.210.462\TelerikExport.dll
        ProductCode: RCWF, LicenseDate: 2026-02-10, ProductName: Telerik UI for WinForms, ProductVersion: 2026.1.210.462, Flags: None
      Unique Products:
      - "Telerik Document Processing Libraries" (DPL) 2026.1.210.462 @2026-02-10
      - "Telerik UI for WinForms" (RCWF) 2026.1.210.462 @2026-02-10
      - "Telerik Reporting" (REPORTING) 19.1.25.521 @2025-05-21
      Found a total of 3 referenced Telerik products for 

[2026-03-23 14:53:33.621] [Low]   Provision Licensing
        Looking up license file...
        - EnvironmentVariablePath: TELERIK_LICENSE_PATH (NotAvailable)
        - EnvironmentVariable: TELERIK_LICENSE (NotAvailable)
        - EnvironmentVariable: KENDO_UI_LICENSE (NotAvailable)
        - RecursiveFilePath: \\FEAP1313L\Users\edward.barreras\source\repos\LIVE\MIA SRC\ERP\telerik-license.txt (NotAvailable)
        - RecursiveFilePath: \\FEAP1313L\Users\edward.barreras\source\repos\LIVE\MIA SRC\ERP\kendo-ui-license.txt (NotAvailable)
        - RecursiveFilePath: \\FEAP1313L\Users\edward.barreras\source\repos\LIVE\MIA SRC\telerik-license.txt (LicenseFound)
        - RecursiveFilePath: \\FEAP1313L\Users\edward.barreras\source\repos\LIVE\MIA SRC\kendo-ui-license.txt (Skip)
        - RecursiveFilePath: \\FEAP1313L\Users\edward.barreras\source\repos\LIVE\telerik-license.txt (Skip)
        - RecursiveFilePath: \\FEAP1313L\Users\edward.barreras\source\repos\LIVE\kendo-ui-license.txt (Skip)
        - RecursiveFilePath: \\FEAP1313L\Users\edward.barreras\source\repos\telerik-license.txt (Skip)
        - RecursiveFilePath: \\FEAP1313L\Users\edward.barreras\source\repos\kendo-ui-license.txt (Skip)
        - RecursiveFilePath: \\FEAP1313L\Users\edward.barreras\source\telerik-license.txt (Skip)
        - RecursiveFilePath: \\FEAP1313L\Users\edward.barreras\source\kendo-ui-license.txt (Skip)
        - RecursiveFilePath: \\FEAP1313L\Users\edward.barreras\telerik-license.txt (Skip)
        - RecursiveFilePath: \\FEAP1313L\Users\edward.barreras\kendo-ui-license.txt (Skip)
        - RecursiveFilePath: \\FEAP1313L\Users\telerik-license.txt (Skip)
        - RecursiveFilePath: \\FEAP1313L\Users\kendo-ui-license.txt (Skip)
        - UserDirectory: C:\Users\edward.barreras\AppData\Roaming\Telerik\telerik-license.txt (Skip)
        - UserDirectory: C:\Users\edward.barreras\AppData\Roaming\Telerik\kendo-ui-license.txt (Skip)
        LicenseKey
        - AUD: f***.m**@f***************.com
        - UsedId: ab69b8b5-c84c-45ed-8228-81dac868c759
        - LicenseId: e7eaafda-87c7-42d6-9ce6-49a541b8c4ed
        - IssuedAt: 1/20/2026 6:35:06 AM
        - Licenses
          0) Perpetual BLAZOR, expiration 9/25/2027 12:49:33 PM, type: 'perpetual'
          1) Perpetual JM, expiration 9/25/2027 12:49:33 PM, type: 'perpetual'
          2) Perpetual KENDOUIANGULAR, expiration 9/25/2027 12:49:33 PM, type: 'perpetual'
          3) Perpetual KENDOUICOMPLETE, expiration 9/25/2027 12:49:33 PM, type: 'perpetual'
          4) Perpetual KENDOUIMVC, expiration 9/25/2027 12:49:33 PM, type: 'perpetual'
          5) Perpetual KENDOUIREACT, expiration 9/25/2027 12:49:33 PM, type: 'perpetual'
          6) Perpetual KENDOUIVUE, expiration 9/25/2027 12:49:33 PM, type: 'perpetual'
          7) Perpetual MAUI, expiration 9/25/2027 12:49:33 PM, type: 'perpetual'
          8) Perpetual RCAJAX, expiration 9/25/2027 12:49:33 PM, type: 'perpetual'
          9) Perpetual RCWF, expiration 9/25/2027 12:49:33 PM, type: 'perpetual'
          10) Perpetual RCWPF, expiration 9/25/2027 12:49:33 PM, type: 'perpetual'
          11) Perpetual REPORTING, expiration 9/25/2027 12:49:33 PM, type: 'perpetual'
          12) Perpetual REPORTSERVER, expiration 9/25/2027 12:49:33 PM, type: 'perpetual'
          13) Perpetual UIASPCORE, expiration 9/25/2027 12:49:33 PM, type: 'perpetual'
          14) Perpetual UIXAM, expiration 2/19/2025 6:00:00 AM, type: 'perpetual'
          15) Perpetual WINUI, expiration 9/25/2027 12:49:33 PM, type: 'perpetual'
          16) Usage UserId: ab69b8b5-c84c-45ed-8228-81dac868c759, LicenseId: e7eaafda-87c7-42d6-9ce6-49a541b8c4ed, type: 'usage'

[2026-03-23 14:53:33.630] [Low]   License Resolution
        Messages
          - License OK for "Telerik UI for WinForms" (RCWF) 2026.1.210.462 @2026-02-10 - Perpetual, valid until 2027-09-25.
          - License OK for "Telerik Reporting" (REPORTING) 19.1.25.521 @2025-05-21 - Perpetual, valid until 2027-09-25.
          - License OK for "Telerik Document Processing Libraries" (DPL) 2026.1.210.462 @2026-02-10 - Perpetual for RCWF, valid until 2027-09-25.
        JWTs
          - eyJhbGciOiJSUzI1NiIsInR5cCI6IlRlbGVyaWsgTGljZW5zZSBFdmlkZW5jZSJ9.eyJjb2RlIjoiUkNXRiIsInR5cGUiOiJwZXJwZXR1YWwiLCJleHBpcmF0aW9uIjoxODIxODc2NTczLCJ1c2VySWQiOiJhYjY5YjhiNS1jODRjLTQ1ZWQtODIyOC04MWRhYzg2OGM3NTkiLCJsaWNlbnNlSWQiOiJlN2VhYWZkYS04N2M3LTQyZDYtOWNlNi00OWE1NDFiOGM0ZWQifQ.H8sxX5O2T3i22Uhy0PFV3YDo-lS1iHVocWX9Eu-82PheI3XbKMkEr7QiChWfuNwS9afgR7PMGy4_nx9HXRV5V9cRQ1zWvIkJsG2EbadPtKlygaAkCh-FXSRVflm3WITNHIAYfazZa26sHSnqBW_XRbH3o0GQkqVYkLlxLuLuKa4M7LlA1KtQZcVFhOH2oaXQoxfrkUMQxNFCz0JdI76T1YJNrAwxpXri8KUzfoDwKhY-IhN-bU25hJs19yGvWykTuZqrZ3lv603aQkaCaPnlF_tHROsmC7nbV4aaxaSHRF1PVD5lqsAhkA5OdGmqH8Kq9F5mhRXVVwYWf3WBcxZKkg
          - eyJhbGciOiJSUzI1NiIsInR5cCI6IlRlbGVyaWsgTGljZW5zZSBFdmlkZW5jZSJ9.eyJjb2RlIjoiUkVQT1JUSU5HIiwidHlwZSI6InBlcnBldHVhbCIsImV4cGlyYXRpb24iOjE4MjE4NzY1NzMsInVzZXJJZCI6ImFiNjliOGI1LWM4NGMtNDVlZC04MjI4LTgxZGFjODY4Yzc1OSIsImxpY2Vuc2VJZCI6ImU3ZWFhZmRhLTg3YzctNDJkNi05Y2U2LTQ5YTU0MWI4YzRlZCJ9.vMdezVVvhtRG-iThgXrXFDyr8L394y38spuHWK9Cyc_b9XZ2iHzEwyT9dLgOqBfvEQM3-GKFcOW6O4-_SSwoIjNhm9paVKSVEmeonMfEOgZjOXuqYFCrXmegYUefJNkHmL6P9cB0CPtA_PThVXqg_RGtCMGEoTW_ISG2ymjLnKXwuGf3uQoTxYWCmdBVMAeZHBlzpUh7aJ78fWmWbIvGf_jrykaFhCaWML2yJHyAjHIH1uzf088pGqdOeDvhBQsIva3Hg0KPLptC4ZqxkkVyYHFvvqFgwwkv8O3ex6Df238honjg-11aXIid1Ad6SSsrqEuKqHBUF__HbdhN0AvfLg
        Licenses
          - License OK for "Telerik UI for WinForms" (RCWF) 2026.1.210.462 @2026-02-10 - Perpetual, valid until 2027-09-25.
          - License OK for "Telerik Reporting" (REPORTING) 19.1.25.521 @2025-05-21 - Perpetual, valid until 2027-09-25.
          - License OK for "Telerik Document Processing Libraries" (DPL) 2026.1.210.462 @2026-02-10 - Perpetual for RCWF, valid until 2027-09-25.

[2026-03-23 14:53:33.633] [Low] OutputType: WinExe, ImportXamlTargets: True
[2026-03-23 14:53:33.648] [Low] 
      Call-Home Telerik Products (3 for )
      - "Telerik UI for WinForms" (RCWF) 2026.1.210
      - "DPL" (DPL) 2026.1.210
      - "Telerik Reporting" (REPORTING) 19.1.25

[2026-03-23 14:53:33.648] [Low] 
[2026-03-23 14:53:33.652] [Low] 
      Call-Home Telerik Features (0 for )

[2026-03-23 14:53:33.652] [Low] 
[2026-03-23 14:53:33.695] [Low]   Report Telerik.Licensing
        UserId: ab69b8b5-c84c-45ed-8228-81dac868c759
        LicenseId: e7eaafda-87c7-42d6-9ce6-49a541b8c4ed
        Products
        - LicenseUsed RCWF 2026.1.210.462 SKIPPED
        - LicenseUsed REPORTING 19.1.25.521 SKIPPED
        - LicenseUsed DPL 2026.1.210.462 SKIPPED
      Report finished in 00:00:00.0370190

[2026-03-23 14:53:33.697] [Low]   Sending Telemetry...
[2026-03-23 14:53:33.724] [Low]   Metrics done 00:00:00.0269911
[2026-03-23 14:53:33.726] [Normal] Resolve Telerik Products. Done (00:00:00.4335350) for 
[2026-03-23 15:08:33.956] [Normal] Resolve Telerik Products.
  MSBuildProjectName=2
  MSBuildProjectDirectory=\\FEAP1313L\Users\edward.barreras\source\repos\LIVE\MIA SRC\ERP
  MSBuildProjectExtension=.vbproj
  Language=VB
  OutputPath=bin\Debug\
  Platform=AnyCPU
  TargetFramework=
  TargetFrameworks=
  TargetFrameworkVersion=v4.8
  VisualStudioVersion=17.0
  UsingMicrosoftNETSdk=
  UsingMicrosoftNETSdkRazor=
  UsingMicrosoftNETSdkWeb=
  ImportXamlTargets=True
  OutputType=WinExe
  UseMaui=
  NuGetPackageRoot=

  PackageReferences
  ReferencePaths
  - BouncyCastle.Crypto.dll 1.8.3 at \\FEAP1313L\Users\edward.barreras\source\repos\LIVE\MIA SRC\packages\BouncyCastle.1.8.3.1\lib\BouncyCastle.Crypto.dll
  - BouncyCastle.Cryptography.dll 2.5.1 at \\FEAP1313L\Users\edward.barreras\source\repos\LIVE\MIA SRC\packages\BouncyCastle.Cryptography.2.5.1\lib\net461\BouncyCastle.Cryptography.dll
  - ClosedXML.dll 0.96.0 at \\FEAP1313L\Users\edward.barreras\source\repos\LIVE\MIA SRC\packages\ClosedXML.0.96.0\lib\net40\ClosedXML.dll
  - DocumentFormat.OpenXml.dll 2.16.0 at \\FEAP1313L\Users\edward.barreras\source\repos\LIVE\MIA SRC\packages\DocumentFormat.OpenXml.2.16.0\lib\net40\DocumentFormat.OpenXml.dll
  - ExcelNumberFormat.dll 1.1.0 at \\FEAP1313L\Users\edward.barreras\source\repos\LIVE\MIA SRC\packages\ExcelNumberFormat.1.1.0\lib\net20\ExcelNumberFormat.dll
  - FEAPNS.dll 1.0.0 at \\FEAP1313L\Users\edward.barreras\source\repos\LIVE\MIA SRC\ERP\bin\Debug\FEAPNS.dll
  - Gma.QrCodeNet.Encoding.dll 0.4.1 at \\FEAP1313L\Users\edward.barreras\source\repos\LIVE\MIA SRC\packages\Gma.QrCodeNet.0.4.1.2\lib\net40\Gma.QrCodeNet.Encoding.dll
  - Google.Protobuf.dll 3.30.0 at \\FEAP1313L\Users\edward.barreras\source\repos\LIVE\MIA SRC\packages\Google.Protobuf.3.30.0\lib\net45\Google.Protobuf.dll
  - K4os.Compression.LZ4.dll 1.3.8 at \\FEAP1313L\Users\edward.barreras\source\repos\LIVE\MIA SRC\packages\K4os.Compression.LZ4.1.3.8\lib\net462\K4os.Compression.LZ4.dll
  - K4os.Compression.LZ4.Streams.dll 1.3.8 at \\FEAP1313L\Users\edward.barreras\source\repos\LIVE\MIA SRC\packages\K4os.Compression.LZ4.Streams.1.3.8\lib\net462\K4os.Compression.LZ4.Streams.dll
  - K4os.Hash.xxHash.dll 1.0.8 at \\FEAP1313L\Users\edward.barreras\source\repos\LIVE\MIA SRC\packages\K4os.Hash.xxHash.1.0.8\lib\net462\K4os.Hash.xxHash.dll
  - MIA-Linq.dll 1.0.0 at \\FEAP1313L\Users\edward.barreras\source\repos\LIVE\MIA SRC\ERP\bin\Debug\MIA-Linq.dll
  - MIA-Report.dll 1.0.0 at \\FEAP1313L\Users\edward.barreras\source\repos\LIVE\MIA SRC\ERP\bin\Debug\MIA-Report.dll
  - Microsoft.Bcl.AsyncInterfaces.dll 5.0.0 at \\FEAP1313L\Users\edward.barreras\source\repos\LIVE\MIA SRC\packages\Microsoft.Bcl.AsyncInterfaces.5.0.0\lib\net461\Microsoft.Bcl.AsyncInterfaces.dll
  - Microsoft.CSharp.dll 4.8.3761 at C:\Program Files (x86)\Reference Assemblies\Microsoft\Framework\.NETFramework\v4.8\Microsoft.CSharp.dll
  - MySql.Data.dll 9.4.0 at \\FEAP1313L\Users\edward.barreras\source\repos\LIVE\MIA SRC\packages\MySql.Data.9.4.0\lib\net48\MySql.Data.dll
  - Newtonsoft.Json.dll 13.0.3 at \\FEAP1313L\Users\edward.barreras\source\repos\LIVE\MIA SRC\packages\Newtonsoft.Json.13.0.3\lib\net45\Newtonsoft.Json.dll
  - SRCDailyReportv2.dll 1.0.0 at \\FEAP1313L\Users\edward.barreras\source\repos\LIVE\MIA SRC\ERP\bin\Debug\SRCDailyReportv2.dll
  - System.Buffers.dll 4.6.28619 at \\FEAP1313L\Users\edward.barreras\source\repos\LIVE\MIA SRC\packages\System.Buffers.4.5.1\lib\net461\System.Buffers.dll
  - System.ComponentModel.DataAnnotations.dll 4.8.3761 at C:\Program Files (x86)\Reference Assemblies\Microsoft\Framework\.NETFramework\v4.8\System.ComponentModel.DataAnnotations.dll
  - System.ComponentModel.dll 4.8.3761 at C:\Program Files (x86)\Reference Assemblies\Microsoft\Framework\.NETFramework\v4.8\Facades\System.ComponentModel.dll
  - System.Configuration.ConfigurationManager.dll 8.0.0 at \\FEAP1313L\Users\edward.barreras\source\repos\LIVE\MIA SRC\packages\System.Configuration.ConfigurationManager.8.0.0\lib\net462\System.Configuration.ConfigurationManager.dll
  - System.Configuration.dll 4.8.3761 at C:\Program Files (x86)\Reference Assemblies\Microsoft\Framework\.NETFramework\v4.8\System.Configuration.dll
  - System.Configuration.Install.dll 4.8.3761 at C:\Program Files (x86)\Reference Assemblies\Microsoft\Framework\.NETFramework\v4.8\System.Configuration.Install.dll
  - System.Core.dll 4.8.3761 at C:\Program Files (x86)\Reference Assemblies\Microsoft\Framework\.NETFramework\v4.8\System.Core.dll
  - System.Data.DataSetExtensions.dll 4.8.3761 at C:\Program Files (x86)\Reference Assemblies\Microsoft\Framework\.NETFramework\v4.8\System.Data.DataSetExtensions.dll
  - System.Data.dll 4.8.3761 at C:\Program Files (x86)\Reference Assemblies\Microsoft\Framework\.NETFramework\v4.8\System.Data.dll
  - System.Data.OleDb.dll 9.0.2 at \\FEAP1313L\Users\edward.barreras\source\repos\LIVE\MIA SRC\packages\System.Data.OleDb.9.0.2\lib\net462\System.Data.OleDb.dll
  - System.Deployment.dll 4.8.3761 at C:\Program Files (x86)\Reference Assemblies\Microsoft\Framework\.NETFramework\v4.8\System.Deployment.dll
  - System.Diagnostics.DiagnosticSource.dll 8.0.4 at \\FEAP1313L\Users\edward.barreras\source\repos\LIVE\MIA SRC\packages\System.Diagnostics.DiagnosticSource.8.0.1\lib\net462\System.Diagnostics.DiagnosticSource.dll
  - System.dll 4.8.3761 at C:\Program Files (x86)\Reference Assemblies\Microsoft\Framework\.NETFramework\v4.8\System.dll
  - System.Drawing.Design.dll 4.8.3761 at C:\Program Files (x86)\Reference Assemblies\Microsoft\Framework\.NETFramework\v4.8\System.Drawing.Design.dll
  - System.Drawing.dll 4.8.3761 at C:\Program Files (x86)\Reference Assemblies\Microsoft\Framework\.NETFramework\v4.8\System.Drawing.dll
  - System.IO.Pipelines.dll 5.0.15 at \\FEAP1313L\Users\edward.barreras\source\repos\LIVE\MIA SRC\packages\System.IO.Pipelines.5.0.2\lib\net461\System.IO.Pipelines.dll
  - System.Management.dll 4.8.3761 at C:\Program Files (x86)\Reference Assemblies\Microsoft\Framework\.NETFramework\v4.8\System.Management.dll
  - System.Memory.dll 4.6.31308 at \\FEAP1313L\Users\edward.barreras\source\repos\LIVE\MIA SRC\packages\System.Memory.4.5.5\lib\net461\System.Memory.dll
  - System.Messaging.dll 4.8.3761 at C:\Program Files (x86)\Reference Assemblies\Microsoft\Framework\.NETFramework\v4.8\System.Messaging.dll
  - System.Net.Http.Formatting.dll 5.2.7 at C:\Program Files\Microsoft Visual Studio\2022\Community\Common7\IDE\PublicAssemblies\System.Net.Http.Formatting.dll
  - System.Numerics.dll 4.8.3761 at C:\Program Files (x86)\Reference Assemblies\Microsoft\Framework\.NETFramework\v4.8\System.Numerics.dll
  - System.Numerics.Vectors.dll 4.6.26515 at \\FEAP1313L\Users\edward.barreras\source\repos\LIVE\MIA SRC\packages\System.Numerics.Vectors.4.5.0\lib\net46\System.Numerics.Vectors.dll
  - System.Runtime.CompilerServices.Unsafe.dll 6.1.0 at \\FEAP1313L\Users\edward.barreras\source\repos\LIVE\MIA SRC\packages\System.Runtime.CompilerServices.Unsafe.6.1.0\lib\net462\System.Runtime.CompilerServices.Unsafe.dll
  - System.Threading.Tasks.Extensions.dll 4.6.0 at \\FEAP1313L\Users\edward.barreras\source\repos\LIVE\MIA SRC\packages\System.Threading.Tasks.Extensions.4.6.0\lib\net462\System.Threading.Tasks.Extensions.dll
  - System.Transactions.dll 4.8.3761 at C:\Program Files (x86)\Reference Assemblies\Microsoft\Framework\.NETFramework\v4.8\System.Transactions.dll
  - System.Web.Extensions.dll 4.8.3761 at C:\Program Files (x86)\Reference Assemblies\Microsoft\Framework\.NETFramework\v4.8\System.Web.Extensions.dll
  - System.Windows.Forms.dll 4.8.3761 at C:\Program Files (x86)\Reference Assemblies\Microsoft\Framework\.NETFramework\v4.8\System.Windows.Forms.dll
  - System.Xml.dll 4.8.3761 at C:\Program Files (x86)\Reference Assemblies\Microsoft\Framework\.NETFramework\v4.8\System.Xml.dll
  - System.Xml.Linq.dll 4.8.3761 at C:\Program Files (x86)\Reference Assemblies\Microsoft\Framework\.NETFramework\v4.8\System.Xml.Linq.dll
  - Telerik.Documents.SpreadsheetStreaming.dll 2026.1.210 at \\FEAP1313L\Users\edward.barreras\source\repos\LIVE\MIA SRC\lib\RCWF\2026.1.210.462\Telerik.Documents.SpreadsheetStreaming.dll
  - Telerik.Licensing.Runtime.dll 1.8.2 at \\FEAP1313L\Users\edward.barreras\source\repos\LIVE\MIA SRC\packages\Telerik.Licensing.1.8.2\lib\net462\Telerik.Licensing.Runtime.dll
  - Telerik.Reporting.dll 19.1.25 at \\FEAP1313L\Users\edward.barreras\source\repos\LIVE\MIA SRC\ERP\bin\Debug\Telerik.Reporting.dll
  - Telerik.Reporting.Services.HttpClient.dll 19.1.25 at \\FEAP1313L\Users\edward.barreras\source\repos\LIVE\MIA SRC\ERP\bin\Debug\Telerik.Reporting.Services.HttpClient.dll
  - Telerik.Reporting.Services.ServiceStack.dll 19.1.25 at \\FEAP1313L\Users\edward.barreras\source\repos\LIVE\MIA SRC\ERP\bin\Debug\Telerik.Reporting.Services.ServiceStack.dll
  - Telerik.ReportViewer.WinForms.dll 19.1.25 at \\FEAP1313L\Users\edward.barreras\source\repos\LIVE\MIA SRC\ERP\bin\Debug\Telerik.ReportViewer.WinForms.dll
  - Telerik.ReportViewer.Wpf.dll 19.1.25 at \\FEAP1313L\Users\edward.barreras\source\repos\LIVE\MIA SRC\ERP\bin\Debug\Telerik.ReportViewer.Wpf.dll
  - Telerik.WinControls.dll 2026.1.210 at \\FEAP1313L\Users\edward.barreras\source\repos\LIVE\MIA SRC\lib\RCWF\2026.1.210.462\Telerik.WinControls.dll
  - Telerik.WinControls.GridView.dll 2026.1.210 at \\FEAP1313L\Users\edward.barreras\source\repos\LIVE\MIA SRC\lib\RCWF\2026.1.210.462\Telerik.WinControls.GridView.dll
  - Telerik.WinControls.RadDock.dll 2026.1.210 at \\FEAP1313L\Users\edward.barreras\source\repos\LIVE\MIA SRC\lib\RCWF\2026.1.210.462\Telerik.WinControls.RadDock.dll
  - Telerik.WinControls.Themes.Aqua.dll 2026.1.210 at \\FEAP1313L\Users\edward.barreras\source\repos\LIVE\MIA SRC\lib\RCWF\2026.1.210.462\Telerik.WinControls.Themes.Aqua.dll
  - Telerik.WinControls.Themes.Breeze.dll 2026.1.210 at \\FEAP1313L\Users\edward.barreras\source\repos\LIVE\MIA SRC\lib\RCWF\2026.1.210.462\Telerik.WinControls.Themes.Breeze.dll
  - Telerik.WinControls.Themes.Crystal.dll 2026.1.210 at \\FEAP1313L\Users\edward.barreras\source\repos\LIVE\MIA SRC\lib\RCWF\2026.1.210.462\Telerik.WinControls.Themes.Crystal.dll
  - Telerik.WinControls.Themes.CrystalDark.dll 2026.1.210 at \\FEAP1313L\Users\edward.barreras\source\repos\LIVE\MIA SRC\lib\RCWF\2026.1.210.462\Telerik.WinControls.Themes.CrystalDark.dll
  - Telerik.WinControls.Themes.Desert.dll 2026.1.210 at \\FEAP1313L\Users\edward.barreras\source\repos\LIVE\MIA SRC\lib\RCWF\2026.1.210.462\Telerik.WinControls.Themes.Desert.dll
  - Telerik.WinControls.Themes.Fluent.dll 2026.1.210 at \\FEAP1313L\Users\edward.barreras\source\repos\LIVE\MIA SRC\lib\RCWF\2026.1.210.462\Telerik.WinControls.Themes.Fluent.dll
  - Telerik.WinControls.Themes.FluentDark.dll 2026.1.210 at \\FEAP1313L\Users\edward.barreras\source\repos\LIVE\MIA SRC\lib\RCWF\2026.1.210.462\Telerik.WinControls.Themes.FluentDark.dll
  - Telerik.WinControls.Themes.HighContrastBlack.dll 2026.1.210 at \\FEAP1313L\Users\edward.barreras\source\repos\LIVE\MIA SRC\lib\RCWF\2026.1.210.462\Telerik.WinControls.Themes.HighContrastBlack.dll
  - Telerik.WinControls.Themes.Material.dll 2026.1.210 at \\FEAP1313L\Users\edward.barreras\source\repos\LIVE\MIA SRC\lib\RCWF\2026.1.210.462\Telerik.WinControls.Themes.Material.dll
  - Telerik.WinControls.Themes.MaterialBlueGrey.dll 2026.1.210 at \\FEAP1313L\Users\edward.barreras\source\repos\LIVE\MIA SRC\lib\RCWF\2026.1.210.462\Telerik.WinControls.Themes.MaterialBlueGrey.dll
  - Telerik.WinControls.Themes.MaterialPink.dll 2026.1.210 at \\FEAP1313L\Users\edward.barreras\source\repos\LIVE\MIA SRC\lib\RCWF\2026.1.210.462\Telerik.WinControls.Themes.MaterialPink.dll
  - Telerik.WinControls.Themes.MaterialTeal.dll 2026.1.210 at \\FEAP1313L\Users\edward.barreras\source\repos\LIVE\MIA SRC\lib\RCWF\2026.1.210.462\Telerik.WinControls.Themes.MaterialTeal.dll
  - Telerik.WinControls.Themes.Office2007Black.dll 2026.1.210 at \\FEAP1313L\Users\edward.barreras\source\repos\LIVE\MIA SRC\lib\RCWF\2026.1.210.462\Telerik.WinControls.Themes.Office2007Black.dll
  - Telerik.WinControls.Themes.Office2010Black.dll 2026.1.210 at \\FEAP1313L\Users\edward.barreras\source\repos\LIVE\MIA SRC\lib\RCWF\2026.1.210.462\Telerik.WinControls.Themes.Office2010Black.dll
  - Telerik.WinControls.Themes.Office2010Blue.dll 2026.1.210 at \\FEAP1313L\Users\edward.barreras\source\repos\LIVE\MIA SRC\lib\RCWF\2026.1.210.462\Telerik.WinControls.Themes.Office2010Blue.dll
  - Telerik.WinControls.Themes.Office2010Silver.dll 2026.1.210 at \\FEAP1313L\Users\edward.barreras\source\repos\LIVE\MIA SRC\lib\RCWF\2026.1.210.462\Telerik.WinControls.Themes.Office2010Silver.dll
  - Telerik.WinControls.Themes.Office2013Dark.dll 2026.1.210 at \\FEAP1313L\Users\edward.barreras\source\repos\LIVE\MIA SRC\lib\RCWF\2026.1.210.462\Telerik.WinControls.Themes.Office2013Dark.dll
  - Telerik.WinControls.Themes.Office2013Light.dll 2026.1.210 at \\FEAP1313L\Users\edward.barreras\source\repos\LIVE\MIA SRC\lib\RCWF\2026.1.210.462\Telerik.WinControls.Themes.Office2013Light.dll
  - Telerik.WinControls.Themes.TelerikMetroBlue.dll 2026.1.210 at \\FEAP1313L\Users\edward.barreras\source\repos\LIVE\MIA SRC\lib\RCWF\2026.1.210.462\Telerik.WinControls.Themes.TelerikMetroBlue.dll
  - Telerik.WinControls.Themes.VisualStudio2012Dark.dll 2026.1.210 at \\FEAP1313L\Users\edward.barreras\source\repos\LIVE\MIA SRC\lib\RCWF\2026.1.210.462\Telerik.WinControls.Themes.VisualStudio2012Dark.dll
  - Telerik.WinControls.Themes.VisualStudio2012Light.dll 2026.1.210 at \\FEAP1313L\Users\edward.barreras\source\repos\LIVE\MIA SRC\lib\RCWF\2026.1.210.462\Telerik.WinControls.Themes.VisualStudio2012Light.dll
  - Telerik.WinControls.Themes.Windows7.dll 2026.1.210 at \\FEAP1313L\Users\edward.barreras\source\repos\LIVE\MIA SRC\lib\RCWF\2026.1.210.462\Telerik.WinControls.Themes.Windows7.dll
  - Telerik.WinControls.Themes.Windows8.dll 2026.1.210 at \\FEAP1313L\Users\edward.barreras\source\repos\LIVE\MIA SRC\lib\RCWF\2026.1.210.462\Telerik.WinControls.Themes.Windows8.dll
  - Telerik.WinControls.UI.dll 2026.1.210 at \\FEAP1313L\Users\edward.barreras\source\repos\LIVE\MIA SRC\lib\RCWF\2026.1.210.462\Telerik.WinControls.UI.dll
  - Telerik.Windows.Documents.Core.dll 2026.1.210 at \\FEAP1313L\Users\edward.barreras\source\repos\LIVE\MIA SRC\lib\RCWF\2026.1.210.462\Telerik.Windows.Documents.Core.dll
  - Telerik.Windows.Documents.Fixed.dll 2026.1.210 at \\FEAP1313L\Users\edward.barreras\source\repos\LIVE\MIA SRC\lib\RCWF\2026.1.210.462\Telerik.Windows.Documents.Fixed.dll
  - Telerik.Windows.Documents.Spreadsheet.dll 2026.1.210 at \\FEAP1313L\Users\edward.barreras\source\repos\LIVE\MIA SRC\lib\RCWF\2026.1.210.462\Telerik.Windows.Documents.Spreadsheet.dll
  - Telerik.Windows.Documents.Spreadsheet.FormatProviders.OpenXml.dll 2026.1.210 at \\FEAP1313L\Users\edward.barreras\source\repos\LIVE\MIA SRC\lib\RCWF\2026.1.210.462\Telerik.Windows.Documents.Spreadsheet.FormatProviders.OpenXml.dll
  - Telerik.Windows.Documents.Spreadsheet.FormatProviders.Pdf.dll 2026.1.210 at \\FEAP1313L\Users\edward.barreras\source\repos\LIVE\MIA SRC\lib\RCWF\2026.1.210.462\Telerik.Windows.Documents.Spreadsheet.FormatProviders.Pdf.dll
  - Telerik.Windows.Documents.Spreadsheet.FormatProviders.Xls.dll 2026.1.210 at \\FEAP1313L\Users\edward.barreras\source\repos\LIVE\MIA SRC\lib\RCWF\2026.1.210.462\Telerik.Windows.Documents.Spreadsheet.FormatProviders.Xls.dll
  - Telerik.Windows.Zip.dll 2026.1.210 at \\FEAP1313L\Users\edward.barreras\source\repos\LIVE\MIA SRC\lib\RCWF\2026.1.210.462\Telerik.Windows.Zip.dll
  - TelerikCommon.dll 2026.1.210 at \\FEAP1313L\Users\edward.barreras\source\repos\LIVE\MIA SRC\lib\RCWF\2026.1.210.462\TelerikCommon.dll
  - TelerikExport.dll 2026.1.210 at \\FEAP1313L\Users\edward.barreras\source\repos\LIVE\MIA SRC\lib\RCWF\2026.1.210.462\TelerikExport.dll
  - Ubiety.Dns.Core.dll 2.2.1 at \\FEAP1313L\Users\edward.barreras\source\repos\LIVE\MIA SRC\ERP\bin\Debug\Ubiety.Dns.Core.dll
  - WindowsBase.dll 4.8.3761 at C:\Program Files (x86)\Reference Assemblies\Microsoft\Framework\.NETFramework\v4.8\WindowsBase.dll
  - ZstdSharp.dll 0.8.5 at \\FEAP1313L\Users\edward.barreras\source\repos\LIVE\MIA SRC\packages\ZstdSharp.Port.0.8.5\lib\net462\ZstdSharp.dll
  MachineId=2xQjveFWQf4bUNzPt3x/SIfuym0=

[2026-03-23 15:08:34.046] [Low]   Looking for Telerik product metadata in referenced assemblies
      - \\FEAP1313L\Users\edward.barreras\source\repos\LIVE\MIA SRC\lib\RCWF\2026.1.210.462\Telerik.Documents.SpreadsheetStreaming.dll
        ProductCode: DPL, LicenseDate: 2026-02-10, Redistributed By: RCWPF, RCWF, MAUI, UIXAM, WINUI, RCAJAX, KENDOUIMVC, UIASPCORE, BLAZOR, ProductName: Telerik Document Processing Libraries, ProductVersion: 2026.1.210.462, Flags: None
      - \\FEAP1313L\Users\edward.barreras\source\repos\LIVE\MIA SRC\ERP\bin\Debug\Telerik.Reporting.dll
        ProductCode: REPORTING, LicenseDate: 2025-05-21, ProductName: Telerik Reporting, ProductVersion: 19.1.25.521, Flags: None
      - \\FEAP1313L\Users\edward.barreras\source\repos\LIVE\MIA SRC\lib\RCWF\2026.1.210.462\Telerik.WinControls.dll
        ProductCode: RCWF, LicenseDate: 2026-02-10, ProductName: Telerik UI for WinForms, ProductVersion: 2026.1.210.462, Flags: None
      - \\FEAP1313L\Users\edward.barreras\source\repos\LIVE\MIA SRC\lib\RCWF\2026.1.210.462\Telerik.WinControls.GridView.dll
        ProductCode: RCWF, LicenseDate: 2026-02-10, ProductName: Telerik UI for WinForms, ProductVersion: 2026.1.210.462, Flags: None
      - \\FEAP1313L\Users\edward.barreras\source\repos\LIVE\MIA SRC\lib\RCWF\2026.1.210.462\Telerik.WinControls.RadDock.dll
        ProductCode: RCWF, LicenseDate: 2026-02-10, ProductName: Telerik UI for WinForms, ProductVersion: 2026.1.210.462, Flags: None
      - \\FEAP1313L\Users\edward.barreras\source\repos\LIVE\MIA SRC\lib\RCWF\2026.1.210.462\Telerik.WinControls.Themes.Aqua.dll
        ProductCode: RCWF, LicenseDate: 2026-02-10, ProductName: Telerik UI for WinForms, ProductVersion: 2026.1.210.462, Flags: None
      - \\FEAP1313L\Users\edward.barreras\source\repos\LIVE\MIA SRC\lib\RCWF\2026.1.210.462\Telerik.WinControls.Themes.Breeze.dll
        ProductCode: RCWF, LicenseDate: 2026-02-10, ProductName: Telerik UI for WinForms, ProductVersion: 2026.1.210.462, Flags: None
      - \\FEAP1313L\Users\edward.barreras\source\repos\LIVE\MIA SRC\lib\RCWF\2026.1.210.462\Telerik.WinControls.Themes.Crystal.dll
        ProductCode: RCWF, LicenseDate: 2026-02-10, ProductName: Telerik UI for WinForms, ProductVersion: 2026.1.210.462, Flags: None
      - \\FEAP1313L\Users\edward.barreras\source\repos\LIVE\MIA SRC\lib\RCWF\2026.1.210.462\Telerik.WinControls.Themes.CrystalDark.dll
        ProductCode: RCWF, LicenseDate: 2026-02-10, ProductName: Telerik UI for WinForms, ProductVersion: 2026.1.210.462, Flags: None
      - \\FEAP1313L\Users\edward.barreras\source\repos\LIVE\MIA SRC\lib\RCWF\2026.1.210.462\Telerik.WinControls.Themes.Desert.dll
        ProductCode: RCWF, LicenseDate: 2026-02-10, ProductName: Telerik UI for WinForms, ProductVersion: 2026.1.210.462, Flags: None
      - \\FEAP1313L\Users\edward.barreras\source\repos\LIVE\MIA SRC\lib\RCWF\2026.1.210.462\Telerik.WinControls.Themes.Fluent.dll
        ProductCode: RCWF, LicenseDate: 2026-02-10, ProductName: Telerik UI for WinForms, ProductVersion: 2026.1.210.462, Flags: None
      - \\FEAP1313L\Users\edward.barreras\source\repos\LIVE\MIA SRC\lib\RCWF\2026.1.210.462\Telerik.WinControls.Themes.FluentDark.dll
        ProductCode: RCWF, LicenseDate: 2026-02-10, ProductName: Telerik UI for WinForms, ProductVersion: 2026.1.210.462, Flags: None
      - \\FEAP1313L\Users\edward.barreras\source\repos\LIVE\MIA SRC\lib\RCWF\2026.1.210.462\Telerik.WinControls.Themes.HighContrastBlack.dll
        ProductCode: RCWF, LicenseDate: 2026-02-10, ProductName: Telerik UI for WinForms, ProductVersion: 2026.1.210.462, Flags: None
      - \\FEAP1313L\Users\edward.barreras\source\repos\LIVE\MIA SRC\lib\RCWF\2026.1.210.462\Telerik.WinControls.Themes.Material.dll
        ProductCode: RCWF, LicenseDate: 2026-02-10, ProductName: Telerik UI for WinForms, ProductVersion: 2026.1.210.462, Flags: None
      - \\FEAP1313L\Users\edward.barreras\source\repos\LIVE\MIA SRC\lib\RCWF\2026.1.210.462\Telerik.WinControls.Themes.MaterialBlueGrey.dll
        ProductCode: RCWF, LicenseDate: 2026-02-10, ProductName: Telerik UI for WinForms, ProductVersion: 2026.1.210.462, Flags: None
      - \\FEAP1313L\Users\edward.barreras\source\repos\LIVE\MIA SRC\lib\RCWF\2026.1.210.462\Telerik.WinControls.Themes.MaterialPink.dll
        ProductCode: RCWF, LicenseDate: 2026-02-10, ProductName: Telerik UI for WinForms, ProductVersion: 2026.1.210.462, Flags: None
      - \\FEAP1313L\Users\edward.barreras\source\repos\LIVE\MIA SRC\lib\RCWF\2026.1.210.462\Telerik.WinControls.Themes.MaterialTeal.dll
        ProductCode: RCWF, LicenseDate: 2026-02-10, ProductName: Telerik UI for WinForms, ProductVersion: 2026.1.210.462, Flags: None
      - \\FEAP1313L\Users\edward.barreras\source\repos\LIVE\MIA SRC\lib\RCWF\2026.1.210.462\Telerik.WinControls.Themes.Office2007Black.dll
        ProductCode: RCWF, LicenseDate: 2026-02-10, ProductName: Telerik UI for WinForms, ProductVersion: 2026.1.210.462, Flags: None
      - \\FEAP1313L\Users\edward.barreras\source\repos\LIVE\MIA SRC\lib\RCWF\2026.1.210.462\Telerik.WinControls.Themes.Office2010Black.dll
        ProductCode: RCWF, LicenseDate: 2026-02-10, ProductName: Telerik UI for WinForms, ProductVersion: 2026.1.210.462, Flags: None
      - \\FEAP1313L\Users\edward.barreras\source\repos\LIVE\MIA SRC\lib\RCWF\2026.1.210.462\Telerik.WinControls.Themes.Office2010Blue.dll
        ProductCode: RCWF, LicenseDate: 2026-02-10, ProductName: Telerik UI for WinForms, ProductVersion: 2026.1.210.462, Flags: None
      - \\FEAP1313L\Users\edward.barreras\source\repos\LIVE\MIA SRC\lib\RCWF\2026.1.210.462\Telerik.WinControls.Themes.Office2010Silver.dll
        ProductCode: RCWF, LicenseDate: 2026-02-10, ProductName: Telerik UI for WinForms, ProductVersion: 2026.1.210.462, Flags: None
      - \\FEAP1313L\Users\edward.barreras\source\repos\LIVE\MIA SRC\lib\RCWF\2026.1.210.462\Telerik.WinControls.Themes.Office2013Dark.dll
        ProductCode: RCWF, LicenseDate: 2026-02-10, ProductName: Telerik UI for WinForms, ProductVersion: 2026.1.210.462, Flags: None
      - \\FEAP1313L\Users\edward.barreras\source\repos\LIVE\MIA SRC\lib\RCWF\2026.1.210.462\Telerik.WinControls.Themes.Office2013Light.dll
        ProductCode: RCWF, LicenseDate: 2026-02-10, ProductName: Telerik UI for WinForms, ProductVersion: 2026.1.210.462, Flags: None
      - \\FEAP1313L\Users\edward.barreras\source\repos\LIVE\MIA SRC\lib\RCWF\2026.1.210.462\Telerik.WinControls.Themes.TelerikMetroBlue.dll
        ProductCode: RCWF, LicenseDate: 2026-02-10, ProductName: Telerik UI for WinForms, ProductVersion: 2026.1.210.462, Flags: None
      - \\FEAP1313L\Users\edward.barreras\source\repos\LIVE\MIA SRC\lib\RCWF\2026.1.210.462\Telerik.WinControls.Themes.VisualStudio2012Dark.dll
        ProductCode: RCWF, LicenseDate: 2026-02-10, ProductName: Telerik UI for WinForms, ProductVersion: 2026.1.210.462, Flags: None
      - \\FEAP1313L\Users\edward.barreras\source\repos\LIVE\MIA SRC\lib\RCWF\2026.1.210.462\Telerik.WinControls.Themes.VisualStudio2012Light.dll
        ProductCode: RCWF, LicenseDate: 2026-02-10, ProductName: Telerik UI for WinForms, ProductVersion: 2026.1.210.462, Flags: None
      - \\FEAP1313L\Users\edward.barreras\source\repos\LIVE\MIA SRC\lib\RCWF\2026.1.210.462\Telerik.WinControls.Themes.Windows7.dll
        ProductCode: RCWF, LicenseDate: 2026-02-10, ProductName: Telerik UI for WinForms, ProductVersion: 2026.1.210.462, Flags: None
      - \\FEAP1313L\Users\edward.barreras\source\repos\LIVE\MIA SRC\lib\RCWF\2026.1.210.462\Telerik.WinControls.Themes.Windows8.dll
        ProductCode: RCWF, LicenseDate: 2026-02-10, ProductName: Telerik UI for WinForms, ProductVersion: 2026.1.210.462, Flags: None
      - \\FEAP1313L\Users\edward.barreras\source\repos\LIVE\MIA SRC\lib\RCWF\2026.1.210.462\Telerik.WinControls.UI.dll
        ProductCode: RCWF, LicenseDate: 2026-02-10, ProductName: Telerik UI for WinForms, ProductVersion: 2026.1.210.462, Flags: None
      - \\FEAP1313L\Users\edward.barreras\source\repos\LIVE\MIA SRC\lib\RCWF\2026.1.210.462\Telerik.Windows.Documents.Core.dll
        ProductCode: DPL, LicenseDate: 2026-02-10, Redistributed By: RCWPF, RCWF, MAUI, UIXAM, WINUI, RCAJAX, KENDOUIMVC, UIASPCORE, BLAZOR, ProductName: Telerik Document Processing Libraries, ProductVersion: 2026.1.210.462, Flags: None
      - \\FEAP1313L\Users\edward.barreras\source\repos\LIVE\MIA SRC\lib\RCWF\2026.1.210.462\Telerik.Windows.Documents.Fixed.dll
        ProductCode: DPL, LicenseDate: 2026-02-10, Redistributed By: RCWPF, RCWF, MAUI, UIXAM, WINUI, RCAJAX, KENDOUIMVC, UIASPCORE, BLAZOR, ProductName: Telerik Document Processing Libraries, ProductVersion: 2026.1.210.462, Flags: None
      - \\FEAP1313L\Users\edward.barreras\source\repos\LIVE\MIA SRC\lib\RCWF\2026.1.210.462\Telerik.Windows.Documents.Spreadsheet.dll
        ProductCode: DPL, LicenseDate: 2026-02-10, Redistributed By: RCWPF, RCWF, MAUI, UIXAM, WINUI, RCAJAX, KENDOUIMVC, UIASPCORE, BLAZOR, ProductName: Telerik Document Processing Libraries, ProductVersion: 2026.1.210.462, Flags: None
      - \\FEAP1313L\Users\edward.barreras\source\repos\LIVE\MIA SRC\lib\RCWF\2026.1.210.462\Telerik.Windows.Documents.Spreadsheet.FormatProviders.Pdf.dll
        ProductCode: DPL, LicenseDate: 2026-02-10, Redistributed By: RCWPF, RCWF, MAUI, UIXAM, WINUI, RCAJAX, KENDOUIMVC, UIASPCORE, BLAZOR, ProductName: Telerik Document Processing Libraries, ProductVersion: 2026.1.210.462, Flags: None
      - \\FEAP1313L\Users\edward.barreras\source\repos\LIVE\MIA SRC\lib\RCWF\2026.1.210.462\Telerik.Windows.Documents.Spreadsheet.FormatProviders.Xls.dll
        ProductCode: DPL, LicenseDate: 2026-02-10, Redistributed By: RCWPF, RCWF, MAUI, UIXAM, WINUI, RCAJAX, KENDOUIMVC, UIASPCORE, BLAZOR, ProductName: Telerik Document Processing Libraries, ProductVersion: 2026.1.210.462, Flags: None
      - \\FEAP1313L\Users\edward.barreras\source\repos\LIVE\MIA SRC\lib\RCWF\2026.1.210.462\Telerik.Windows.Zip.dll
        ProductCode: DPL, LicenseDate: 2026-02-10, Redistributed By: RCWPF, RCWF, MAUI, UIXAM, WINUI, RCAJAX, KENDOUIMVC, UIASPCORE, BLAZOR, ProductName: Telerik Document Processing Libraries, ProductVersion: 2026.1.210.462, Flags: None
      - \\FEAP1313L\Users\edward.barreras\source\repos\LIVE\MIA SRC\lib\RCWF\2026.1.210.462\TelerikCommon.dll
        ProductCode: RCWF, LicenseDate: 2026-02-10, ProductName: Telerik UI for WinForms, ProductVersion: 2026.1.210.462, Flags: None
      - \\FEAP1313L\Users\edward.barreras\source\repos\LIVE\MIA SRC\lib\RCWF\2026.1.210.462\TelerikExport.dll
        ProductCode: RCWF, LicenseDate: 2026-02-10, ProductName: Telerik UI for WinForms, ProductVersion: 2026.1.210.462, Flags: None
      Unique Products:
      - "Telerik Document Processing Libraries" (DPL) 2026.1.210.462 @2026-02-10
      - "Telerik UI for WinForms" (RCWF) 2026.1.210.462 @2026-02-10
      - "Telerik Reporting" (REPORTING) 19.1.25.521 @2025-05-21
      Found a total of 3 referenced Telerik products for 

[2026-03-23 15:08:34.081] [Low]   Provision Licensing
        Looking up license file...
        - EnvironmentVariablePath: TELERIK_LICENSE_PATH (NotAvailable)
        - EnvironmentVariable: TELERIK_LICENSE (NotAvailable)
        - EnvironmentVariable: KENDO_UI_LICENSE (NotAvailable)
        - RecursiveFilePath: \\FEAP1313L\Users\edward.barreras\source\repos\LIVE\MIA SRC\ERP\telerik-license.txt (NotAvailable)
        - RecursiveFilePath: \\FEAP1313L\Users\edward.barreras\source\repos\LIVE\MIA SRC\ERP\kendo-ui-license.txt (NotAvailable)
        - RecursiveFilePath: \\FEAP1313L\Users\edward.barreras\source\repos\LIVE\MIA SRC\telerik-license.txt (LicenseFound)
        - RecursiveFilePath: \\FEAP1313L\Users\edward.barreras\source\repos\LIVE\MIA SRC\kendo-ui-license.txt (Skip)
        - RecursiveFilePath: \\FEAP1313L\Users\edward.barreras\source\repos\LIVE\telerik-license.txt (Skip)
        - RecursiveFilePath: \\FEAP1313L\Users\edward.barreras\source\repos\LIVE\kendo-ui-license.txt (Skip)
        - RecursiveFilePath: \\FEAP1313L\Users\edward.barreras\source\repos\telerik-license.txt (Skip)
        - RecursiveFilePath: \\FEAP1313L\Users\edward.barreras\source\repos\kendo-ui-license.txt (Skip)
        - RecursiveFilePath: \\FEAP1313L\Users\edward.barreras\source\telerik-license.txt (Skip)
        - RecursiveFilePath: \\FEAP1313L\Users\edward.barreras\source\kendo-ui-license.txt (Skip)
        - RecursiveFilePath: \\FEAP1313L\Users\edward.barreras\telerik-license.txt (Skip)
        - RecursiveFilePath: \\FEAP1313L\Users\edward.barreras\kendo-ui-license.txt (Skip)
        - RecursiveFilePath: \\FEAP1313L\Users\telerik-license.txt (Skip)
        - RecursiveFilePath: \\FEAP1313L\Users\kendo-ui-license.txt (Skip)
        - UserDirectory: C:\Users\edward.barreras\AppData\Roaming\Telerik\telerik-license.txt (Skip)
        - UserDirectory: C:\Users\edward.barreras\AppData\Roaming\Telerik\kendo-ui-license.txt (Skip)
        LicenseKey
        - AUD: f***.m**@f***************.com
        - UsedId: ab69b8b5-c84c-45ed-8228-81dac868c759
        - LicenseId: e7eaafda-87c7-42d6-9ce6-49a541b8c4ed
        - IssuedAt: 1/20/2026 6:35:06 AM
        - Licenses
          0) Perpetual BLAZOR, expiration 9/25/2027 12:49:33 PM, type: 'perpetual'
          1) Perpetual JM, expiration 9/25/2027 12:49:33 PM, type: 'perpetual'
          2) Perpetual KENDOUIANGULAR, expiration 9/25/2027 12:49:33 PM, type: 'perpetual'
          3) Perpetual KENDOUICOMPLETE, expiration 9/25/2027 12:49:33 PM, type: 'perpetual'
          4) Perpetual KENDOUIMVC, expiration 9/25/2027 12:49:33 PM, type: 'perpetual'
          5) Perpetual KENDOUIREACT, expiration 9/25/2027 12:49:33 PM, type: 'perpetual'
          6) Perpetual KENDOUIVUE, expiration 9/25/2027 12:49:33 PM, type: 'perpetual'
          7) Perpetual MAUI, expiration 9/25/2027 12:49:33 PM, type: 'perpetual'
          8) Perpetual RCAJAX, expiration 9/25/2027 12:49:33 PM, type: 'perpetual'
          9) Perpetual RCWF, expiration 9/25/2027 12:49:33 PM, type: 'perpetual'
          10) Perpetual RCWPF, expiration 9/25/2027 12:49:33 PM, type: 'perpetual'
          11) Perpetual REPORTING, expiration 9/25/2027 12:49:33 PM, type: 'perpetual'
          12) Perpetual REPORTSERVER, expiration 9/25/2027 12:49:33 PM, type: 'perpetual'
          13) Perpetual UIASPCORE, expiration 9/25/2027 12:49:33 PM, type: 'perpetual'
          14) Perpetual UIXAM, expiration 2/19/2025 6:00:00 AM, type: 'perpetual'
          15) Perpetual WINUI, expiration 9/25/2027 12:49:33 PM, type: 'perpetual'
          16) Usage UserId: ab69b8b5-c84c-45ed-8228-81dac868c759, LicenseId: e7eaafda-87c7-42d6-9ce6-49a541b8c4ed, type: 'usage'

[2026-03-23 15:08:34.090] [Low]   License Resolution
        Messages
          - License OK for "Telerik UI for WinForms" (RCWF) 2026.1.210.462 @2026-02-10 - Perpetual, valid until 2027-09-25.
          - License OK for "Telerik Reporting" (REPORTING) 19.1.25.521 @2025-05-21 - Perpetual, valid until 2027-09-25.
          - License OK for "Telerik Document Processing Libraries" (DPL) 2026.1.210.462 @2026-02-10 - Perpetual for RCWF, valid until 2027-09-25.
        JWTs
          - eyJhbGciOiJSUzI1NiIsInR5cCI6IlRlbGVyaWsgTGljZW5zZSBFdmlkZW5jZSJ9.eyJjb2RlIjoiUkNXRiIsInR5cGUiOiJwZXJwZXR1YWwiLCJleHBpcmF0aW9uIjoxODIxODc2NTczLCJ1c2VySWQiOiJhYjY5YjhiNS1jODRjLTQ1ZWQtODIyOC04MWRhYzg2OGM3NTkiLCJsaWNlbnNlSWQiOiJlN2VhYWZkYS04N2M3LTQyZDYtOWNlNi00OWE1NDFiOGM0ZWQifQ.H8sxX5O2T3i22Uhy0PFV3YDo-lS1iHVocWX9Eu-82PheI3XbKMkEr7QiChWfuNwS9afgR7PMGy4_nx9HXRV5V9cRQ1zWvIkJsG2EbadPtKlygaAkCh-FXSRVflm3WITNHIAYfazZa26sHSnqBW_XRbH3o0GQkqVYkLlxLuLuKa4M7LlA1KtQZcVFhOH2oaXQoxfrkUMQxNFCz0JdI76T1YJNrAwxpXri8KUzfoDwKhY-IhN-bU25hJs19yGvWykTuZqrZ3lv603aQkaCaPnlF_tHROsmC7nbV4aaxaSHRF1PVD5lqsAhkA5OdGmqH8Kq9F5mhRXVVwYWf3WBcxZKkg
          - eyJhbGciOiJSUzI1NiIsInR5cCI6IlRlbGVyaWsgTGljZW5zZSBFdmlkZW5jZSJ9.eyJjb2RlIjoiUkVQT1JUSU5HIiwidHlwZSI6InBlcnBldHVhbCIsImV4cGlyYXRpb24iOjE4MjE4NzY1NzMsInVzZXJJZCI6ImFiNjliOGI1LWM4NGMtNDVlZC04MjI4LTgxZGFjODY4Yzc1OSIsImxpY2Vuc2VJZCI6ImU3ZWFhZmRhLTg3YzctNDJkNi05Y2U2LTQ5YTU0MWI4YzRlZCJ9.vMdezVVvhtRG-iThgXrXFDyr8L394y38spuHWK9Cyc_b9XZ2iHzEwyT9dLgOqBfvEQM3-GKFcOW6O4-_SSwoIjNhm9paVKSVEmeonMfEOgZjOXuqYFCrXmegYUefJNkHmL6P9cB0CPtA_PThVXqg_RGtCMGEoTW_ISG2ymjLnKXwuGf3uQoTxYWCmdBVMAeZHBlzpUh7aJ78fWmWbIvGf_jrykaFhCaWML2yJHyAjHIH1uzf088pGqdOeDvhBQsIva3Hg0KPLptC4ZqxkkVyYHFvvqFgwwkv8O3ex6Df238honjg-11aXIid1Ad6SSsrqEuKqHBUF__HbdhN0AvfLg
        Licenses
          - License OK for "Telerik UI for WinForms" (RCWF) 2026.1.210.462 @2026-02-10 - Perpetual, valid until 2027-09-25.
          - License OK for "Telerik Reporting" (REPORTING) 19.1.25.521 @2025-05-21 - Perpetual, valid until 2027-09-25.
          - License OK for "Telerik Document Processing Libraries" (DPL) 2026.1.210.462 @2026-02-10 - Perpetual for RCWF, valid until 2027-09-25.

[2026-03-23 15:08:34.094] [Low] OutputType: WinExe, ImportXamlTargets: True
[2026-03-23 15:08:34.107] [Low] 
      Call-Home Telerik Products (3 for )
      - "Telerik UI for WinForms" (RCWF) 2026.1.210
      - "DPL" (DPL) 2026.1.210
      - "Telerik Reporting" (REPORTING) 19.1.25

[2026-03-23 15:08:34.107] [Low] 
[2026-03-23 15:08:34.110] [Low] 
      Call-Home Telerik Features (0 for )

[2026-03-23 15:08:34.110] [Low] 
[2026-03-23 15:08:34.154] [Low]   Report Telerik.Licensing
        UserId: ab69b8b5-c84c-45ed-8228-81dac868c759
        LicenseId: e7eaafda-87c7-42d6-9ce6-49a541b8c4ed
        Products
        - LicenseUsed RCWF 2026.1.210.462 SKIPPED
        - LicenseUsed REPORTING 19.1.25.521 SKIPPED
        - LicenseUsed DPL 2026.1.210.462 SKIPPED
      Report finished in 00:00:00.0388028

[2026-03-23 15:08:34.155] [Low]   Sending Telemetry...
[2026-03-23 15:08:34.183] [Low]   Metrics done 00:00:00.0285385
[2026-03-23 15:08:34.185] [Normal] Resolve Telerik Products. Done (00:00:00.4494348) for 
[2026-03-23 15:12:57.057] [Normal] Resolve Telerik Products.
  MSBuildProjectName=2
  MSBuildProjectDirectory=\\FEAP1313L\Users\edward.barreras\source\repos\LIVE\MIA SRC\ERP
  MSBuildProjectExtension=.vbproj
  Language=VB
  OutputPath=bin\Debug\
  Platform=AnyCPU
  TargetFramework=
  TargetFrameworks=
  TargetFrameworkVersion=v4.8
  VisualStudioVersion=17.0
  UsingMicrosoftNETSdk=
  UsingMicrosoftNETSdkRazor=
  UsingMicrosoftNETSdkWeb=
  ImportXamlTargets=True
  OutputType=WinExe
  UseMaui=
  NuGetPackageRoot=

  PackageReferences
  ReferencePaths
  - BouncyCastle.Crypto.dll 1.8.3 at \\FEAP1313L\Users\edward.barreras\source\repos\LIVE\MIA SRC\packages\BouncyCastle.1.8.3.1\lib\BouncyCastle.Crypto.dll
  - BouncyCastle.Cryptography.dll 2.5.1 at \\FEAP1313L\Users\edward.barreras\source\repos\LIVE\MIA SRC\packages\BouncyCastle.Cryptography.2.5.1\lib\net461\BouncyCastle.Cryptography.dll
  - ClosedXML.dll 0.96.0 at \\FEAP1313L\Users\edward.barreras\source\repos\LIVE\MIA SRC\packages\ClosedXML.0.96.0\lib\net40\ClosedXML.dll
  - DocumentFormat.OpenXml.dll 2.16.0 at \\FEAP1313L\Users\edward.barreras\source\repos\LIVE\MIA SRC\packages\DocumentFormat.OpenXml.2.16.0\lib\net40\DocumentFormat.OpenXml.dll
  - ExcelNumberFormat.dll 1.1.0 at \\FEAP1313L\Users\edward.barreras\source\repos\LIVE\MIA SRC\packages\ExcelNumberFormat.1.1.0\lib\net20\ExcelNumberFormat.dll
  - FEAPNS.dll 1.0.0 at \\FEAP1313L\Users\edward.barreras\source\repos\LIVE\MIA SRC\ERP\bin\Debug\FEAPNS.dll
  - Gma.QrCodeNet.Encoding.dll 0.4.1 at \\FEAP1313L\Users\edward.barreras\source\repos\LIVE\MIA SRC\packages\Gma.QrCodeNet.0.4.1.2\lib\net40\Gma.QrCodeNet.Encoding.dll
  - Google.Protobuf.dll 3.30.0 at \\FEAP1313L\Users\edward.barreras\source\repos\LIVE\MIA SRC\packages\Google.Protobuf.3.30.0\lib\net45\Google.Protobuf.dll
  - K4os.Compression.LZ4.dll 1.3.8 at \\FEAP1313L\Users\edward.barreras\source\repos\LIVE\MIA SRC\packages\K4os.Compression.LZ4.1.3.8\lib\net462\K4os.Compression.LZ4.dll
  - K4os.Compression.LZ4.Streams.dll 1.3.8 at \\FEAP1313L\Users\edward.barreras\source\repos\LIVE\MIA SRC\packages\K4os.Compression.LZ4.Streams.1.3.8\lib\net462\K4os.Compression.LZ4.Streams.dll
  - K4os.Hash.xxHash.dll 1.0.8 at \\FEAP1313L\Users\edward.barreras\source\repos\LIVE\MIA SRC\packages\K4os.Hash.xxHash.1.0.8\lib\net462\K4os.Hash.xxHash.dll
  - MIA-Linq.dll 1.0.0 at \\FEAP1313L\Users\edward.barreras\source\repos\LIVE\MIA SRC\ERP\bin\Debug\MIA-Linq.dll
  - MIA-Report.dll 1.0.0 at \\FEAP1313L\Users\edward.barreras\source\repos\LIVE\MIA SRC\ERP\bin\Debug\MIA-Report.dll
  - Microsoft.Bcl.AsyncInterfaces.dll 5.0.0 at \\FEAP1313L\Users\edward.barreras\source\repos\LIVE\MIA SRC\packages\Microsoft.Bcl.AsyncInterfaces.5.0.0\lib\net461\Microsoft.Bcl.AsyncInterfaces.dll
  - Microsoft.CSharp.dll 4.8.3761 at C:\Program Files (x86)\Reference Assemblies\Microsoft\Framework\.NETFramework\v4.8\Microsoft.CSharp.dll
  - MySql.Data.dll 9.4.0 at \\FEAP1313L\Users\edward.barreras\source\repos\LIVE\MIA SRC\packages\MySql.Data.9.4.0\lib\net48\MySql.Data.dll
  - Newtonsoft.Json.dll 13.0.3 at \\FEAP1313L\Users\edward.barreras\source\repos\LIVE\MIA SRC\packages\Newtonsoft.Json.13.0.3\lib\net45\Newtonsoft.Json.dll
  - SRCDailyReportv2.dll 1.0.0 at \\FEAP1313L\Users\edward.barreras\source\repos\LIVE\MIA SRC\ERP\bin\Debug\SRCDailyReportv2.dll
  - System.Buffers.dll 4.6.28619 at \\FEAP1313L\Users\edward.barreras\source\repos\LIVE\MIA SRC\packages\System.Buffers.4.5.1\lib\net461\System.Buffers.dll
  - System.ComponentModel.DataAnnotations.dll 4.8.3761 at C:\Program Files (x86)\Reference Assemblies\Microsoft\Framework\.NETFramework\v4.8\System.ComponentModel.DataAnnotations.dll
  - System.ComponentModel.dll 4.8.3761 at C:\Program Files (x86)\Reference Assemblies\Microsoft\Framework\.NETFramework\v4.8\Facades\System.ComponentModel.dll
  - System.Configuration.ConfigurationManager.dll 8.0.0 at \\FEAP1313L\Users\edward.barreras\source\repos\LIVE\MIA SRC\packages\System.Configuration.ConfigurationManager.8.0.0\lib\net462\System.Configuration.ConfigurationManager.dll
  - System.Configuration.dll 4.8.3761 at C:\Program Files (x86)\Reference Assemblies\Microsoft\Framework\.NETFramework\v4.8\System.Configuration.dll
  - System.Configuration.Install.dll 4.8.3761 at C:\Program Files (x86)\Reference Assemblies\Microsoft\Framework\.NETFramework\v4.8\System.Configuration.Install.dll
  - System.Core.dll 4.8.3761 at C:\Program Files (x86)\Reference Assemblies\Microsoft\Framework\.NETFramework\v4.8\System.Core.dll
  - System.Data.DataSetExtensions.dll 4.8.3761 at C:\Program Files (x86)\Reference Assemblies\Microsoft\Framework\.NETFramework\v4.8\System.Data.DataSetExtensions.dll
  - System.Data.dll 4.8.3761 at C:\Program Files (x86)\Reference Assemblies\Microsoft\Framework\.NETFramework\v4.8\System.Data.dll
  - System.Data.OleDb.dll 9.0.2 at \\FEAP1313L\Users\edward.barreras\source\repos\LIVE\MIA SRC\packages\System.Data.OleDb.9.0.2\lib\net462\System.Data.OleDb.dll
  - System.Deployment.dll 4.8.3761 at C:\Program Files (x86)\Reference Assemblies\Microsoft\Framework\.NETFramework\v4.8\System.Deployment.dll
  - System.Diagnostics.DiagnosticSource.dll 8.0.4 at \\FEAP1313L\Users\edward.barreras\source\repos\LIVE\MIA SRC\packages\System.Diagnostics.DiagnosticSource.8.0.1\lib\net462\System.Diagnostics.DiagnosticSource.dll
  - System.dll 4.8.3761 at C:\Program Files (x86)\Reference Assemblies\Microsoft\Framework\.NETFramework\v4.8\System.dll
  - System.Drawing.Design.dll 4.8.3761 at C:\Program Files (x86)\Reference Assemblies\Microsoft\Framework\.NETFramework\v4.8\System.Drawing.Design.dll
  - System.Drawing.dll 4.8.3761 at C:\Program Files (x86)\Reference Assemblies\Microsoft\Framework\.NETFramework\v4.8\System.Drawing.dll
  - System.IO.Pipelines.dll 5.0.15 at \\FEAP1313L\Users\edward.barreras\source\repos\LIVE\MIA SRC\packages\System.IO.Pipelines.5.0.2\lib\net461\System.IO.Pipelines.dll
  - System.Management.dll 4.8.3761 at C:\Program Files (x86)\Reference Assemblies\Microsoft\Framework\.NETFramework\v4.8\System.Management.dll
  - System.Memory.dll 4.6.31308 at \\FEAP1313L\Users\edward.barreras\source\repos\LIVE\MIA SRC\packages\System.Memory.4.5.5\lib\net461\System.Memory.dll
  - System.Messaging.dll 4.8.3761 at C:\Program Files (x86)\Reference Assemblies\Microsoft\Framework\.NETFramework\v4.8\System.Messaging.dll
  - System.Net.Http.Formatting.dll 5.2.7 at C:\Program Files\Microsoft Visual Studio\2022\Community\Common7\IDE\PublicAssemblies\System.Net.Http.Formatting.dll
  - System.Numerics.dll 4.8.3761 at C:\Program Files (x86)\Reference Assemblies\Microsoft\Framework\.NETFramework\v4.8\System.Numerics.dll
  - System.Numerics.Vectors.dll 4.6.26515 at \\FEAP1313L\Users\edward.barreras\source\repos\LIVE\MIA SRC\packages\System.Numerics.Vectors.4.5.0\lib\net46\System.Numerics.Vectors.dll
  - System.Runtime.CompilerServices.Unsafe.dll 6.1.0 at \\FEAP1313L\Users\edward.barreras\source\repos\LIVE\MIA SRC\packages\System.Runtime.CompilerServices.Unsafe.6.1.0\lib\net462\System.Runtime.CompilerServices.Unsafe.dll
  - System.Threading.Tasks.Extensions.dll 4.6.0 at \\FEAP1313L\Users\edward.barreras\source\repos\LIVE\MIA SRC\packages\System.Threading.Tasks.Extensions.4.6.0\lib\net462\System.Threading.Tasks.Extensions.dll
  - System.Transactions.dll 4.8.3761 at C:\Program Files (x86)\Reference Assemblies\Microsoft\Framework\.NETFramework\v4.8\System.Transactions.dll
  - System.Web.Extensions.dll 4.8.3761 at C:\Program Files (x86)\Reference Assemblies\Microsoft\Framework\.NETFramework\v4.8\System.Web.Extensions.dll
  - System.Windows.Forms.dll 4.8.3761 at C:\Program Files (x86)\Reference Assemblies\Microsoft\Framework\.NETFramework\v4.8\System.Windows.Forms.dll
  - System.Xml.dll 4.8.3761 at C:\Program Files (x86)\Reference Assemblies\Microsoft\Framework\.NETFramework\v4.8\System.Xml.dll
  - System.Xml.Linq.dll 4.8.3761 at C:\Program Files (x86)\Reference Assemblies\Microsoft\Framework\.NETFramework\v4.8\System.Xml.Linq.dll
  - Telerik.Documents.SpreadsheetStreaming.dll 2026.1.210 at \\FEAP1313L\Users\edward.barreras\source\repos\LIVE\MIA SRC\lib\RCWF\2026.1.210.462\Telerik.Documents.SpreadsheetStreaming.dll
  - Telerik.Licensing.Runtime.dll 1.8.2 at \\FEAP1313L\Users\edward.barreras\source\repos\LIVE\MIA SRC\packages\Telerik.Licensing.1.8.2\lib\net462\Telerik.Licensing.Runtime.dll
  - Telerik.Reporting.dll 19.1.25 at \\FEAP1313L\Users\edward.barreras\source\repos\LIVE\MIA SRC\ERP\bin\Debug\Telerik.Reporting.dll
  - Telerik.Reporting.Services.HttpClient.dll 19.1.25 at \\FEAP1313L\Users\edward.barreras\source\repos\LIVE\MIA SRC\ERP\bin\Debug\Telerik.Reporting.Services.HttpClient.dll
  - Telerik.Reporting.Services.ServiceStack.dll 19.1.25 at \\FEAP1313L\Users\edward.barreras\source\repos\LIVE\MIA SRC\ERP\bin\Debug\Telerik.Reporting.Services.ServiceStack.dll
  - Telerik.ReportViewer.WinForms.dll 19.1.25 at \\FEAP1313L\Users\edward.barreras\source\repos\LIVE\MIA SRC\ERP\bin\Debug\Telerik.ReportViewer.WinForms.dll
  - Telerik.ReportViewer.Wpf.dll 19.1.25 at \\FEAP1313L\Users\edward.barreras\source\repos\LIVE\MIA SRC\ERP\bin\Debug\Telerik.ReportViewer.Wpf.dll
  - Telerik.WinControls.dll 2026.1.210 at \\FEAP1313L\Users\edward.barreras\source\repos\LIVE\MIA SRC\lib\RCWF\2026.1.210.462\Telerik.WinControls.dll
  - Telerik.WinControls.GridView.dll 2026.1.210 at \\FEAP1313L\Users\edward.barreras\source\repos\LIVE\MIA SRC\lib\RCWF\2026.1.210.462\Telerik.WinControls.GridView.dll
  - Telerik.WinControls.RadDock.dll 2026.1.210 at \\FEAP1313L\Users\edward.barreras\source\repos\LIVE\MIA SRC\lib\RCWF\2026.1.210.462\Telerik.WinControls.RadDock.dll
  - Telerik.WinControls.Themes.Aqua.dll 2026.1.210 at \\FEAP1313L\Users\edward.barreras\source\repos\LIVE\MIA SRC\lib\RCWF\2026.1.210.462\Telerik.WinControls.Themes.Aqua.dll
  - Telerik.WinControls.Themes.Breeze.dll 2026.1.210 at \\FEAP1313L\Users\edward.barreras\source\repos\LIVE\MIA SRC\lib\RCWF\2026.1.210.462\Telerik.WinControls.Themes.Breeze.dll
  - Telerik.WinControls.Themes.Crystal.dll 2026.1.210 at \\FEAP1313L\Users\edward.barreras\source\repos\LIVE\MIA SRC\lib\RCWF\2026.1.210.462\Telerik.WinControls.Themes.Crystal.dll
  - Telerik.WinControls.Themes.CrystalDark.dll 2026.1.210 at \\FEAP1313L\Users\edward.barreras\source\repos\LIVE\MIA SRC\lib\RCWF\2026.1.210.462\Telerik.WinControls.Themes.CrystalDark.dll
  - Telerik.WinControls.Themes.Desert.dll 2026.1.210 at \\FEAP1313L\Users\edward.barreras\source\repos\LIVE\MIA SRC\lib\RCWF\2026.1.210.462\Telerik.WinControls.Themes.Desert.dll
  - Telerik.WinControls.Themes.Fluent.dll 2026.1.210 at \\FEAP1313L\Users\edward.barreras\source\repos\LIVE\MIA SRC\lib\RCWF\2026.1.210.462\Telerik.WinControls.Themes.Fluent.dll
  - Telerik.WinControls.Themes.FluentDark.dll 2026.1.210 at \\FEAP1313L\Users\edward.barreras\source\repos\LIVE\MIA SRC\lib\RCWF\2026.1.210.462\Telerik.WinControls.Themes.FluentDark.dll
  - Telerik.WinControls.Themes.HighContrastBlack.dll 2026.1.210 at \\FEAP1313L\Users\edward.barreras\source\repos\LIVE\MIA SRC\lib\RCWF\2026.1.210.462\Telerik.WinControls.Themes.HighContrastBlack.dll
  - Telerik.WinControls.Themes.Material.dll 2026.1.210 at \\FEAP1313L\Users\edward.barreras\source\repos\LIVE\MIA SRC\lib\RCWF\2026.1.210.462\Telerik.WinControls.Themes.Material.dll
  - Telerik.WinControls.Themes.MaterialBlueGrey.dll 2026.1.210 at \\FEAP1313L\Users\edward.barreras\source\repos\LIVE\MIA SRC\lib\RCWF\2026.1.210.462\Telerik.WinControls.Themes.MaterialBlueGrey.dll
  - Telerik.WinControls.Themes.MaterialPink.dll 2026.1.210 at \\FEAP1313L\Users\edward.barreras\source\repos\LIVE\MIA SRC\lib\RCWF\2026.1.210.462\Telerik.WinControls.Themes.MaterialPink.dll
  - Telerik.WinControls.Themes.MaterialTeal.dll 2026.1.210 at \\FEAP1313L\Users\edward.barreras\source\repos\LIVE\MIA SRC\lib\RCWF\2026.1.210.462\Telerik.WinControls.Themes.MaterialTeal.dll
  - Telerik.WinControls.Themes.Office2007Black.dll 2026.1.210 at \\FEAP1313L\Users\edward.barreras\source\repos\LIVE\MIA SRC\lib\RCWF\2026.1.210.462\Telerik.WinControls.Themes.Office2007Black.dll
  - Telerik.WinControls.Themes.Office2010Black.dll 2026.1.210 at \\FEAP1313L\Users\edward.barreras\source\repos\LIVE\MIA SRC\lib\RCWF\2026.1.210.462\Telerik.WinControls.Themes.Office2010Black.dll
  - Telerik.WinControls.Themes.Office2010Blue.dll 2026.1.210 at \\FEAP1313L\Users\edward.barreras\source\repos\LIVE\MIA SRC\lib\RCWF\2026.1.210.462\Telerik.WinControls.Themes.Office2010Blue.dll
  - Telerik.WinControls.Themes.Office2010Silver.dll 2026.1.210 at \\FEAP1313L\Users\edward.barreras\source\repos\LIVE\MIA SRC\lib\RCWF\2026.1.210.462\Telerik.WinControls.Themes.Office2010Silver.dll
  - Telerik.WinControls.Themes.Office2013Dark.dll 2026.1.210 at \\FEAP1313L\Users\edward.barreras\source\repos\LIVE\MIA SRC\lib\RCWF\2026.1.210.462\Telerik.WinControls.Themes.Office2013Dark.dll
  - Telerik.WinControls.Themes.Office2013Light.dll 2026.1.210 at \\FEAP1313L\Users\edward.barreras\source\repos\LIVE\MIA SRC\lib\RCWF\2026.1.210.462\Telerik.WinControls.Themes.Office2013Light.dll
  - Telerik.WinControls.Themes.TelerikMetroBlue.dll 2026.1.210 at \\FEAP1313L\Users\edward.barreras\source\repos\LIVE\MIA SRC\lib\RCWF\2026.1.210.462\Telerik.WinControls.Themes.TelerikMetroBlue.dll
  - Telerik.WinControls.Themes.VisualStudio2012Dark.dll 2026.1.210 at \\FEAP1313L\Users\edward.barreras\source\repos\LIVE\MIA SRC\lib\RCWF\2026.1.210.462\Telerik.WinControls.Themes.VisualStudio2012Dark.dll
  - Telerik.WinControls.Themes.VisualStudio2012Light.dll 2026.1.210 at \\FEAP1313L\Users\edward.barreras\source\repos\LIVE\MIA SRC\lib\RCWF\2026.1.210.462\Telerik.WinControls.Themes.VisualStudio2012Light.dll
  - Telerik.WinControls.Themes.Windows7.dll 2026.1.210 at \\FEAP1313L\Users\edward.barreras\source\repos\LIVE\MIA SRC\lib\RCWF\2026.1.210.462\Telerik.WinControls.Themes.Windows7.dll
  - Telerik.WinControls.Themes.Windows8.dll 2026.1.210 at \\FEAP1313L\Users\edward.barreras\source\repos\LIVE\MIA SRC\lib\RCWF\2026.1.210.462\Telerik.WinControls.Themes.Windows8.dll
  - Telerik.WinControls.UI.dll 2026.1.210 at \\FEAP1313L\Users\edward.barreras\source\repos\LIVE\MIA SRC\lib\RCWF\2026.1.210.462\Telerik.WinControls.UI.dll
  - Telerik.Windows.Documents.Core.dll 2026.1.210 at \\FEAP1313L\Users\edward.barreras\source\repos\LIVE\MIA SRC\lib\RCWF\2026.1.210.462\Telerik.Windows.Documents.Core.dll
  - Telerik.Windows.Documents.Fixed.dll 2026.1.210 at \\FEAP1313L\Users\edward.barreras\source\repos\LIVE\MIA SRC\lib\RCWF\2026.1.210.462\Telerik.Windows.Documents.Fixed.dll
  - Telerik.Windows.Documents.Spreadsheet.dll 2026.1.210 at \\FEAP1313L\Users\edward.barreras\source\repos\LIVE\MIA SRC\lib\RCWF\2026.1.210.462\Telerik.Windows.Documents.Spreadsheet.dll
  - Telerik.Windows.Documents.Spreadsheet.FormatProviders.OpenXml.dll 2026.1.210 at \\FEAP1313L\Users\edward.barreras\source\repos\LIVE\MIA SRC\lib\RCWF\2026.1.210.462\Telerik.Windows.Documents.Spreadsheet.FormatProviders.OpenXml.dll
  - Telerik.Windows.Documents.Spreadsheet.FormatProviders.Pdf.dll 2026.1.210 at \\FEAP1313L\Users\edward.barreras\source\repos\LIVE\MIA SRC\lib\RCWF\2026.1.210.462\Telerik.Windows.Documents.Spreadsheet.FormatProviders.Pdf.dll
  - Telerik.Windows.Documents.Spreadsheet.FormatProviders.Xls.dll 2026.1.210 at \\FEAP1313L\Users\edward.barreras\source\repos\LIVE\MIA SRC\lib\RCWF\2026.1.210.462\Telerik.Windows.Documents.Spreadsheet.FormatProviders.Xls.dll
  - Telerik.Windows.Zip.dll 2026.1.210 at \\FEAP1313L\Users\edward.barreras\source\repos\LIVE\MIA SRC\lib\RCWF\2026.1.210.462\Telerik.Windows.Zip.dll
  - TelerikCommon.dll 2026.1.210 at \\FEAP1313L\Users\edward.barreras\source\repos\LIVE\MIA SRC\lib\RCWF\2026.1.210.462\TelerikCommon.dll
  - TelerikExport.dll 2026.1.210 at \\FEAP1313L\Users\edward.barreras\source\repos\LIVE\MIA SRC\lib\RCWF\2026.1.210.462\TelerikExport.dll
  - Ubiety.Dns.Core.dll 2.2.1 at \\FEAP1313L\Users\edward.barreras\source\repos\LIVE\MIA SRC\ERP\bin\Debug\Ubiety.Dns.Core.dll
  - WindowsBase.dll 4.8.3761 at C:\Program Files (x86)\Reference Assemblies\Microsoft\Framework\.NETFramework\v4.8\WindowsBase.dll
  - ZstdSharp.dll 0.8.5 at \\FEAP1313L\Users\edward.barreras\source\repos\LIVE\MIA SRC\packages\ZstdSharp.Port.0.8.5\lib\net462\ZstdSharp.dll
  MachineId=2xQjveFWQf4bUNzPt3x/SIfuym0=

[2026-03-23 15:12:57.142] [Low]   Looking for Telerik product metadata in referenced assemblies
      - \\FEAP1313L\Users\edward.barreras\source\repos\LIVE\MIA SRC\lib\RCWF\2026.1.210.462\Telerik.Documents.SpreadsheetStreaming.dll
        ProductCode: DPL, LicenseDate: 2026-02-10, Redistributed By: RCWPF, RCWF, MAUI, UIXAM, WINUI, RCAJAX, KENDOUIMVC, UIASPCORE, BLAZOR, ProductName: Telerik Document Processing Libraries, ProductVersion: 2026.1.210.462, Flags: None
      - \\FEAP1313L\Users\edward.barreras\source\repos\LIVE\MIA SRC\ERP\bin\Debug\Telerik.Reporting.dll
        ProductCode: REPORTING, LicenseDate: 2025-05-21, ProductName: Telerik Reporting, ProductVersion: 19.1.25.521, Flags: None
      - \\FEAP1313L\Users\edward.barreras\source\repos\LIVE\MIA SRC\lib\RCWF\2026.1.210.462\Telerik.WinControls.dll
        ProductCode: RCWF, LicenseDate: 2026-02-10, ProductName: Telerik UI for WinForms, ProductVersion: 2026.1.210.462, Flags: None
      - \\FEAP1313L\Users\edward.barreras\source\repos\LIVE\MIA SRC\lib\RCWF\2026.1.210.462\Telerik.WinControls.GridView.dll
        ProductCode: RCWF, LicenseDate: 2026-02-10, ProductName: Telerik UI for WinForms, ProductVersion: 2026.1.210.462, Flags: None
      - \\FEAP1313L\Users\edward.barreras\source\repos\LIVE\MIA SRC\lib\RCWF\2026.1.210.462\Telerik.WinControls.RadDock.dll
        ProductCode: RCWF, LicenseDate: 2026-02-10, ProductName: Telerik UI for WinForms, ProductVersion: 2026.1.210.462, Flags: None
      - \\FEAP1313L\Users\edward.barreras\source\repos\LIVE\MIA SRC\lib\RCWF\2026.1.210.462\Telerik.WinControls.Themes.Aqua.dll
        ProductCode: RCWF, LicenseDate: 2026-02-10, ProductName: Telerik UI for WinForms, ProductVersion: 2026.1.210.462, Flags: None
      - \\FEAP1313L\Users\edward.barreras\source\repos\LIVE\MIA SRC\lib\RCWF\2026.1.210.462\Telerik.WinControls.Themes.Breeze.dll
        ProductCode: RCWF, LicenseDate: 2026-02-10, ProductName: Telerik UI for WinForms, ProductVersion: 2026.1.210.462, Flags: None
      - \\FEAP1313L\Users\edward.barreras\source\repos\LIVE\MIA SRC\lib\RCWF\2026.1.210.462\Telerik.WinControls.Themes.Crystal.dll
        ProductCode: RCWF, LicenseDate: 2026-02-10, ProductName: Telerik UI for WinForms, ProductVersion: 2026.1.210.462, Flags: None
      - \\FEAP1313L\Users\edward.barreras\source\repos\LIVE\MIA SRC\lib\RCWF\2026.1.210.462\Telerik.WinControls.Themes.CrystalDark.dll
        ProductCode: RCWF, LicenseDate: 2026-02-10, ProductName: Telerik UI for WinForms, ProductVersion: 2026.1.210.462, Flags: None
      - \\FEAP1313L\Users\edward.barreras\source\repos\LIVE\MIA SRC\lib\RCWF\2026.1.210.462\Telerik.WinControls.Themes.Desert.dll
        ProductCode: RCWF, LicenseDate: 2026-02-10, ProductName: Telerik UI for WinForms, ProductVersion: 2026.1.210.462, Flags: None
      - \\FEAP1313L\Users\edward.barreras\source\repos\LIVE\MIA SRC\lib\RCWF\2026.1.210.462\Telerik.WinControls.Themes.Fluent.dll
        ProductCode: RCWF, LicenseDate: 2026-02-10, ProductName: Telerik UI for WinForms, ProductVersion: 2026.1.210.462, Flags: None
      - \\FEAP1313L\Users\edward.barreras\source\repos\LIVE\MIA SRC\lib\RCWF\2026.1.210.462\Telerik.WinControls.Themes.FluentDark.dll
        ProductCode: RCWF, LicenseDate: 2026-02-10, ProductName: Telerik UI for WinForms, ProductVersion: 2026.1.210.462, Flags: None
      - \\FEAP1313L\Users\edward.barreras\source\repos\LIVE\MIA SRC\lib\RCWF\2026.1.210.462\Telerik.WinControls.Themes.HighContrastBlack.dll
        ProductCode: RCWF, LicenseDate: 2026-02-10, ProductName: Telerik UI for WinForms, ProductVersion: 2026.1.210.462, Flags: None
      - \\FEAP1313L\Users\edward.barreras\source\repos\LIVE\MIA SRC\lib\RCWF\2026.1.210.462\Telerik.WinControls.Themes.Material.dll
        ProductCode: RCWF, LicenseDate: 2026-02-10, ProductName: Telerik UI for WinForms, ProductVersion: 2026.1.210.462, Flags: None
      - \\FEAP1313L\Users\edward.barreras\source\repos\LIVE\MIA SRC\lib\RCWF\2026.1.210.462\Telerik.WinControls.Themes.MaterialBlueGrey.dll
        ProductCode: RCWF, LicenseDate: 2026-02-10, ProductName: Telerik UI for WinForms, ProductVersion: 2026.1.210.462, Flags: None
      - \\FEAP1313L\Users\edward.barreras\source\repos\LIVE\MIA SRC\lib\RCWF\2026.1.210.462\Telerik.WinControls.Themes.MaterialPink.dll
        ProductCode: RCWF, LicenseDate: 2026-02-10, ProductName: Telerik UI for WinForms, ProductVersion: 2026.1.210.462, Flags: None
      - \\FEAP1313L\Users\edward.barreras\source\repos\LIVE\MIA SRC\lib\RCWF\2026.1.210.462\Telerik.WinControls.Themes.MaterialTeal.dll
        ProductCode: RCWF, LicenseDate: 2026-02-10, ProductName: Telerik UI for WinForms, ProductVersion: 2026.1.210.462, Flags: None
      - \\FEAP1313L\Users\edward.barreras\source\repos\LIVE\MIA SRC\lib\RCWF\2026.1.210.462\Telerik.WinControls.Themes.Office2007Black.dll
        ProductCode: RCWF, LicenseDate: 2026-02-10, ProductName: Telerik UI for WinForms, ProductVersion: 2026.1.210.462, Flags: None
      - \\FEAP1313L\Users\edward.barreras\source\repos\LIVE\MIA SRC\lib\RCWF\2026.1.210.462\Telerik.WinControls.Themes.Office2010Black.dll
        ProductCode: RCWF, LicenseDate: 2026-02-10, ProductName: Telerik UI for WinForms, ProductVersion: 2026.1.210.462, Flags: None
      - \\FEAP1313L\Users\edward.barreras\source\repos\LIVE\MIA SRC\lib\RCWF\2026.1.210.462\Telerik.WinControls.Themes.Office2010Blue.dll
        ProductCode: RCWF, LicenseDate: 2026-02-10, ProductName: Telerik UI for WinForms, ProductVersion: 2026.1.210.462, Flags: None
      - \\FEAP1313L\Users\edward.barreras\source\repos\LIVE\MIA SRC\lib\RCWF\2026.1.210.462\Telerik.WinControls.Themes.Office2010Silver.dll
        ProductCode: RCWF, LicenseDate: 2026-02-10, ProductName: Telerik UI for WinForms, ProductVersion: 2026.1.210.462, Flags: None
      - \\FEAP1313L\Users\edward.barreras\source\repos\LIVE\MIA SRC\lib\RCWF\2026.1.210.462\Telerik.WinControls.Themes.Office2013Dark.dll
        ProductCode: RCWF, LicenseDate: 2026-02-10, ProductName: Telerik UI for WinForms, ProductVersion: 2026.1.210.462, Flags: None
      - \\FEAP1313L\Users\edward.barreras\source\repos\LIVE\MIA SRC\lib\RCWF\2026.1.210.462\Telerik.WinControls.Themes.Office2013Light.dll
        ProductCode: RCWF, LicenseDate: 2026-02-10, ProductName: Telerik UI for WinForms, ProductVersion: 2026.1.210.462, Flags: None
      - \\FEAP1313L\Users\edward.barreras\source\repos\LIVE\MIA SRC\lib\RCWF\2026.1.210.462\Telerik.WinControls.Themes.TelerikMetroBlue.dll
        ProductCode: RCWF, LicenseDate: 2026-02-10, ProductName: Telerik UI for WinForms, ProductVersion: 2026.1.210.462, Flags: None
      - \\FEAP1313L\Users\edward.barreras\source\repos\LIVE\MIA SRC\lib\RCWF\2026.1.210.462\Telerik.WinControls.Themes.VisualStudio2012Dark.dll
        ProductCode: RCWF, LicenseDate: 2026-02-10, ProductName: Telerik UI for WinForms, ProductVersion: 2026.1.210.462, Flags: None
      - \\FEAP1313L\Users\edward.barreras\source\repos\LIVE\MIA SRC\lib\RCWF\2026.1.210.462\Telerik.WinControls.Themes.VisualStudio2012Light.dll
        ProductCode: RCWF, LicenseDate: 2026-02-10, ProductName: Telerik UI for WinForms, ProductVersion: 2026.1.210.462, Flags: None
      - \\FEAP1313L\Users\edward.barreras\source\repos\LIVE\MIA SRC\lib\RCWF\2026.1.210.462\Telerik.WinControls.Themes.Windows7.dll
        ProductCode: RCWF, LicenseDate: 2026-02-10, ProductName: Telerik UI for WinForms, ProductVersion: 2026.1.210.462, Flags: None
      - \\FEAP1313L\Users\edward.barreras\source\repos\LIVE\MIA SRC\lib\RCWF\2026.1.210.462\Telerik.WinControls.Themes.Windows8.dll
        ProductCode: RCWF, LicenseDate: 2026-02-10, ProductName: Telerik UI for WinForms, ProductVersion: 2026.1.210.462, Flags: None
      - \\FEAP1313L\Users\edward.barreras\source\repos\LIVE\MIA SRC\lib\RCWF\2026.1.210.462\Telerik.WinControls.UI.dll
        ProductCode: RCWF, LicenseDate: 2026-02-10, ProductName: Telerik UI for WinForms, ProductVersion: 2026.1.210.462, Flags: None
      - \\FEAP1313L\Users\edward.barreras\source\repos\LIVE\MIA SRC\lib\RCWF\2026.1.210.462\Telerik.Windows.Documents.Core.dll
        ProductCode: DPL, LicenseDate: 2026-02-10, Redistributed By: RCWPF, RCWF, MAUI, UIXAM, WINUI, RCAJAX, KENDOUIMVC, UIASPCORE, BLAZOR, ProductName: Telerik Document Processing Libraries, ProductVersion: 2026.1.210.462, Flags: None
      - \\FEAP1313L\Users\edward.barreras\source\repos\LIVE\MIA SRC\lib\RCWF\2026.1.210.462\Telerik.Windows.Documents.Fixed.dll
        ProductCode: DPL, LicenseDate: 2026-02-10, Redistributed By: RCWPF, RCWF, MAUI, UIXAM, WINUI, RCAJAX, KENDOUIMVC, UIASPCORE, BLAZOR, ProductName: Telerik Document Processing Libraries, ProductVersion: 2026.1.210.462, Flags: None
      - \\FEAP1313L\Users\edward.barreras\source\repos\LIVE\MIA SRC\lib\RCWF\2026.1.210.462\Telerik.Windows.Documents.Spreadsheet.dll
        ProductCode: DPL, LicenseDate: 2026-02-10, Redistributed By: RCWPF, RCWF, MAUI, UIXAM, WINUI, RCAJAX, KENDOUIMVC, UIASPCORE, BLAZOR, ProductName: Telerik Document Processing Libraries, ProductVersion: 2026.1.210.462, Flags: None
      - \\FEAP1313L\Users\edward.barreras\source\repos\LIVE\MIA SRC\lib\RCWF\2026.1.210.462\Telerik.Windows.Documents.Spreadsheet.FormatProviders.Pdf.dll
        ProductCode: DPL, LicenseDate: 2026-02-10, Redistributed By: RCWPF, RCWF, MAUI, UIXAM, WINUI, RCAJAX, KENDOUIMVC, UIASPCORE, BLAZOR, ProductName: Telerik Document Processing Libraries, ProductVersion: 2026.1.210.462, Flags: None
      - \\FEAP1313L\Users\edward.barreras\source\repos\LIVE\MIA SRC\lib\RCWF\2026.1.210.462\Telerik.Windows.Documents.Spreadsheet.FormatProviders.Xls.dll
        ProductCode: DPL, LicenseDate: 2026-02-10, Redistributed By: RCWPF, RCWF, MAUI, UIXAM, WINUI, RCAJAX, KENDOUIMVC, UIASPCORE, BLAZOR, ProductName: Telerik Document Processing Libraries, ProductVersion: 2026.1.210.462, Flags: None
      - \\FEAP1313L\Users\edward.barreras\source\repos\LIVE\MIA SRC\lib\RCWF\2026.1.210.462\Telerik.Windows.Zip.dll
        ProductCode: DPL, LicenseDate: 2026-02-10, Redistributed By: RCWPF, RCWF, MAUI, UIXAM, WINUI, RCAJAX, KENDOUIMVC, UIASPCORE, BLAZOR, ProductName: Telerik Document Processing Libraries, ProductVersion: 2026.1.210.462, Flags: None
      - \\FEAP1313L\Users\edward.barreras\source\repos\LIVE\MIA SRC\lib\RCWF\2026.1.210.462\TelerikCommon.dll
        ProductCode: RCWF, LicenseDate: 2026-02-10, ProductName: Telerik UI for WinForms, ProductVersion: 2026.1.210.462, Flags: None
      - \\FEAP1313L\Users\edward.barreras\source\repos\LIVE\MIA SRC\lib\RCWF\2026.1.210.462\TelerikExport.dll
        ProductCode: RCWF, LicenseDate: 2026-02-10, ProductName: Telerik UI for WinForms, ProductVersion: 2026.1.210.462, Flags: None
      Unique Products:
      - "Telerik Document Processing Libraries" (DPL) 2026.1.210.462 @2026-02-10
      - "Telerik UI for WinForms" (RCWF) 2026.1.210.462 @2026-02-10
      - "Telerik Reporting" (REPORTING) 19.1.25.521 @2025-05-21
      Found a total of 3 referenced Telerik products for 

[2026-03-23 15:12:57.179] [Low]   Provision Licensing
        Looking up license file...
        - EnvironmentVariablePath: TELERIK_LICENSE_PATH (NotAvailable)
        - EnvironmentVariable: TELERIK_LICENSE (NotAvailable)
        - EnvironmentVariable: KENDO_UI_LICENSE (NotAvailable)
        - RecursiveFilePath: \\FEAP1313L\Users\edward.barreras\source\repos\LIVE\MIA SRC\ERP\telerik-license.txt (NotAvailable)
        - RecursiveFilePath: \\FEAP1313L\Users\edward.barreras\source\repos\LIVE\MIA SRC\ERP\kendo-ui-license.txt (NotAvailable)
        - RecursiveFilePath: \\FEAP1313L\Users\edward.barreras\source\repos\LIVE\MIA SRC\telerik-license.txt (LicenseFound)
        - RecursiveFilePath: \\FEAP1313L\Users\edward.barreras\source\repos\LIVE\MIA SRC\kendo-ui-license.txt (Skip)
        - RecursiveFilePath: \\FEAP1313L\Users\edward.barreras\source\repos\LIVE\telerik-license.txt (Skip)
        - RecursiveFilePath: \\FEAP1313L\Users\edward.barreras\source\repos\LIVE\kendo-ui-license.txt (Skip)
        - RecursiveFilePath: \\FEAP1313L\Users\edward.barreras\source\repos\telerik-license.txt (Skip)
        - RecursiveFilePath: \\FEAP1313L\Users\edward.barreras\source\repos\kendo-ui-license.txt (Skip)
        - RecursiveFilePath: \\FEAP1313L\Users\edward.barreras\source\telerik-license.txt (Skip)
        - RecursiveFilePath: \\FEAP1313L\Users\edward.barreras\source\kendo-ui-license.txt (Skip)
        - RecursiveFilePath: \\FEAP1313L\Users\edward.barreras\telerik-license.txt (Skip)
        - RecursiveFilePath: \\FEAP1313L\Users\edward.barreras\kendo-ui-license.txt (Skip)
        - RecursiveFilePath: \\FEAP1313L\Users\telerik-license.txt (Skip)
        - RecursiveFilePath: \\FEAP1313L\Users\kendo-ui-license.txt (Skip)
        - UserDirectory: C:\Users\edward.barreras\AppData\Roaming\Telerik\telerik-license.txt (Skip)
        - UserDirectory: C:\Users\edward.barreras\AppData\Roaming\Telerik\kendo-ui-license.txt (Skip)
        LicenseKey
        - AUD: f***.m**@f***************.com
        - UsedId: ab69b8b5-c84c-45ed-8228-81dac868c759
        - LicenseId: e7eaafda-87c7-42d6-9ce6-49a541b8c4ed
        - IssuedAt: 1/20/2026 6:35:06 AM
        - Licenses
          0) Perpetual BLAZOR, expiration 9/25/2027 12:49:33 PM, type: 'perpetual'
          1) Perpetual JM, expiration 9/25/2027 12:49:33 PM, type: 'perpetual'
          2) Perpetual KENDOUIANGULAR, expiration 9/25/2027 12:49:33 PM, type: 'perpetual'
          3) Perpetual KENDOUICOMPLETE, expiration 9/25/2027 12:49:33 PM, type: 'perpetual'
          4) Perpetual KENDOUIMVC, expiration 9/25/2027 12:49:33 PM, type: 'perpetual'
          5) Perpetual KENDOUIREACT, expiration 9/25/2027 12:49:33 PM, type: 'perpetual'
          6) Perpetual KENDOUIVUE, expiration 9/25/2027 12:49:33 PM, type: 'perpetual'
          7) Perpetual MAUI, expiration 9/25/2027 12:49:33 PM, type: 'perpetual'
          8) Perpetual RCAJAX, expiration 9/25/2027 12:49:33 PM, type: 'perpetual'
          9) Perpetual RCWF, expiration 9/25/2027 12:49:33 PM, type: 'perpetual'
          10) Perpetual RCWPF, expiration 9/25/2027 12:49:33 PM, type: 'perpetual'
          11) Perpetual REPORTING, expiration 9/25/2027 12:49:33 PM, type: 'perpetual'
          12) Perpetual REPORTSERVER, expiration 9/25/2027 12:49:33 PM, type: 'perpetual'
          13) Perpetual UIASPCORE, expiration 9/25/2027 12:49:33 PM, type: 'perpetual'
          14) Perpetual UIXAM, expiration 2/19/2025 6:00:00 AM, type: 'perpetual'
          15) Perpetual WINUI, expiration 9/25/2027 12:49:33 PM, type: 'perpetual'
          16) Usage UserId: ab69b8b5-c84c-45ed-8228-81dac868c759, LicenseId: e7eaafda-87c7-42d6-9ce6-49a541b8c4ed, type: 'usage'

[2026-03-23 15:12:57.188] [Low]   License Resolution
        Messages
          - License OK for "Telerik UI for WinForms" (RCWF) 2026.1.210.462 @2026-02-10 - Perpetual, valid until 2027-09-25.
          - License OK for "Telerik Reporting" (REPORTING) 19.1.25.521 @2025-05-21 - Perpetual, valid until 2027-09-25.
          - License OK for "Telerik Document Processing Libraries" (DPL) 2026.1.210.462 @2026-02-10 - Perpetual for RCWF, valid until 2027-09-25.
        JWTs
          - eyJhbGciOiJSUzI1NiIsInR5cCI6IlRlbGVyaWsgTGljZW5zZSBFdmlkZW5jZSJ9.eyJjb2RlIjoiUkNXRiIsInR5cGUiOiJwZXJwZXR1YWwiLCJleHBpcmF0aW9uIjoxODIxODc2NTczLCJ1c2VySWQiOiJhYjY5YjhiNS1jODRjLTQ1ZWQtODIyOC04MWRhYzg2OGM3NTkiLCJsaWNlbnNlSWQiOiJlN2VhYWZkYS04N2M3LTQyZDYtOWNlNi00OWE1NDFiOGM0ZWQifQ.H8sxX5O2T3i22Uhy0PFV3YDo-lS1iHVocWX9Eu-82PheI3XbKMkEr7QiChWfuNwS9afgR7PMGy4_nx9HXRV5V9cRQ1zWvIkJsG2EbadPtKlygaAkCh-FXSRVflm3WITNHIAYfazZa26sHSnqBW_XRbH3o0GQkqVYkLlxLuLuKa4M7LlA1KtQZcVFhOH2oaXQoxfrkUMQxNFCz0JdI76T1YJNrAwxpXri8KUzfoDwKhY-IhN-bU25hJs19yGvWykTuZqrZ3lv603aQkaCaPnlF_tHROsmC7nbV4aaxaSHRF1PVD5lqsAhkA5OdGmqH8Kq9F5mhRXVVwYWf3WBcxZKkg
          - eyJhbGciOiJSUzI1NiIsInR5cCI6IlRlbGVyaWsgTGljZW5zZSBFdmlkZW5jZSJ9.eyJjb2RlIjoiUkVQT1JUSU5HIiwidHlwZSI6InBlcnBldHVhbCIsImV4cGlyYXRpb24iOjE4MjE4NzY1NzMsInVzZXJJZCI6ImFiNjliOGI1LWM4NGMtNDVlZC04MjI4LTgxZGFjODY4Yzc1OSIsImxpY2Vuc2VJZCI6ImU3ZWFhZmRhLTg3YzctNDJkNi05Y2U2LTQ5YTU0MWI4YzRlZCJ9.vMdezVVvhtRG-iThgXrXFDyr8L394y38spuHWK9Cyc_b9XZ2iHzEwyT9dLgOqBfvEQM3-GKFcOW6O4-_SSwoIjNhm9paVKSVEmeonMfEOgZjOXuqYFCrXmegYUefJNkHmL6P9cB0CPtA_PThVXqg_RGtCMGEoTW_ISG2ymjLnKXwuGf3uQoTxYWCmdBVMAeZHBlzpUh7aJ78fWmWbIvGf_jrykaFhCaWML2yJHyAjHIH1uzf088pGqdOeDvhBQsIva3Hg0KPLptC4ZqxkkVyYHFvvqFgwwkv8O3ex6Df238honjg-11aXIid1Ad6SSsrqEuKqHBUF__HbdhN0AvfLg
        Licenses
          - License OK for "Telerik UI for WinForms" (RCWF) 2026.1.210.462 @2026-02-10 - Perpetual, valid until 2027-09-25.
          - License OK for "Telerik Reporting" (REPORTING) 19.1.25.521 @2025-05-21 - Perpetual, valid until 2027-09-25.
          - License OK for "Telerik Document Processing Libraries" (DPL) 2026.1.210.462 @2026-02-10 - Perpetual for RCWF, valid until 2027-09-25.

[2026-03-23 15:12:57.192] [Low] OutputType: WinExe, ImportXamlTargets: True
[2026-03-23 15:12:57.206] [Low] 
      Call-Home Telerik Products (3 for )
      - "Telerik UI for WinForms" (RCWF) 2026.1.210
      - "DPL" (DPL) 2026.1.210
      - "Telerik Reporting" (REPORTING) 19.1.25

[2026-03-23 15:12:57.206] [Low] 
[2026-03-23 15:12:57.209] [Low] 
      Call-Home Telerik Features (0 for )

[2026-03-23 15:12:57.209] [Low] 
[2026-03-23 15:12:57.254] [Low]   Report Telerik.Licensing
        UserId: ab69b8b5-c84c-45ed-8228-81dac868c759
        LicenseId: e7eaafda-87c7-42d6-9ce6-49a541b8c4ed
        Products
        - LicenseUsed RCWF 2026.1.210.462 SKIPPED
        - LicenseUsed REPORTING 19.1.25.521 SKIPPED
        - LicenseUsed DPL 2026.1.210.462 SKIPPED
      Report finished in 00:00:00.0390438

[2026-03-23 15:12:57.256] [Low]   Sending Telemetry...
[2026-03-23 15:12:57.282] [Low]   Metrics done 00:00:00.0262299
[2026-03-23 15:12:57.284] [Normal] Resolve Telerik Products. Done (00:00:00.4582071) for 
[2026-03-23 15:28:56.769] [Normal] Resolve Telerik Products.
  MSBuildProjectName=2
  MSBuildProjectDirectory=\\FEAP1313L\Users\edward.barreras\source\repos\LIVE\MIA SRC\ERP
  MSBuildProjectExtension=.vbproj
  Language=VB
  OutputPath=bin\Debug\
  Platform=AnyCPU
  TargetFramework=
  TargetFrameworks=
  TargetFrameworkVersion=v4.8
  VisualStudioVersion=17.0
  UsingMicrosoftNETSdk=
  UsingMicrosoftNETSdkRazor=
  UsingMicrosoftNETSdkWeb=
  ImportXamlTargets=True
  OutputType=WinExe
  UseMaui=
  NuGetPackageRoot=

  PackageReferences
  ReferencePaths
  - BouncyCastle.Crypto.dll 1.8.3 at \\FEAP1313L\Users\edward.barreras\source\repos\LIVE\MIA SRC\packages\BouncyCastle.1.8.3.1\lib\BouncyCastle.Crypto.dll
  - BouncyCastle.Cryptography.dll 2.5.1 at \\FEAP1313L\Users\edward.barreras\source\repos\LIVE\MIA SRC\packages\BouncyCastle.Cryptography.2.5.1\lib\net461\BouncyCastle.Cryptography.dll
  - ClosedXML.dll 0.96.0 at \\FEAP1313L\Users\edward.barreras\source\repos\LIVE\MIA SRC\packages\ClosedXML.0.96.0\lib\net40\ClosedXML.dll
  - DocumentFormat.OpenXml.dll 2.16.0 at \\FEAP1313L\Users\edward.barreras\source\repos\LIVE\MIA SRC\packages\DocumentFormat.OpenXml.2.16.0\lib\net40\DocumentFormat.OpenXml.dll
  - ExcelNumberFormat.dll 1.1.0 at \\FEAP1313L\Users\edward.barreras\source\repos\LIVE\MIA SRC\packages\ExcelNumberFormat.1.1.0\lib\net20\ExcelNumberFormat.dll
  - FEAPNS.dll 1.0.0 at \\FEAP1313L\Users\edward.barreras\source\repos\LIVE\MIA SRC\ERP\bin\Debug\FEAPNS.dll
  - Gma.QrCodeNet.Encoding.dll 0.4.1 at \\FEAP1313L\Users\edward.barreras\source\repos\LIVE\MIA SRC\packages\Gma.QrCodeNet.0.4.1.2\lib\net40\Gma.QrCodeNet.Encoding.dll
  - Google.Protobuf.dll 3.30.0 at \\FEAP1313L\Users\edward.barreras\source\repos\LIVE\MIA SRC\packages\Google.Protobuf.3.30.0\lib\net45\Google.Protobuf.dll
  - K4os.Compression.LZ4.dll 1.3.8 at \\FEAP1313L\Users\edward.barreras\source\repos\LIVE\MIA SRC\packages\K4os.Compression.LZ4.1.3.8\lib\net462\K4os.Compression.LZ4.dll
  - K4os.Compression.LZ4.Streams.dll 1.3.8 at \\FEAP1313L\Users\edward.barreras\source\repos\LIVE\MIA SRC\packages\K4os.Compression.LZ4.Streams.1.3.8\lib\net462\K4os.Compression.LZ4.Streams.dll
  - K4os.Hash.xxHash.dll 1.0.8 at \\FEAP1313L\Users\edward.barreras\source\repos\LIVE\MIA SRC\packages\K4os.Hash.xxHash.1.0.8\lib\net462\K4os.Hash.xxHash.dll
  - MIA-Linq.dll 1.0.0 at \\FEAP1313L\Users\edward.barreras\source\repos\LIVE\MIA SRC\ERP\bin\Debug\MIA-Linq.dll
  - MIA-Report.dll 1.0.0 at \\FEAP1313L\Users\edward.barreras\source\repos\LIVE\MIA SRC\ERP\bin\Debug\MIA-Report.dll
  - Microsoft.Bcl.AsyncInterfaces.dll 5.0.0 at \\FEAP1313L\Users\edward.barreras\source\repos\LIVE\MIA SRC\packages\Microsoft.Bcl.AsyncInterfaces.5.0.0\lib\net461\Microsoft.Bcl.AsyncInterfaces.dll
  - Microsoft.CSharp.dll 4.8.3761 at C:\Program Files (x86)\Reference Assemblies\Microsoft\Framework\.NETFramework\v4.8\Microsoft.CSharp.dll
  - MySql.Data.dll 9.4.0 at \\FEAP1313L\Users\edward.barreras\source\repos\LIVE\MIA SRC\packages\MySql.Data.9.4.0\lib\net48\MySql.Data.dll
  - Newtonsoft.Json.dll 13.0.3 at \\FEAP1313L\Users\edward.barreras\source\repos\LIVE\MIA SRC\packages\Newtonsoft.Json.13.0.3\lib\net45\Newtonsoft.Json.dll
  - SRCDailyReportv2.dll 1.0.0 at \\FEAP1313L\Users\edward.barreras\source\repos\LIVE\MIA SRC\ERP\bin\Debug\SRCDailyReportv2.dll
  - System.Buffers.dll 4.6.28619 at \\FEAP1313L\Users\edward.barreras\source\repos\LIVE\MIA SRC\packages\System.Buffers.4.5.1\lib\net461\System.Buffers.dll
  - System.ComponentModel.DataAnnotations.dll 4.8.3761 at C:\Program Files (x86)\Reference Assemblies\Microsoft\Framework\.NETFramework\v4.8\System.ComponentModel.DataAnnotations.dll
  - System.ComponentModel.dll 4.8.3761 at C:\Program Files (x86)\Reference Assemblies\Microsoft\Framework\.NETFramework\v4.8\Facades\System.ComponentModel.dll
  - System.Configuration.ConfigurationManager.dll 8.0.0 at \\FEAP1313L\Users\edward.barreras\source\repos\LIVE\MIA SRC\packages\System.Configuration.ConfigurationManager.8.0.0\lib\net462\System.Configuration.ConfigurationManager.dll
  - System.Configuration.dll 4.8.3761 at C:\Program Files (x86)\Reference Assemblies\Microsoft\Framework\.NETFramework\v4.8\System.Configuration.dll
  - System.Configuration.Install.dll 4.8.3761 at C:\Program Files (x86)\Reference Assemblies\Microsoft\Framework\.NETFramework\v4.8\System.Configuration.Install.dll
  - System.Core.dll 4.8.3761 at C:\Program Files (x86)\Reference Assemblies\Microsoft\Framework\.NETFramework\v4.8\System.Core.dll
  - System.Data.DataSetExtensions.dll 4.8.3761 at C:\Program Files (x86)\Reference Assemblies\Microsoft\Framework\.NETFramework\v4.8\System.Data.DataSetExtensions.dll
  - System.Data.dll 4.8.3761 at C:\Program Files (x86)\Reference Assemblies\Microsoft\Framework\.NETFramework\v4.8\System.Data.dll
  - System.Data.OleDb.dll 9.0.2 at \\FEAP1313L\Users\edward.barreras\source\repos\LIVE\MIA SRC\packages\System.Data.OleDb.9.0.2\lib\net462\System.Data.OleDb.dll
  - System.Deployment.dll 4.8.3761 at C:\Program Files (x86)\Reference Assemblies\Microsoft\Framework\.NETFramework\v4.8\System.Deployment.dll
  - System.Diagnostics.DiagnosticSource.dll 8.0.4 at \\FEAP1313L\Users\edward.barreras\source\repos\LIVE\MIA SRC\packages\System.Diagnostics.DiagnosticSource.8.0.1\lib\net462\System.Diagnostics.DiagnosticSource.dll
  - System.dll 4.8.3761 at C:\Program Files (x86)\Reference Assemblies\Microsoft\Framework\.NETFramework\v4.8\System.dll
  - System.Drawing.Design.dll 4.8.3761 at C:\Program Files (x86)\Reference Assemblies\Microsoft\Framework\.NETFramework\v4.8\System.Drawing.Design.dll
  - System.Drawing.dll 4.8.3761 at C:\Program Files (x86)\Reference Assemblies\Microsoft\Framework\.NETFramework\v4.8\System.Drawing.dll
  - System.IO.Pipelines.dll 5.0.15 at \\FEAP1313L\Users\edward.barreras\source\repos\LIVE\MIA SRC\packages\System.IO.Pipelines.5.0.2\lib\net461\System.IO.Pipelines.dll
  - System.Management.dll 4.8.3761 at C:\Program Files (x86)\Reference Assemblies\Microsoft\Framework\.NETFramework\v4.8\System.Management.dll
  - System.Memory.dll 4.6.31308 at \\FEAP1313L\Users\edward.barreras\source\repos\LIVE\MIA SRC\packages\System.Memory.4.5.5\lib\net461\System.Memory.dll
  - System.Messaging.dll 4.8.3761 at C:\Program Files (x86)\Reference Assemblies\Microsoft\Framework\.NETFramework\v4.8\System.Messaging.dll
  - System.Net.Http.Formatting.dll 5.2.7 at C:\Program Files\Microsoft Visual Studio\2022\Community\Common7\IDE\PublicAssemblies\System.Net.Http.Formatting.dll
  - System.Numerics.dll 4.8.3761 at C:\Program Files (x86)\Reference Assemblies\Microsoft\Framework\.NETFramework\v4.8\System.Numerics.dll
  - System.Numerics.Vectors.dll 4.6.26515 at \\FEAP1313L\Users\edward.barreras\source\repos\LIVE\MIA SRC\packages\System.Numerics.Vectors.4.5.0\lib\net46\System.Numerics.Vectors.dll
  - System.Runtime.CompilerServices.Unsafe.dll 6.1.0 at \\FEAP1313L\Users\edward.barreras\source\repos\LIVE\MIA SRC\packages\System.Runtime.CompilerServices.Unsafe.6.1.0\lib\net462\System.Runtime.CompilerServices.Unsafe.dll
  - System.Threading.Tasks.Extensions.dll 4.6.0 at \\FEAP1313L\Users\edward.barreras\source\repos\LIVE\MIA SRC\packages\System.Threading.Tasks.Extensions.4.6.0\lib\net462\System.Threading.Tasks.Extensions.dll
  - System.Transactions.dll 4.8.3761 at C:\Program Files (x86)\Reference Assemblies\Microsoft\Framework\.NETFramework\v4.8\System.Transactions.dll
  - System.Web.Extensions.dll 4.8.3761 at C:\Program Files (x86)\Reference Assemblies\Microsoft\Framework\.NETFramework\v4.8\System.Web.Extensions.dll
  - System.Windows.Forms.dll 4.8.3761 at C:\Program Files (x86)\Reference Assemblies\Microsoft\Framework\.NETFramework\v4.8\System.Windows.Forms.dll
  - System.Xml.dll 4.8.3761 at C:\Program Files (x86)\Reference Assemblies\Microsoft\Framework\.NETFramework\v4.8\System.Xml.dll
  - System.Xml.Linq.dll 4.8.3761 at C:\Program Files (x86)\Reference Assemblies\Microsoft\Framework\.NETFramework\v4.8\System.Xml.Linq.dll
  - Telerik.Documents.SpreadsheetStreaming.dll 2026.1.210 at \\FEAP1313L\Users\edward.barreras\source\repos\LIVE\MIA SRC\lib\RCWF\2026.1.210.462\Telerik.Documents.SpreadsheetStreaming.dll
  - Telerik.Licensing.Runtime.dll 1.8.2 at \\FEAP1313L\Users\edward.barreras\source\repos\LIVE\MIA SRC\packages\Telerik.Licensing.1.8.2\lib\net462\Telerik.Licensing.Runtime.dll
  - Telerik.Reporting.dll 19.1.25 at \\FEAP1313L\Users\edward.barreras\source\repos\LIVE\MIA SRC\ERP\bin\Debug\Telerik.Reporting.dll
  - Telerik.Reporting.Services.HttpClient.dll 19.1.25 at \\FEAP1313L\Users\edward.barreras\source\repos\LIVE\MIA SRC\ERP\bin\Debug\Telerik.Reporting.Services.HttpClient.dll
  - Telerik.Reporting.Services.ServiceStack.dll 19.1.25 at \\FEAP1313L\Users\edward.barreras\source\repos\LIVE\MIA SRC\ERP\bin\Debug\Telerik.Reporting.Services.ServiceStack.dll
  - Telerik.ReportViewer.WinForms.dll 19.1.25 at \\FEAP1313L\Users\edward.barreras\source\repos\LIVE\MIA SRC\ERP\bin\Debug\Telerik.ReportViewer.WinForms.dll
  - Telerik.ReportViewer.Wpf.dll 19.1.25 at \\FEAP1313L\Users\edward.barreras\source\repos\LIVE\MIA SRC\ERP\bin\Debug\Telerik.ReportViewer.Wpf.dll
  - Telerik.WinControls.dll 2026.1.210 at \\FEAP1313L\Users\edward.barreras\source\repos\LIVE\MIA SRC\lib\RCWF\2026.1.210.462\Telerik.WinControls.dll
  - Telerik.WinControls.GridView.dll 2026.1.210 at \\FEAP1313L\Users\edward.barreras\source\repos\LIVE\MIA SRC\lib\RCWF\2026.1.210.462\Telerik.WinControls.GridView.dll
  - Telerik.WinControls.RadDock.dll 2026.1.210 at \\FEAP1313L\Users\edward.barreras\source\repos\LIVE\MIA SRC\lib\RCWF\2026.1.210.462\Telerik.WinControls.RadDock.dll
  - Telerik.WinControls.Themes.Aqua.dll 2026.1.210 at \\FEAP1313L\Users\edward.barreras\source\repos\LIVE\MIA SRC\lib\RCWF\2026.1.210.462\Telerik.WinControls.Themes.Aqua.dll
  - Telerik.WinControls.Themes.Breeze.dll 2026.1.210 at \\FEAP1313L\Users\edward.barreras\source\repos\LIVE\MIA SRC\lib\RCWF\2026.1.210.462\Telerik.WinControls.Themes.Breeze.dll
  - Telerik.WinControls.Themes.Crystal.dll 2026.1.210 at \\FEAP1313L\Users\edward.barreras\source\repos\LIVE\MIA SRC\lib\RCWF\2026.1.210.462\Telerik.WinControls.Themes.Crystal.dll
  - Telerik.WinControls.Themes.CrystalDark.dll 2026.1.210 at \\FEAP1313L\Users\edward.barreras\source\repos\LIVE\MIA SRC\lib\RCWF\2026.1.210.462\Telerik.WinControls.Themes.CrystalDark.dll
  - Telerik.WinControls.Themes.Desert.dll 2026.1.210 at \\FEAP1313L\Users\edward.barreras\source\repos\LIVE\MIA SRC\lib\RCWF\2026.1.210.462\Telerik.WinControls.Themes.Desert.dll
  - Telerik.WinControls.Themes.Fluent.dll 2026.1.210 at \\FEAP1313L\Users\edward.barreras\source\repos\LIVE\MIA SRC\lib\RCWF\2026.1.210.462\Telerik.WinControls.Themes.Fluent.dll
  - Telerik.WinControls.Themes.FluentDark.dll 2026.1.210 at \\FEAP1313L\Users\edward.barreras\source\repos\LIVE\MIA SRC\lib\RCWF\2026.1.210.462\Telerik.WinControls.Themes.FluentDark.dll
  - Telerik.WinControls.Themes.HighContrastBlack.dll 2026.1.210 at \\FEAP1313L\Users\edward.barreras\source\repos\LIVE\MIA SRC\lib\RCWF\2026.1.210.462\Telerik.WinControls.Themes.HighContrastBlack.dll
  - Telerik.WinControls.Themes.Material.dll 2026.1.210 at \\FEAP1313L\Users\edward.barreras\source\repos\LIVE\MIA SRC\lib\RCWF\2026.1.210.462\Telerik.WinControls.Themes.Material.dll
  - Telerik.WinControls.Themes.MaterialBlueGrey.dll 2026.1.210 at \\FEAP1313L\Users\edward.barreras\source\repos\LIVE\MIA SRC\lib\RCWF\2026.1.210.462\Telerik.WinControls.Themes.MaterialBlueGrey.dll
  - Telerik.WinControls.Themes.MaterialPink.dll 2026.1.210 at \\FEAP1313L\Users\edward.barreras\source\repos\LIVE\MIA SRC\lib\RCWF\2026.1.210.462\Telerik.WinControls.Themes.MaterialPink.dll
  - Telerik.WinControls.Themes.MaterialTeal.dll 2026.1.210 at \\FEAP1313L\Users\edward.barreras\source\repos\LIVE\MIA SRC\lib\RCWF\2026.1.210.462\Telerik.WinControls.Themes.MaterialTeal.dll
  - Telerik.WinControls.Themes.Office2007Black.dll 2026.1.210 at \\FEAP1313L\Users\edward.barreras\source\repos\LIVE\MIA SRC\lib\RCWF\2026.1.210.462\Telerik.WinControls.Themes.Office2007Black.dll
  - Telerik.WinControls.Themes.Office2010Black.dll 2026.1.210 at \\FEAP1313L\Users\edward.barreras\source\repos\LIVE\MIA SRC\lib\RCWF\2026.1.210.462\Telerik.WinControls.Themes.Office2010Black.dll
  - Telerik.WinControls.Themes.Office2010Blue.dll 2026.1.210 at \\FEAP1313L\Users\edward.barreras\source\repos\LIVE\MIA SRC\lib\RCWF\2026.1.210.462\Telerik.WinControls.Themes.Office2010Blue.dll
  - Telerik.WinControls.Themes.Office2010Silver.dll 2026.1.210 at \\FEAP1313L\Users\edward.barreras\source\repos\LIVE\MIA SRC\lib\RCWF\2026.1.210.462\Telerik.WinControls.Themes.Office2010Silver.dll
  - Telerik.WinControls.Themes.Office2013Dark.dll 2026.1.210 at \\FEAP1313L\Users\edward.barreras\source\repos\LIVE\MIA SRC\lib\RCWF\2026.1.210.462\Telerik.WinControls.Themes.Office2013Dark.dll
  - Telerik.WinControls.Themes.Office2013Light.dll 2026.1.210 at \\FEAP1313L\Users\edward.barreras\source\repos\LIVE\MIA SRC\lib\RCWF\2026.1.210.462\Telerik.WinControls.Themes.Office2013Light.dll
  - Telerik.WinControls.Themes.TelerikMetroBlue.dll 2026.1.210 at \\FEAP1313L\Users\edward.barreras\source\repos\LIVE\MIA SRC\lib\RCWF\2026.1.210.462\Telerik.WinControls.Themes.TelerikMetroBlue.dll
  - Telerik.WinControls.Themes.VisualStudio2012Dark.dll 2026.1.210 at \\FEAP1313L\Users\edward.barreras\source\repos\LIVE\MIA SRC\lib\RCWF\2026.1.210.462\Telerik.WinControls.Themes.VisualStudio2012Dark.dll
  - Telerik.WinControls.Themes.VisualStudio2012Light.dll 2026.1.210 at \\FEAP1313L\Users\edward.barreras\source\repos\LIVE\MIA SRC\lib\RCWF\2026.1.210.462\Telerik.WinControls.Themes.VisualStudio2012Light.dll
  - Telerik.WinControls.Themes.Windows7.dll 2026.1.210 at \\FEAP1313L\Users\edward.barreras\source\repos\LIVE\MIA SRC\lib\RCWF\2026.1.210.462\Telerik.WinControls.Themes.Windows7.dll
  - Telerik.WinControls.Themes.Windows8.dll 2026.1.210 at \\FEAP1313L\Users\edward.barreras\source\repos\LIVE\MIA SRC\lib\RCWF\2026.1.210.462\Telerik.WinControls.Themes.Windows8.dll
  - Telerik.WinControls.UI.dll 2026.1.210 at \\FEAP1313L\Users\edward.barreras\source\repos\LIVE\MIA SRC\lib\RCWF\2026.1.210.462\Telerik.WinControls.UI.dll
  - Telerik.Windows.Documents.Core.dll 2026.1.210 at \\FEAP1313L\Users\edward.barreras\source\repos\LIVE\MIA SRC\lib\RCWF\2026.1.210.462\Telerik.Windows.Documents.Core.dll
  - Telerik.Windows.Documents.Fixed.dll 2026.1.210 at \\FEAP1313L\Users\edward.barreras\source\repos\LIVE\MIA SRC\lib\RCWF\2026.1.210.462\Telerik.Windows.Documents.Fixed.dll
  - Telerik.Windows.Documents.Spreadsheet.dll 2026.1.210 at \\FEAP1313L\Users\edward.barreras\source\repos\LIVE\MIA SRC\lib\RCWF\2026.1.210.462\Telerik.Windows.Documents.Spreadsheet.dll
  - Telerik.Windows.Documents.Spreadsheet.FormatProviders.OpenXml.dll 2026.1.210 at \\FEAP1313L\Users\edward.barreras\source\repos\LIVE\MIA SRC\lib\RCWF\2026.1.210.462\Telerik.Windows.Documents.Spreadsheet.FormatProviders.OpenXml.dll
  - Telerik.Windows.Documents.Spreadsheet.FormatProviders.Pdf.dll 2026.1.210 at \\FEAP1313L\Users\edward.barreras\source\repos\LIVE\MIA SRC\lib\RCWF\2026.1.210.462\Telerik.Windows.Documents.Spreadsheet.FormatProviders.Pdf.dll
  - Telerik.Windows.Documents.Spreadsheet.FormatProviders.Xls.dll 2026.1.210 at \\FEAP1313L\Users\edward.barreras\source\repos\LIVE\MIA SRC\lib\RCWF\2026.1.210.462\Telerik.Windows.Documents.Spreadsheet.FormatProviders.Xls.dll
  - Telerik.Windows.Zip.dll 2026.1.210 at \\FEAP1313L\Users\edward.barreras\source\repos\LIVE\MIA SRC\lib\RCWF\2026.1.210.462\Telerik.Windows.Zip.dll
  - TelerikCommon.dll 2026.1.210 at \\FEAP1313L\Users\edward.barreras\source\repos\LIVE\MIA SRC\lib\RCWF\2026.1.210.462\TelerikCommon.dll
  - TelerikExport.dll 2026.1.210 at \\FEAP1313L\Users\edward.barreras\source\repos\LIVE\MIA SRC\lib\RCWF\2026.1.210.462\TelerikExport.dll
  - Ubiety.Dns.Core.dll 2.2.1 at \\FEAP1313L\Users\edward.barreras\source\repos\LIVE\MIA SRC\ERP\bin\Debug\Ubiety.Dns.Core.dll
  - WindowsBase.dll 4.8.3761 at C:\Program Files (x86)\Reference Assemblies\Microsoft\Framework\.NETFramework\v4.8\WindowsBase.dll
  - ZstdSharp.dll 0.8.5 at \\FEAP1313L\Users\edward.barreras\source\repos\LIVE\MIA SRC\packages\ZstdSharp.Port.0.8.5\lib\net462\ZstdSharp.dll
  MachineId=2xQjveFWQf4bUNzPt3x/SIfuym0=

[2026-03-23 15:28:56.882] [Low]   Looking for Telerik product metadata in referenced assemblies
      - \\FEAP1313L\Users\edward.barreras\source\repos\LIVE\MIA SRC\lib\RCWF\2026.1.210.462\Telerik.Documents.SpreadsheetStreaming.dll
        ProductCode: DPL, LicenseDate: 2026-02-10, Redistributed By: RCWPF, RCWF, MAUI, UIXAM, WINUI, RCAJAX, KENDOUIMVC, UIASPCORE, BLAZOR, ProductName: Telerik Document Processing Libraries, ProductVersion: 2026.1.210.462, Flags: None
      - \\FEAP1313L\Users\edward.barreras\source\repos\LIVE\MIA SRC\ERP\bin\Debug\Telerik.Reporting.dll
        ProductCode: REPORTING, LicenseDate: 2025-05-21, ProductName: Telerik Reporting, ProductVersion: 19.1.25.521, Flags: None
      - \\FEAP1313L\Users\edward.barreras\source\repos\LIVE\MIA SRC\lib\RCWF\2026.1.210.462\Telerik.WinControls.dll
        ProductCode: RCWF, LicenseDate: 2026-02-10, ProductName: Telerik UI for WinForms, ProductVersion: 2026.1.210.462, Flags: None
      - \\FEAP1313L\Users\edward.barreras\source\repos\LIVE\MIA SRC\lib\RCWF\2026.1.210.462\Telerik.WinControls.GridView.dll
        ProductCode: RCWF, LicenseDate: 2026-02-10, ProductName: Telerik UI for WinForms, ProductVersion: 2026.1.210.462, Flags: None
      - \\FEAP1313L\Users\edward.barreras\source\repos\LIVE\MIA SRC\lib\RCWF\2026.1.210.462\Telerik.WinControls.RadDock.dll
        ProductCode: RCWF, LicenseDate: 2026-02-10, ProductName: Telerik UI for WinForms, ProductVersion: 2026.1.210.462, Flags: None
      - \\FEAP1313L\Users\edward.barreras\source\repos\LIVE\MIA SRC\lib\RCWF\2026.1.210.462\Telerik.WinControls.Themes.Aqua.dll
        ProductCode: RCWF, LicenseDate: 2026-02-10, ProductName: Telerik UI for WinForms, ProductVersion: 2026.1.210.462, Flags: None
      - \\FEAP1313L\Users\edward.barreras\source\repos\LIVE\MIA SRC\lib\RCWF\2026.1.210.462\Telerik.WinControls.Themes.Breeze.dll
        ProductCode: RCWF, LicenseDate: 2026-02-10, ProductName: Telerik UI for WinForms, ProductVersion: 2026.1.210.462, Flags: None
      - \\FEAP1313L\Users\edward.barreras\source\repos\LIVE\MIA SRC\lib\RCWF\2026.1.210.462\Telerik.WinControls.Themes.Crystal.dll
        ProductCode: RCWF, LicenseDate: 2026-02-10, ProductName: Telerik UI for WinForms, ProductVersion: 2026.1.210.462, Flags: None
      - \\FEAP1313L\Users\edward.barreras\source\repos\LIVE\MIA SRC\lib\RCWF\2026.1.210.462\Telerik.WinControls.Themes.CrystalDark.dll
        ProductCode: RCWF, LicenseDate: 2026-02-10, ProductName: Telerik UI for WinForms, ProductVersion: 2026.1.210.462, Flags: None
      - \\FEAP1313L\Users\edward.barreras\source\repos\LIVE\MIA SRC\lib\RCWF\2026.1.210.462\Telerik.WinControls.Themes.Desert.dll
        ProductCode: RCWF, LicenseDate: 2026-02-10, ProductName: Telerik UI for WinForms, ProductVersion: 2026.1.210.462, Flags: None
      - \\FEAP1313L\Users\edward.barreras\source\repos\LIVE\MIA SRC\lib\RCWF\2026.1.210.462\Telerik.WinControls.Themes.Fluent.dll
        ProductCode: RCWF, LicenseDate: 2026-02-10, ProductName: Telerik UI for WinForms, ProductVersion: 2026.1.210.462, Flags: None
      - \\FEAP1313L\Users\edward.barreras\source\repos\LIVE\MIA SRC\lib\RCWF\2026.1.210.462\Telerik.WinControls.Themes.FluentDark.dll
        ProductCode: RCWF, LicenseDate: 2026-02-10, ProductName: Telerik UI for WinForms, ProductVersion: 2026.1.210.462, Flags: None
      - \\FEAP1313L\Users\edward.barreras\source\repos\LIVE\MIA SRC\lib\RCWF\2026.1.210.462\Telerik.WinControls.Themes.HighContrastBlack.dll
        ProductCode: RCWF, LicenseDate: 2026-02-10, ProductName: Telerik UI for WinForms, ProductVersion: 2026.1.210.462, Flags: None
      - \\FEAP1313L\Users\edward.barreras\source\repos\LIVE\MIA SRC\lib\RCWF\2026.1.210.462\Telerik.WinControls.Themes.Material.dll
        ProductCode: RCWF, LicenseDate: 2026-02-10, ProductName: Telerik UI for WinForms, ProductVersion: 2026.1.210.462, Flags: None
      - \\FEAP1313L\Users\edward.barreras\source\repos\LIVE\MIA SRC\lib\RCWF\2026.1.210.462\Telerik.WinControls.Themes.MaterialBlueGrey.dll
        ProductCode: RCWF, LicenseDate: 2026-02-10, ProductName: Telerik UI for WinForms, ProductVersion: 2026.1.210.462, Flags: None
      - \\FEAP1313L\Users\edward.barreras\source\repos\LIVE\MIA SRC\lib\RCWF\2026.1.210.462\Telerik.WinControls.Themes.MaterialPink.dll
        ProductCode: RCWF, LicenseDate: 2026-02-10, ProductName: Telerik UI for WinForms, ProductVersion: 2026.1.210.462, Flags: None
      - \\FEAP1313L\Users\edward.barreras\source\repos\LIVE\MIA SRC\lib\RCWF\2026.1.210.462\Telerik.WinControls.Themes.MaterialTeal.dll
        ProductCode: RCWF, LicenseDate: 2026-02-10, ProductName: Telerik UI for WinForms, ProductVersion: 2026.1.210.462, Flags: None
      - \\FEAP1313L\Users\edward.barreras\source\repos\LIVE\MIA SRC\lib\RCWF\2026.1.210.462\Telerik.WinControls.Themes.Office2007Black.dll
        ProductCode: RCWF, LicenseDate: 2026-02-10, ProductName: Telerik UI for WinForms, ProductVersion: 2026.1.210.462, Flags: None
      - \\FEAP1313L\Users\edward.barreras\source\repos\LIVE\MIA SRC\lib\RCWF\2026.1.210.462\Telerik.WinControls.Themes.Office2010Black.dll
        ProductCode: RCWF, LicenseDate: 2026-02-10, ProductName: Telerik UI for WinForms, ProductVersion: 2026.1.210.462, Flags: None
      - \\FEAP1313L\Users\edward.barreras\source\repos\LIVE\MIA SRC\lib\RCWF\2026.1.210.462\Telerik.WinControls.Themes.Office2010Blue.dll
        ProductCode: RCWF, LicenseDate: 2026-02-10, ProductName: Telerik UI for WinForms, ProductVersion: 2026.1.210.462, Flags: None
      - \\FEAP1313L\Users\edward.barreras\source\repos\LIVE\MIA SRC\lib\RCWF\2026.1.210.462\Telerik.WinControls.Themes.Office2010Silver.dll
        ProductCode: RCWF, LicenseDate: 2026-02-10, ProductName: Telerik UI for WinForms, ProductVersion: 2026.1.210.462, Flags: None
      - \\FEAP1313L\Users\edward.barreras\source\repos\LIVE\MIA SRC\lib\RCWF\2026.1.210.462\Telerik.WinControls.Themes.Office2013Dark.dll
        ProductCode: RCWF, LicenseDate: 2026-02-10, ProductName: Telerik UI for WinForms, ProductVersion: 2026.1.210.462, Flags: None
      - \\FEAP1313L\Users\edward.barreras\source\repos\LIVE\MIA SRC\lib\RCWF\2026.1.210.462\Telerik.WinControls.Themes.Office2013Light.dll
        ProductCode: RCWF, LicenseDate: 2026-02-10, ProductName: Telerik UI for WinForms, ProductVersion: 2026.1.210.462, Flags: None
      - \\FEAP1313L\Users\edward.barreras\source\repos\LIVE\MIA SRC\lib\RCWF\2026.1.210.462\Telerik.WinControls.Themes.TelerikMetroBlue.dll
        ProductCode: RCWF, LicenseDate: 2026-02-10, ProductName: Telerik UI for WinForms, ProductVersion: 2026.1.210.462, Flags: None
      - \\FEAP1313L\Users\edward.barreras\source\repos\LIVE\MIA SRC\lib\RCWF\2026.1.210.462\Telerik.WinControls.Themes.VisualStudio2012Dark.dll
        ProductCode: RCWF, LicenseDate: 2026-02-10, ProductName: Telerik UI for WinForms, ProductVersion: 2026.1.210.462, Flags: None
      - \\FEAP1313L\Users\edward.barreras\source\repos\LIVE\MIA SRC\lib\RCWF\2026.1.210.462\Telerik.WinControls.Themes.VisualStudio2012Light.dll
        ProductCode: RCWF, LicenseDate: 2026-02-10, ProductName: Telerik UI for WinForms, ProductVersion: 2026.1.210.462, Flags: None
      - \\FEAP1313L\Users\edward.barreras\source\repos\LIVE\MIA SRC\lib\RCWF\2026.1.210.462\Telerik.WinControls.Themes.Windows7.dll
        ProductCode: RCWF, LicenseDate: 2026-02-10, ProductName: Telerik UI for WinForms, ProductVersion: 2026.1.210.462, Flags: None
      - \\FEAP1313L\Users\edward.barreras\source\repos\LIVE\MIA SRC\lib\RCWF\2026.1.210.462\Telerik.WinControls.Themes.Windows8.dll
        ProductCode: RCWF, LicenseDate: 2026-02-10, ProductName: Telerik UI for WinForms, ProductVersion: 2026.1.210.462, Flags: None
      - \\FEAP1313L\Users\edward.barreras\source\repos\LIVE\MIA SRC\lib\RCWF\2026.1.210.462\Telerik.WinControls.UI.dll
        ProductCode: RCWF, LicenseDate: 2026-02-10, ProductName: Telerik UI for WinForms, ProductVersion: 2026.1.210.462, Flags: None
      - \\FEAP1313L\Users\edward.barreras\source\repos\LIVE\MIA SRC\lib\RCWF\2026.1.210.462\Telerik.Windows.Documents.Core.dll
        ProductCode: DPL, LicenseDate: 2026-02-10, Redistributed By: RCWPF, RCWF, MAUI, UIXAM, WINUI, RCAJAX, KENDOUIMVC, UIASPCORE, BLAZOR, ProductName: Telerik Document Processing Libraries, ProductVersion: 2026.1.210.462, Flags: None
      - \\FEAP1313L\Users\edward.barreras\source\repos\LIVE\MIA SRC\lib\RCWF\2026.1.210.462\Telerik.Windows.Documents.Fixed.dll
        ProductCode: DPL, LicenseDate: 2026-02-10, Redistributed By: RCWPF, RCWF, MAUI, UIXAM, WINUI, RCAJAX, KENDOUIMVC, UIASPCORE, BLAZOR, ProductName: Telerik Document Processing Libraries, ProductVersion: 2026.1.210.462, Flags: None
      - \\FEAP1313L\Users\edward.barreras\source\repos\LIVE\MIA SRC\lib\RCWF\2026.1.210.462\Telerik.Windows.Documents.Spreadsheet.dll
        ProductCode: DPL, LicenseDate: 2026-02-10, Redistributed By: RCWPF, RCWF, MAUI, UIXAM, WINUI, RCAJAX, KENDOUIMVC, UIASPCORE, BLAZOR, ProductName: Telerik Document Processing Libraries, ProductVersion: 2026.1.210.462, Flags: None
      - \\FEAP1313L\Users\edward.barreras\source\repos\LIVE\MIA SRC\lib\RCWF\2026.1.210.462\Telerik.Windows.Documents.Spreadsheet.FormatProviders.Pdf.dll
        ProductCode: DPL, LicenseDate: 2026-02-10, Redistributed By: RCWPF, RCWF, MAUI, UIXAM, WINUI, RCAJAX, KENDOUIMVC, UIASPCORE, BLAZOR, ProductName: Telerik Document Processing Libraries, ProductVersion: 2026.1.210.462, Flags: None
      - \\FEAP1313L\Users\edward.barreras\source\repos\LIVE\MIA SRC\lib\RCWF\2026.1.210.462\Telerik.Windows.Documents.Spreadsheet.FormatProviders.Xls.dll
        ProductCode: DPL, LicenseDate: 2026-02-10, Redistributed By: RCWPF, RCWF, MAUI, UIXAM, WINUI, RCAJAX, KENDOUIMVC, UIASPCORE, BLAZOR, ProductName: Telerik Document Processing Libraries, ProductVersion: 2026.1.210.462, Flags: None
      - \\FEAP1313L\Users\edward.barreras\source\repos\LIVE\MIA SRC\lib\RCWF\2026.1.210.462\Telerik.Windows.Zip.dll
        ProductCode: DPL, LicenseDate: 2026-02-10, Redistributed By: RCWPF, RCWF, MAUI, UIXAM, WINUI, RCAJAX, KENDOUIMVC, UIASPCORE, BLAZOR, ProductName: Telerik Document Processing Libraries, ProductVersion: 2026.1.210.462, Flags: None
      - \\FEAP1313L\Users\edward.barreras\source\repos\LIVE\MIA SRC\lib\RCWF\2026.1.210.462\TelerikCommon.dll
        ProductCode: RCWF, LicenseDate: 2026-02-10, ProductName: Telerik UI for WinForms, ProductVersion: 2026.1.210.462, Flags: None
      - \\FEAP1313L\Users\edward.barreras\source\repos\LIVE\MIA SRC\lib\RCWF\2026.1.210.462\TelerikExport.dll
        ProductCode: RCWF, LicenseDate: 2026-02-10, ProductName: Telerik UI for WinForms, ProductVersion: 2026.1.210.462, Flags: None
      Unique Products:
      - "Telerik Document Processing Libraries" (DPL) 2026.1.210.462 @2026-02-10
      - "Telerik UI for WinForms" (RCWF) 2026.1.210.462 @2026-02-10
      - "Telerik Reporting" (REPORTING) 19.1.25.521 @2025-05-21
      Found a total of 3 referenced Telerik products for 

[2026-03-23 15:28:56.918] [Low]   Provision Licensing
        Looking up license file...
        - EnvironmentVariablePath: TELERIK_LICENSE_PATH (NotAvailable)
        - EnvironmentVariable: TELERIK_LICENSE (NotAvailable)
        - EnvironmentVariable: KENDO_UI_LICENSE (NotAvailable)
        - RecursiveFilePath: \\FEAP1313L\Users\edward.barreras\source\repos\LIVE\MIA SRC\ERP\telerik-license.txt (NotAvailable)
        - RecursiveFilePath: \\FEAP1313L\Users\edward.barreras\source\repos\LIVE\MIA SRC\ERP\kendo-ui-license.txt (NotAvailable)
        - RecursiveFilePath: \\FEAP1313L\Users\edward.barreras\source\repos\LIVE\MIA SRC\telerik-license.txt (LicenseFound)
        - RecursiveFilePath: \\FEAP1313L\Users\edward.barreras\source\repos\LIVE\MIA SRC\kendo-ui-license.txt (Skip)
        - RecursiveFilePath: \\FEAP1313L\Users\edward.barreras\source\repos\LIVE\telerik-license.txt (Skip)
        - RecursiveFilePath: \\FEAP1313L\Users\edward.barreras\source\repos\LIVE\kendo-ui-license.txt (Skip)
        - RecursiveFilePath: \\FEAP1313L\Users\edward.barreras\source\repos\telerik-license.txt (Skip)
        - RecursiveFilePath: \\FEAP1313L\Users\edward.barreras\source\repos\kendo-ui-license.txt (Skip)
        - RecursiveFilePath: \\FEAP1313L\Users\edward.barreras\source\telerik-license.txt (Skip)
        - RecursiveFilePath: \\FEAP1313L\Users\edward.barreras\source\kendo-ui-license.txt (Skip)
        - RecursiveFilePath: \\FEAP1313L\Users\edward.barreras\telerik-license.txt (Skip)
        - RecursiveFilePath: \\FEAP1313L\Users\edward.barreras\kendo-ui-license.txt (Skip)
        - RecursiveFilePath: \\FEAP1313L\Users\telerik-license.txt (Skip)
        - RecursiveFilePath: \\FEAP1313L\Users\kendo-ui-license.txt (Skip)
        - UserDirectory: C:\Users\edward.barreras\AppData\Roaming\Telerik\telerik-license.txt (Skip)
        - UserDirectory: C:\Users\edward.barreras\AppData\Roaming\Telerik\kendo-ui-license.txt (Skip)
        LicenseKey
        - AUD: f***.m**@f***************.com
        - UsedId: ab69b8b5-c84c-45ed-8228-81dac868c759
        - LicenseId: e7eaafda-87c7-42d6-9ce6-49a541b8c4ed
        - IssuedAt: 1/20/2026 6:35:06 AM
        - Licenses
          0) Perpetual BLAZOR, expiration 9/25/2027 12:49:33 PM, type: 'perpetual'
          1) Perpetual JM, expiration 9/25/2027 12:49:33 PM, type: 'perpetual'
          2) Perpetual KENDOUIANGULAR, expiration 9/25/2027 12:49:33 PM, type: 'perpetual'
          3) Perpetual KENDOUICOMPLETE, expiration 9/25/2027 12:49:33 PM, type: 'perpetual'
          4) Perpetual KENDOUIMVC, expiration 9/25/2027 12:49:33 PM, type: 'perpetual'
          5) Perpetual KENDOUIREACT, expiration 9/25/2027 12:49:33 PM, type: 'perpetual'
          6) Perpetual KENDOUIVUE, expiration 9/25/2027 12:49:33 PM, type: 'perpetual'
          7) Perpetual MAUI, expiration 9/25/2027 12:49:33 PM, type: 'perpetual'
          8) Perpetual RCAJAX, expiration 9/25/2027 12:49:33 PM, type: 'perpetual'
          9) Perpetual RCWF, expiration 9/25/2027 12:49:33 PM, type: 'perpetual'
          10) Perpetual RCWPF, expiration 9/25/2027 12:49:33 PM, type: 'perpetual'
          11) Perpetual REPORTING, expiration 9/25/2027 12:49:33 PM, type: 'perpetual'
          12) Perpetual REPORTSERVER, expiration 9/25/2027 12:49:33 PM, type: 'perpetual'
          13) Perpetual UIASPCORE, expiration 9/25/2027 12:49:33 PM, type: 'perpetual'
          14) Perpetual UIXAM, expiration 2/19/2025 6:00:00 AM, type: 'perpetual'
          15) Perpetual WINUI, expiration 9/25/2027 12:49:33 PM, type: 'perpetual'
          16) Usage UserId: ab69b8b5-c84c-45ed-8228-81dac868c759, LicenseId: e7eaafda-87c7-42d6-9ce6-49a541b8c4ed, type: 'usage'

[2026-03-23 15:28:56.927] [Low]   License Resolution
        Messages
          - License OK for "Telerik UI for WinForms" (RCWF) 2026.1.210.462 @2026-02-10 - Perpetual, valid until 2027-09-25.
          - License OK for "Telerik Reporting" (REPORTING) 19.1.25.521 @2025-05-21 - Perpetual, valid until 2027-09-25.
          - License OK for "Telerik Document Processing Libraries" (DPL) 2026.1.210.462 @2026-02-10 - Perpetual for RCWF, valid until 2027-09-25.
        JWTs
          - eyJhbGciOiJSUzI1NiIsInR5cCI6IlRlbGVyaWsgTGljZW5zZSBFdmlkZW5jZSJ9.eyJjb2RlIjoiUkNXRiIsInR5cGUiOiJwZXJwZXR1YWwiLCJleHBpcmF0aW9uIjoxODIxODc2NTczLCJ1c2VySWQiOiJhYjY5YjhiNS1jODRjLTQ1ZWQtODIyOC04MWRhYzg2OGM3NTkiLCJsaWNlbnNlSWQiOiJlN2VhYWZkYS04N2M3LTQyZDYtOWNlNi00OWE1NDFiOGM0ZWQifQ.H8sxX5O2T3i22Uhy0PFV3YDo-lS1iHVocWX9Eu-82PheI3XbKMkEr7QiChWfuNwS9afgR7PMGy4_nx9HXRV5V9cRQ1zWvIkJsG2EbadPtKlygaAkCh-FXSRVflm3WITNHIAYfazZa26sHSnqBW_XRbH3o0GQkqVYkLlxLuLuKa4M7LlA1KtQZcVFhOH2oaXQoxfrkUMQxNFCz0JdI76T1YJNrAwxpXri8KUzfoDwKhY-IhN-bU25hJs19yGvWykTuZqrZ3lv603aQkaCaPnlF_tHROsmC7nbV4aaxaSHRF1PVD5lqsAhkA5OdGmqH8Kq9F5mhRXVVwYWf3WBcxZKkg
          - eyJhbGciOiJSUzI1NiIsInR5cCI6IlRlbGVyaWsgTGljZW5zZSBFdmlkZW5jZSJ9.eyJjb2RlIjoiUkVQT1JUSU5HIiwidHlwZSI6InBlcnBldHVhbCIsImV4cGlyYXRpb24iOjE4MjE4NzY1NzMsInVzZXJJZCI6ImFiNjliOGI1LWM4NGMtNDVlZC04MjI4LTgxZGFjODY4Yzc1OSIsImxpY2Vuc2VJZCI6ImU3ZWFhZmRhLTg3YzctNDJkNi05Y2U2LTQ5YTU0MWI4YzRlZCJ9.vMdezVVvhtRG-iThgXrXFDyr8L394y38spuHWK9Cyc_b9XZ2iHzEwyT9dLgOqBfvEQM3-GKFcOW6O4-_SSwoIjNhm9paVKSVEmeonMfEOgZjOXuqYFCrXmegYUefJNkHmL6P9cB0CPtA_PThVXqg_RGtCMGEoTW_ISG2ymjLnKXwuGf3uQoTxYWCmdBVMAeZHBlzpUh7aJ78fWmWbIvGf_jrykaFhCaWML2yJHyAjHIH1uzf088pGqdOeDvhBQsIva3Hg0KPLptC4ZqxkkVyYHFvvqFgwwkv8O3ex6Df238honjg-11aXIid1Ad6SSsrqEuKqHBUF__HbdhN0AvfLg
        Licenses
          - License OK for "Telerik UI for WinForms" (RCWF) 2026.1.210.462 @2026-02-10 - Perpetual, valid until 2027-09-25.
          - License OK for "Telerik Reporting" (REPORTING) 19.1.25.521 @2025-05-21 - Perpetual, valid until 2027-09-25.
          - License OK for "Telerik Document Processing Libraries" (DPL) 2026.1.210.462 @2026-02-10 - Perpetual for RCWF, valid until 2027-09-25.

[2026-03-23 15:28:56.930] [Low] OutputType: WinExe, ImportXamlTargets: True
[2026-03-23 15:28:56.944] [Low] 
      Call-Home Telerik Products (3 for )
      - "Telerik UI for WinForms" (RCWF) 2026.1.210
      - "DPL" (DPL) 2026.1.210
      - "Telerik Reporting" (REPORTING) 19.1.25

[2026-03-23 15:28:56.944] [Low] 
[2026-03-23 15:28:56.946] [Low] 
      Call-Home Telerik Features (0 for )

[2026-03-23 15:28:56.946] [Low] 
[2026-03-23 15:28:56.992] [Low]   Report Telerik.Licensing
        UserId: ab69b8b5-c84c-45ed-8228-81dac868c759
        LicenseId: e7eaafda-87c7-42d6-9ce6-49a541b8c4ed
        Products
        - LicenseUsed RCWF 2026.1.210.462 SKIPPED
        - LicenseUsed REPORTING 19.1.25.521 SKIPPED
        - LicenseUsed DPL 2026.1.210.462 SKIPPED
      Report finished in 00:00:00.0404064

[2026-03-23 15:28:56.993] [Low]   Sending Telemetry...
[2026-03-23 15:28:57.020] [Low]   Metrics done 00:00:00.0275276
[2026-03-23 15:28:57.022] [Normal] Resolve Telerik Products. Done (00:00:00.4741701) for 
[2026-03-23 15:38:06.702] [Normal] Resolve Telerik Products.
  MSBuildProjectName=2
  MSBuildProjectDirectory=\\FEAP1313L\Users\edward.barreras\source\repos\LIVE\MIA SRC\ERP
  MSBuildProjectExtension=.vbproj
  Language=VB
  OutputPath=bin\Debug\
  Platform=AnyCPU
  TargetFramework=
  TargetFrameworks=
  TargetFrameworkVersion=v4.8
  VisualStudioVersion=17.0
  UsingMicrosoftNETSdk=
  UsingMicrosoftNETSdkRazor=
  UsingMicrosoftNETSdkWeb=
  ImportXamlTargets=True
  OutputType=WinExe
  UseMaui=
  NuGetPackageRoot=

  PackageReferences
  ReferencePaths
  - BouncyCastle.Crypto.dll 1.8.3 at \\FEAP1313L\Users\edward.barreras\source\repos\LIVE\MIA SRC\packages\BouncyCastle.1.8.3.1\lib\BouncyCastle.Crypto.dll
  - BouncyCastle.Cryptography.dll 2.5.1 at \\FEAP1313L\Users\edward.barreras\source\repos\LIVE\MIA SRC\packages\BouncyCastle.Cryptography.2.5.1\lib\net461\BouncyCastle.Cryptography.dll
  - ClosedXML.dll 0.96.0 at \\FEAP1313L\Users\edward.barreras\source\repos\LIVE\MIA SRC\packages\ClosedXML.0.96.0\lib\net40\ClosedXML.dll
  - DocumentFormat.OpenXml.dll 2.16.0 at \\FEAP1313L\Users\edward.barreras\source\repos\LIVE\MIA SRC\packages\DocumentFormat.OpenXml.2.16.0\lib\net40\DocumentFormat.OpenXml.dll
  - ExcelNumberFormat.dll 1.1.0 at \\FEAP1313L\Users\edward.barreras\source\repos\LIVE\MIA SRC\packages\ExcelNumberFormat.1.1.0\lib\net20\ExcelNumberFormat.dll
  - FEAPNS.dll 1.0.0 at \\FEAP1313L\Users\edward.barreras\source\repos\LIVE\MIA SRC\ERP\bin\Debug\FEAPNS.dll
  - Gma.QrCodeNet.Encoding.dll 0.4.1 at \\FEAP1313L\Users\edward.barreras\source\repos\LIVE\MIA SRC\packages\Gma.QrCodeNet.0.4.1.2\lib\net40\Gma.QrCodeNet.Encoding.dll
  - Google.Protobuf.dll 3.30.0 at \\FEAP1313L\Users\edward.barreras\source\repos\LIVE\MIA SRC\packages\Google.Protobuf.3.30.0\lib\net45\Google.Protobuf.dll
  - K4os.Compression.LZ4.dll 1.3.8 at \\FEAP1313L\Users\edward.barreras\source\repos\LIVE\MIA SRC\packages\K4os.Compression.LZ4.1.3.8\lib\net462\K4os.Compression.LZ4.dll
  - K4os.Compression.LZ4.Streams.dll 1.3.8 at \\FEAP1313L\Users\edward.barreras\source\repos\LIVE\MIA SRC\packages\K4os.Compression.LZ4.Streams.1.3.8\lib\net462\K4os.Compression.LZ4.Streams.dll
  - K4os.Hash.xxHash.dll 1.0.8 at \\FEAP1313L\Users\edward.barreras\source\repos\LIVE\MIA SRC\packages\K4os.Hash.xxHash.1.0.8\lib\net462\K4os.Hash.xxHash.dll
  - MIA-Linq.dll 1.0.0 at \\FEAP1313L\Users\edward.barreras\source\repos\LIVE\MIA SRC\ERP\bin\Debug\MIA-Linq.dll
  - MIA-Report.dll 1.0.0 at \\FEAP1313L\Users\edward.barreras\source\repos\LIVE\MIA SRC\ERP\bin\Debug\MIA-Report.dll
  - Microsoft.Bcl.AsyncInterfaces.dll 5.0.0 at \\FEAP1313L\Users\edward.barreras\source\repos\LIVE\MIA SRC\packages\Microsoft.Bcl.AsyncInterfaces.5.0.0\lib\net461\Microsoft.Bcl.AsyncInterfaces.dll
  - Microsoft.CSharp.dll 4.8.3761 at C:\Program Files (x86)\Reference Assemblies\Microsoft\Framework\.NETFramework\v4.8\Microsoft.CSharp.dll
  - MySql.Data.dll 9.4.0 at \\FEAP1313L\Users\edward.barreras\source\repos\LIVE\MIA SRC\packages\MySql.Data.9.4.0\lib\net48\MySql.Data.dll
  - Newtonsoft.Json.dll 13.0.3 at \\FEAP1313L\Users\edward.barreras\source\repos\LIVE\MIA SRC\packages\Newtonsoft.Json.13.0.3\lib\net45\Newtonsoft.Json.dll
  - SRCDailyReportv2.dll 1.0.0 at \\FEAP1313L\Users\edward.barreras\source\repos\LIVE\MIA SRC\ERP\bin\Debug\SRCDailyReportv2.dll
  - System.Buffers.dll 4.6.28619 at \\FEAP1313L\Users\edward.barreras\source\repos\LIVE\MIA SRC\packages\System.Buffers.4.5.1\lib\net461\System.Buffers.dll
  - System.ComponentModel.DataAnnotations.dll 4.8.3761 at C:\Program Files (x86)\Reference Assemblies\Microsoft\Framework\.NETFramework\v4.8\System.ComponentModel.DataAnnotations.dll
  - System.ComponentModel.dll 4.8.3761 at C:\Program Files (x86)\Reference Assemblies\Microsoft\Framework\.NETFramework\v4.8\Facades\System.ComponentModel.dll
  - System.Configuration.ConfigurationManager.dll 8.0.0 at \\FEAP1313L\Users\edward.barreras\source\repos\LIVE\MIA SRC\packages\System.Configuration.ConfigurationManager.8.0.0\lib\net462\System.Configuration.ConfigurationManager.dll
  - System.Configuration.dll 4.8.3761 at C:\Program Files (x86)\Reference Assemblies\Microsoft\Framework\.NETFramework\v4.8\System.Configuration.dll
  - System.Configuration.Install.dll 4.8.3761 at C:\Program Files (x86)\Reference Assemblies\Microsoft\Framework\.NETFramework\v4.8\System.Configuration.Install.dll
  - System.Core.dll 4.8.3761 at C:\Program Files (x86)\Reference Assemblies\Microsoft\Framework\.NETFramework\v4.8\System.Core.dll
  - System.Data.DataSetExtensions.dll 4.8.3761 at C:\Program Files (x86)\Reference Assemblies\Microsoft\Framework\.NETFramework\v4.8\System.Data.DataSetExtensions.dll
  - System.Data.dll 4.8.3761 at C:\Program Files (x86)\Reference Assemblies\Microsoft\Framework\.NETFramework\v4.8\System.Data.dll
  - System.Data.OleDb.dll 9.0.2 at \\FEAP1313L\Users\edward.barreras\source\repos\LIVE\MIA SRC\packages\System.Data.OleDb.9.0.2\lib\net462\System.Data.OleDb.dll
  - System.Deployment.dll 4.8.3761 at C:\Program Files (x86)\Reference Assemblies\Microsoft\Framework\.NETFramework\v4.8\System.Deployment.dll
  - System.Diagnostics.DiagnosticSource.dll 8.0.4 at \\FEAP1313L\Users\edward.barreras\source\repos\LIVE\MIA SRC\packages\System.Diagnostics.DiagnosticSource.8.0.1\lib\net462\System.Diagnostics.DiagnosticSource.dll
  - System.dll 4.8.3761 at C:\Program Files (x86)\Reference Assemblies\Microsoft\Framework\.NETFramework\v4.8\System.dll
  - System.Drawing.Design.dll 4.8.3761 at C:\Program Files (x86)\Reference Assemblies\Microsoft\Framework\.NETFramework\v4.8\System.Drawing.Design.dll
  - System.Drawing.dll 4.8.3761 at C:\Program Files (x86)\Reference Assemblies\Microsoft\Framework\.NETFramework\v4.8\System.Drawing.dll
  - System.IO.Pipelines.dll 5.0.15 at \\FEAP1313L\Users\edward.barreras\source\repos\LIVE\MIA SRC\packages\System.IO.Pipelines.5.0.2\lib\net461\System.IO.Pipelines.dll
  - System.Management.dll 4.8.3761 at C:\Program Files (x86)\Reference Assemblies\Microsoft\Framework\.NETFramework\v4.8\System.Management.dll
  - System.Memory.dll 4.6.31308 at \\FEAP1313L\Users\edward.barreras\source\repos\LIVE\MIA SRC\packages\System.Memory.4.5.5\lib\net461\System.Memory.dll
  - System.Messaging.dll 4.8.3761 at C:\Program Files (x86)\Reference Assemblies\Microsoft\Framework\.NETFramework\v4.8\System.Messaging.dll
  - System.Net.Http.Formatting.dll 5.2.7 at C:\Program Files\Microsoft Visual Studio\2022\Community\Common7\IDE\PublicAssemblies\System.Net.Http.Formatting.dll
  - System.Numerics.dll 4.8.3761 at C:\Program Files (x86)\Reference Assemblies\Microsoft\Framework\.NETFramework\v4.8\System.Numerics.dll
  - System.Numerics.Vectors.dll 4.6.26515 at \\FEAP1313L\Users\edward.barreras\source\repos\LIVE\MIA SRC\packages\System.Numerics.Vectors.4.5.0\lib\net46\System.Numerics.Vectors.dll
  - System.Runtime.CompilerServices.Unsafe.dll 6.1.0 at \\FEAP1313L\Users\edward.barreras\source\repos\LIVE\MIA SRC\packages\System.Runtime.CompilerServices.Unsafe.6.1.0\lib\net462\System.Runtime.CompilerServices.Unsafe.dll
  - System.Threading.Tasks.Extensions.dll 4.6.0 at \\FEAP1313L\Users\edward.barreras\source\repos\LIVE\MIA SRC\packages\System.Threading.Tasks.Extensions.4.6.0\lib\net462\System.Threading.Tasks.Extensions.dll
  - System.Transactions.dll 4.8.3761 at C:\Program Files (x86)\Reference Assemblies\Microsoft\Framework\.NETFramework\v4.8\System.Transactions.dll
  - System.Web.Extensions.dll 4.8.3761 at C:\Program Files (x86)\Reference Assemblies\Microsoft\Framework\.NETFramework\v4.8\System.Web.Extensions.dll
  - System.Windows.Forms.dll 4.8.3761 at C:\Program Files (x86)\Reference Assemblies\Microsoft\Framework\.NETFramework\v4.8\System.Windows.Forms.dll
  - System.Xml.dll 4.8.3761 at C:\Program Files (x86)\Reference Assemblies\Microsoft\Framework\.NETFramework\v4.8\System.Xml.dll
  - System.Xml.Linq.dll 4.8.3761 at C:\Program Files (x86)\Reference Assemblies\Microsoft\Framework\.NETFramework\v4.8\System.Xml.Linq.dll
  - Telerik.Documents.SpreadsheetStreaming.dll 2026.1.210 at \\FEAP1313L\Users\edward.barreras\source\repos\LIVE\MIA SRC\lib\RCWF\2026.1.210.462\Telerik.Documents.SpreadsheetStreaming.dll
  - Telerik.Licensing.Runtime.dll 1.8.2 at \\FEAP1313L\Users\edward.barreras\source\repos\LIVE\MIA SRC\packages\Telerik.Licensing.1.8.2\lib\net462\Telerik.Licensing.Runtime.dll
  - Telerik.Reporting.dll 19.1.25 at \\FEAP1313L\Users\edward.barreras\source\repos\LIVE\MIA SRC\ERP\bin\Debug\Telerik.Reporting.dll
  - Telerik.Reporting.Services.HttpClient.dll 19.1.25 at \\FEAP1313L\Users\edward.barreras\source\repos\LIVE\MIA SRC\ERP\bin\Debug\Telerik.Reporting.Services.HttpClient.dll
  - Telerik.Reporting.Services.ServiceStack.dll 19.1.25 at \\FEAP1313L\Users\edward.barreras\source\repos\LIVE\MIA SRC\ERP\bin\Debug\Telerik.Reporting.Services.ServiceStack.dll
  - Telerik.ReportViewer.WinForms.dll 19.1.25 at \\FEAP1313L\Users\edward.barreras\source\repos\LIVE\MIA SRC\ERP\bin\Debug\Telerik.ReportViewer.WinForms.dll
  - Telerik.ReportViewer.Wpf.dll 19.1.25 at \\FEAP1313L\Users\edward.barreras\source\repos\LIVE\MIA SRC\ERP\bin\Debug\Telerik.ReportViewer.Wpf.dll
  - Telerik.WinControls.dll 2026.1.210 at \\FEAP1313L\Users\edward.barreras\source\repos\LIVE\MIA SRC\lib\RCWF\2026.1.210.462\Telerik.WinControls.dll
  - Telerik.WinControls.GridView.dll 2026.1.210 at \\FEAP1313L\Users\edward.barreras\source\repos\LIVE\MIA SRC\lib\RCWF\2026.1.210.462\Telerik.WinControls.GridView.dll
  - Telerik.WinControls.RadDock.dll 2026.1.210 at \\FEAP1313L\Users\edward.barreras\source\repos\LIVE\MIA SRC\lib\RCWF\2026.1.210.462\Telerik.WinControls.RadDock.dll
  - Telerik.WinControls.Themes.Aqua.dll 2026.1.210 at \\FEAP1313L\Users\edward.barreras\source\repos\LIVE\MIA SRC\lib\RCWF\2026.1.210.462\Telerik.WinControls.Themes.Aqua.dll
  - Telerik.WinControls.Themes.Breeze.dll 2026.1.210 at \\FEAP1313L\Users\edward.barreras\source\repos\LIVE\MIA SRC\lib\RCWF\2026.1.210.462\Telerik.WinControls.Themes.Breeze.dll
  - Telerik.WinControls.Themes.Crystal.dll 2026.1.210 at \\FEAP1313L\Users\edward.barreras\source\repos\LIVE\MIA SRC\lib\RCWF\2026.1.210.462\Telerik.WinControls.Themes.Crystal.dll
  - Telerik.WinControls.Themes.CrystalDark.dll 2026.1.210 at \\FEAP1313L\Users\edward.barreras\source\repos\LIVE\MIA SRC\lib\RCWF\2026.1.210.462\Telerik.WinControls.Themes.CrystalDark.dll
  - Telerik.WinControls.Themes.Desert.dll 2026.1.210 at \\FEAP1313L\Users\edward.barreras\source\repos\LIVE\MIA SRC\lib\RCWF\2026.1.210.462\Telerik.WinControls.Themes.Desert.dll
  - Telerik.WinControls.Themes.Fluent.dll 2026.1.210 at \\FEAP1313L\Users\edward.barreras\source\repos\LIVE\MIA SRC\lib\RCWF\2026.1.210.462\Telerik.WinControls.Themes.Fluent.dll
  - Telerik.WinControls.Themes.FluentDark.dll 2026.1.210 at \\FEAP1313L\Users\edward.barreras\source\repos\LIVE\MIA SRC\lib\RCWF\2026.1.210.462\Telerik.WinControls.Themes.FluentDark.dll
  - Telerik.WinControls.Themes.HighContrastBlack.dll 2026.1.210 at \\FEAP1313L\Users\edward.barreras\source\repos\LIVE\MIA SRC\lib\RCWF\2026.1.210.462\Telerik.WinControls.Themes.HighContrastBlack.dll
  - Telerik.WinControls.Themes.Material.dll 2026.1.210 at \\FEAP1313L\Users\edward.barreras\source\repos\LIVE\MIA SRC\lib\RCWF\2026.1.210.462\Telerik.WinControls.Themes.Material.dll
  - Telerik.WinControls.Themes.MaterialBlueGrey.dll 2026.1.210 at \\FEAP1313L\Users\edward.barreras\source\repos\LIVE\MIA SRC\lib\RCWF\2026.1.210.462\Telerik.WinControls.Themes.MaterialBlueGrey.dll
  - Telerik.WinControls.Themes.MaterialPink.dll 2026.1.210 at \\FEAP1313L\Users\edward.barreras\source\repos\LIVE\MIA SRC\lib\RCWF\2026.1.210.462\Telerik.WinControls.Themes.MaterialPink.dll
  - Telerik.WinControls.Themes.MaterialTeal.dll 2026.1.210 at \\FEAP1313L\Users\edward.barreras\source\repos\LIVE\MIA SRC\lib\RCWF\2026.1.210.462\Telerik.WinControls.Themes.MaterialTeal.dll
  - Telerik.WinControls.Themes.Office2007Black.dll 2026.1.210 at \\FEAP1313L\Users\edward.barreras\source\repos\LIVE\MIA SRC\lib\RCWF\2026.1.210.462\Telerik.WinControls.Themes.Office2007Black.dll
  - Telerik.WinControls.Themes.Office2010Black.dll 2026.1.210 at \\FEAP1313L\Users\edward.barreras\source\repos\LIVE\MIA SRC\lib\RCWF\2026.1.210.462\Telerik.WinControls.Themes.Office2010Black.dll
  - Telerik.WinControls.Themes.Office2010Blue.dll 2026.1.210 at \\FEAP1313L\Users\edward.barreras\source\repos\LIVE\MIA SRC\lib\RCWF\2026.1.210.462\Telerik.WinControls.Themes.Office2010Blue.dll
  - Telerik.WinControls.Themes.Office2010Silver.dll 2026.1.210 at \\FEAP1313L\Users\edward.barreras\source\repos\LIVE\MIA SRC\lib\RCWF\2026.1.210.462\Telerik.WinControls.Themes.Office2010Silver.dll
  - Telerik.WinControls.Themes.Office2013Dark.dll 2026.1.210 at \\FEAP1313L\Users\edward.barreras\source\repos\LIVE\MIA SRC\lib\RCWF\2026.1.210.462\Telerik.WinControls.Themes.Office2013Dark.dll
  - Telerik.WinControls.Themes.Office2013Light.dll 2026.1.210 at \\FEAP1313L\Users\edward.barreras\source\repos\LIVE\MIA SRC\lib\RCWF\2026.1.210.462\Telerik.WinControls.Themes.Office2013Light.dll
  - Telerik.WinControls.Themes.TelerikMetroBlue.dll 2026.1.210 at \\FEAP1313L\Users\edward.barreras\source\repos\LIVE\MIA SRC\lib\RCWF\2026.1.210.462\Telerik.WinControls.Themes.TelerikMetroBlue.dll
  - Telerik.WinControls.Themes.VisualStudio2012Dark.dll 2026.1.210 at \\FEAP1313L\Users\edward.barreras\source\repos\LIVE\MIA SRC\lib\RCWF\2026.1.210.462\Telerik.WinControls.Themes.VisualStudio2012Dark.dll
  - Telerik.WinControls.Themes.VisualStudio2012Light.dll 2026.1.210 at \\FEAP1313L\Users\edward.barreras\source\repos\LIVE\MIA SRC\lib\RCWF\2026.1.210.462\Telerik.WinControls.Themes.VisualStudio2012Light.dll
  - Telerik.WinControls.Themes.Windows7.dll 2026.1.210 at \\FEAP1313L\Users\edward.barreras\source\repos\LIVE\MIA SRC\lib\RCWF\2026.1.210.462\Telerik.WinControls.Themes.Windows7.dll
  - Telerik.WinControls.Themes.Windows8.dll 2026.1.210 at \\FEAP1313L\Users\edward.barreras\source\repos\LIVE\MIA SRC\lib\RCWF\2026.1.210.462\Telerik.WinControls.Themes.Windows8.dll
  - Telerik.WinControls.UI.dll 2026.1.210 at \\FEAP1313L\Users\edward.barreras\source\repos\LIVE\MIA SRC\lib\RCWF\2026.1.210.462\Telerik.WinControls.UI.dll
  - Telerik.Windows.Documents.Core.dll 2026.1.210 at \\FEAP1313L\Users\edward.barreras\source\repos\LIVE\MIA SRC\lib\RCWF\2026.1.210.462\Telerik.Windows.Documents.Core.dll
  - Telerik.Windows.Documents.Fixed.dll 2026.1.210 at \\FEAP1313L\Users\edward.barreras\source\repos\LIVE\MIA SRC\lib\RCWF\2026.1.210.462\Telerik.Windows.Documents.Fixed.dll
  - Telerik.Windows.Documents.Spreadsheet.dll 2026.1.210 at \\FEAP1313L\Users\edward.barreras\source\repos\LIVE\MIA SRC\lib\RCWF\2026.1.210.462\Telerik.Windows.Documents.Spreadsheet.dll
  - Telerik.Windows.Documents.Spreadsheet.FormatProviders.OpenXml.dll 2026.1.210 at \\FEAP1313L\Users\edward.barreras\source\repos\LIVE\MIA SRC\lib\RCWF\2026.1.210.462\Telerik.Windows.Documents.Spreadsheet.FormatProviders.OpenXml.dll
  - Telerik.Windows.Documents.Spreadsheet.FormatProviders.Pdf.dll 2026.1.210 at \\FEAP1313L\Users\edward.barreras\source\repos\LIVE\MIA SRC\lib\RCWF\2026.1.210.462\Telerik.Windows.Documents.Spreadsheet.FormatProviders.Pdf.dll
  - Telerik.Windows.Documents.Spreadsheet.FormatProviders.Xls.dll 2026.1.210 at \\FEAP1313L\Users\edward.barreras\source\repos\LIVE\MIA SRC\lib\RCWF\2026.1.210.462\Telerik.Windows.Documents.Spreadsheet.FormatProviders.Xls.dll
  - Telerik.Windows.Zip.dll 2026.1.210 at \\FEAP1313L\Users\edward.barreras\source\repos\LIVE\MIA SRC\lib\RCWF\2026.1.210.462\Telerik.Windows.Zip.dll
  - TelerikCommon.dll 2026.1.210 at \\FEAP1313L\Users\edward.barreras\source\repos\LIVE\MIA SRC\lib\RCWF\2026.1.210.462\TelerikCommon.dll
  - TelerikExport.dll 2026.1.210 at \\FEAP1313L\Users\edward.barreras\source\repos\LIVE\MIA SRC\lib\RCWF\2026.1.210.462\TelerikExport.dll
  - Ubiety.Dns.Core.dll 2.2.1 at \\FEAP1313L\Users\edward.barreras\source\repos\LIVE\MIA SRC\ERP\bin\Debug\Ubiety.Dns.Core.dll
  - WindowsBase.dll 4.8.3761 at C:\Program Files (x86)\Reference Assemblies\Microsoft\Framework\.NETFramework\v4.8\WindowsBase.dll
  - ZstdSharp.dll 0.8.5 at \\FEAP1313L\Users\edward.barreras\source\repos\LIVE\MIA SRC\packages\ZstdSharp.Port.0.8.5\lib\net462\ZstdSharp.dll
  MachineId=2xQjveFWQf4bUNzPt3x/SIfuym0=

[2026-03-23 15:38:06.796] [Low]   Looking for Telerik product metadata in referenced assemblies
      - \\FEAP1313L\Users\edward.barreras\source\repos\LIVE\MIA SRC\lib\RCWF\2026.1.210.462\Telerik.Documents.SpreadsheetStreaming.dll
        ProductCode: DPL, LicenseDate: 2026-02-10, Redistributed By: RCWPF, RCWF, MAUI, UIXAM, WINUI, RCAJAX, KENDOUIMVC, UIASPCORE, BLAZOR, ProductName: Telerik Document Processing Libraries, ProductVersion: 2026.1.210.462, Flags: None
      - \\FEAP1313L\Users\edward.barreras\source\repos\LIVE\MIA SRC\ERP\bin\Debug\Telerik.Reporting.dll
        ProductCode: REPORTING, LicenseDate: 2025-05-21, ProductName: Telerik Reporting, ProductVersion: 19.1.25.521, Flags: None
      - \\FEAP1313L\Users\edward.barreras\source\repos\LIVE\MIA SRC\lib\RCWF\2026.1.210.462\Telerik.WinControls.dll
        ProductCode: RCWF, LicenseDate: 2026-02-10, ProductName: Telerik UI for WinForms, ProductVersion: 2026.1.210.462, Flags: None
      - \\FEAP1313L\Users\edward.barreras\source\repos\LIVE\MIA SRC\lib\RCWF\2026.1.210.462\Telerik.WinControls.GridView.dll
        ProductCode: RCWF, LicenseDate: 2026-02-10, ProductName: Telerik UI for WinForms, ProductVersion: 2026.1.210.462, Flags: None
      - \\FEAP1313L\Users\edward.barreras\source\repos\LIVE\MIA SRC\lib\RCWF\2026.1.210.462\Telerik.WinControls.RadDock.dll
        ProductCode: RCWF, LicenseDate: 2026-02-10, ProductName: Telerik UI for WinForms, ProductVersion: 2026.1.210.462, Flags: None
      - \\FEAP1313L\Users\edward.barreras\source\repos\LIVE\MIA SRC\lib\RCWF\2026.1.210.462\Telerik.WinControls.Themes.Aqua.dll
        ProductCode: RCWF, LicenseDate: 2026-02-10, ProductName: Telerik UI for WinForms, ProductVersion: 2026.1.210.462, Flags: None
      - \\FEAP1313L\Users\edward.barreras\source\repos\LIVE\MIA SRC\lib\RCWF\2026.1.210.462\Telerik.WinControls.Themes.Breeze.dll
        ProductCode: RCWF, LicenseDate: 2026-02-10, ProductName: Telerik UI for WinForms, ProductVersion: 2026.1.210.462, Flags: None
      - \\FEAP1313L\Users\edward.barreras\source\repos\LIVE\MIA SRC\lib\RCWF\2026.1.210.462\Telerik.WinControls.Themes.Crystal.dll
        ProductCode: RCWF, LicenseDate: 2026-02-10, ProductName: Telerik UI for WinForms, ProductVersion: 2026.1.210.462, Flags: None
      - \\FEAP1313L\Users\edward.barreras\source\repos\LIVE\MIA SRC\lib\RCWF\2026.1.210.462\Telerik.WinControls.Themes.CrystalDark.dll
        ProductCode: RCWF, LicenseDate: 2026-02-10, ProductName: Telerik UI for WinForms, ProductVersion: 2026.1.210.462, Flags: None
      - \\FEAP1313L\Users\edward.barreras\source\repos\LIVE\MIA SRC\lib\RCWF\2026.1.210.462\Telerik.WinControls.Themes.Desert.dll
        ProductCode: RCWF, LicenseDate: 2026-02-10, ProductName: Telerik UI for WinForms, ProductVersion: 2026.1.210.462, Flags: None
      - \\FEAP1313L\Users\edward.barreras\source\repos\LIVE\MIA SRC\lib\RCWF\2026.1.210.462\Telerik.WinControls.Themes.Fluent.dll
        ProductCode: RCWF, LicenseDate: 2026-02-10, ProductName: Telerik UI for WinForms, ProductVersion: 2026.1.210.462, Flags: None
      - \\FEAP1313L\Users\edward.barreras\source\repos\LIVE\MIA SRC\lib\RCWF\2026.1.210.462\Telerik.WinControls.Themes.FluentDark.dll
        ProductCode: RCWF, LicenseDate: 2026-02-10, ProductName: Telerik UI for WinForms, ProductVersion: 2026.1.210.462, Flags: None
      - \\FEAP1313L\Users\edward.barreras\source\repos\LIVE\MIA SRC\lib\RCWF\2026.1.210.462\Telerik.WinControls.Themes.HighContrastBlack.dll
        ProductCode: RCWF, LicenseDate: 2026-02-10, ProductName: Telerik UI for WinForms, ProductVersion: 2026.1.210.462, Flags: None
      - \\FEAP1313L\Users\edward.barreras\source\repos\LIVE\MIA SRC\lib\RCWF\2026.1.210.462\Telerik.WinControls.Themes.Material.dll
        ProductCode: RCWF, LicenseDate: 2026-02-10, ProductName: Telerik UI for WinForms, ProductVersion: 2026.1.210.462, Flags: None
      - \\FEAP1313L\Users\edward.barreras\source\repos\LIVE\MIA SRC\lib\RCWF\2026.1.210.462\Telerik.WinControls.Themes.MaterialBlueGrey.dll
        ProductCode: RCWF, LicenseDate: 2026-02-10, ProductName: Telerik UI for WinForms, ProductVersion: 2026.1.210.462, Flags: None
      - \\FEAP1313L\Users\edward.barreras\source\repos\LIVE\MIA SRC\lib\RCWF\2026.1.210.462\Telerik.WinControls.Themes.MaterialPink.dll
        ProductCode: RCWF, LicenseDate: 2026-02-10, ProductName: Telerik UI for WinForms, ProductVersion: 2026.1.210.462, Flags: None
      - \\FEAP1313L\Users\edward.barreras\source\repos\LIVE\MIA SRC\lib\RCWF\2026.1.210.462\Telerik.WinControls.Themes.MaterialTeal.dll
        ProductCode: RCWF, LicenseDate: 2026-02-10, ProductName: Telerik UI for WinForms, ProductVersion: 2026.1.210.462, Flags: None
      - \\FEAP1313L\Users\edward.barreras\source\repos\LIVE\MIA SRC\lib\RCWF\2026.1.210.462\Telerik.WinControls.Themes.Office2007Black.dll
        ProductCode: RCWF, LicenseDate: 2026-02-10, ProductName: Telerik UI for WinForms, ProductVersion: 2026.1.210.462, Flags: None
      - \\FEAP1313L\Users\edward.barreras\source\repos\LIVE\MIA SRC\lib\RCWF\2026.1.210.462\Telerik.WinControls.Themes.Office2010Black.dll
        ProductCode: RCWF, LicenseDate: 2026-02-10, ProductName: Telerik UI for WinForms, ProductVersion: 2026.1.210.462, Flags: None
      - \\FEAP1313L\Users\edward.barreras\source\repos\LIVE\MIA SRC\lib\RCWF\2026.1.210.462\Telerik.WinControls.Themes.Office2010Blue.dll
        ProductCode: RCWF, LicenseDate: 2026-02-10, ProductName: Telerik UI for WinForms, ProductVersion: 2026.1.210.462, Flags: None
      - \\FEAP1313L\Users\edward.barreras\source\repos\LIVE\MIA SRC\lib\RCWF\2026.1.210.462\Telerik.WinControls.Themes.Office2010Silver.dll
        ProductCode: RCWF, LicenseDate: 2026-02-10, ProductName: Telerik UI for WinForms, ProductVersion: 2026.1.210.462, Flags: None
      - \\FEAP1313L\Users\edward.barreras\source\repos\LIVE\MIA SRC\lib\RCWF\2026.1.210.462\Telerik.WinControls.Themes.Office2013Dark.dll
        ProductCode: RCWF, LicenseDate: 2026-02-10, ProductName: Telerik UI for WinForms, ProductVersion: 2026.1.210.462, Flags: None
      - \\FEAP1313L\Users\edward.barreras\source\repos\LIVE\MIA SRC\lib\RCWF\2026.1.210.462\Telerik.WinControls.Themes.Office2013Light.dll
        ProductCode: RCWF, LicenseDate: 2026-02-10, ProductName: Telerik UI for WinForms, ProductVersion: 2026.1.210.462, Flags: None
      - \\FEAP1313L\Users\edward.barreras\source\repos\LIVE\MIA SRC\lib\RCWF\2026.1.210.462\Telerik.WinControls.Themes.TelerikMetroBlue.dll
        ProductCode: RCWF, LicenseDate: 2026-02-10, ProductName: Telerik UI for WinForms, ProductVersion: 2026.1.210.462, Flags: None
      - \\FEAP1313L\Users\edward.barreras\source\repos\LIVE\MIA SRC\lib\RCWF\2026.1.210.462\Telerik.WinControls.Themes.VisualStudio2012Dark.dll
        ProductCode: RCWF, LicenseDate: 2026-02-10, ProductName: Telerik UI for WinForms, ProductVersion: 2026.1.210.462, Flags: None
      - \\FEAP1313L\Users\edward.barreras\source\repos\LIVE\MIA SRC\lib\RCWF\2026.1.210.462\Telerik.WinControls.Themes.VisualStudio2012Light.dll
        ProductCode: RCWF, LicenseDate: 2026-02-10, ProductName: Telerik UI for WinForms, ProductVersion: 2026.1.210.462, Flags: None
      - \\FEAP1313L\Users\edward.barreras\source\repos\LIVE\MIA SRC\lib\RCWF\2026.1.210.462\Telerik.WinControls.Themes.Windows7.dll
        ProductCode: RCWF, LicenseDate: 2026-02-10, ProductName: Telerik UI for WinForms, ProductVersion: 2026.1.210.462, Flags: None
      - \\FEAP1313L\Users\edward.barreras\source\repos\LIVE\MIA SRC\lib\RCWF\2026.1.210.462\Telerik.WinControls.Themes.Windows8.dll
        ProductCode: RCWF, LicenseDate: 2026-02-10, ProductName: Telerik UI for WinForms, ProductVersion: 2026.1.210.462, Flags: None
      - \\FEAP1313L\Users\edward.barreras\source\repos\LIVE\MIA SRC\lib\RCWF\2026.1.210.462\Telerik.WinControls.UI.dll
        ProductCode: RCWF, LicenseDate: 2026-02-10, ProductName: Telerik UI for WinForms, ProductVersion: 2026.1.210.462, Flags: None
      - \\FEAP1313L\Users\edward.barreras\source\repos\LIVE\MIA SRC\lib\RCWF\2026.1.210.462\Telerik.Windows.Documents.Core.dll
        ProductCode: DPL, LicenseDate: 2026-02-10, Redistributed By: RCWPF, RCWF, MAUI, UIXAM, WINUI, RCAJAX, KENDOUIMVC, UIASPCORE, BLAZOR, ProductName: Telerik Document Processing Libraries, ProductVersion: 2026.1.210.462, Flags: None
      - \\FEAP1313L\Users\edward.barreras\source\repos\LIVE\MIA SRC\lib\RCWF\2026.1.210.462\Telerik.Windows.Documents.Fixed.dll
        ProductCode: DPL, LicenseDate: 2026-02-10, Redistributed By: RCWPF, RCWF, MAUI, UIXAM, WINUI, RCAJAX, KENDOUIMVC, UIASPCORE, BLAZOR, ProductName: Telerik Document Processing Libraries, ProductVersion: 2026.1.210.462, Flags: None
      - \\FEAP1313L\Users\edward.barreras\source\repos\LIVE\MIA SRC\lib\RCWF\2026.1.210.462\Telerik.Windows.Documents.Spreadsheet.dll
        ProductCode: DPL, LicenseDate: 2026-02-10, Redistributed By: RCWPF, RCWF, MAUI, UIXAM, WINUI, RCAJAX, KENDOUIMVC, UIASPCORE, BLAZOR, ProductName: Telerik Document Processing Libraries, ProductVersion: 2026.1.210.462, Flags: None
      - \\FEAP1313L\Users\edward.barreras\source\repos\LIVE\MIA SRC\lib\RCWF\2026.1.210.462\Telerik.Windows.Documents.Spreadsheet.FormatProviders.Pdf.dll
        ProductCode: DPL, LicenseDate: 2026-02-10, Redistributed By: RCWPF, RCWF, MAUI, UIXAM, WINUI, RCAJAX, KENDOUIMVC, UIASPCORE, BLAZOR, ProductName: Telerik Document Processing Libraries, ProductVersion: 2026.1.210.462, Flags: None
      - \\FEAP1313L\Users\edward.barreras\source\repos\LIVE\MIA SRC\lib\RCWF\2026.1.210.462\Telerik.Windows.Documents.Spreadsheet.FormatProviders.Xls.dll
        ProductCode: DPL, LicenseDate: 2026-02-10, Redistributed By: RCWPF, RCWF, MAUI, UIXAM, WINUI, RCAJAX, KENDOUIMVC, UIASPCORE, BLAZOR, ProductName: Telerik Document Processing Libraries, ProductVersion: 2026.1.210.462, Flags: None
      - \\FEAP1313L\Users\edward.barreras\source\repos\LIVE\MIA SRC\lib\RCWF\2026.1.210.462\Telerik.Windows.Zip.dll
        ProductCode: DPL, LicenseDate: 2026-02-10, Redistributed By: RCWPF, RCWF, MAUI, UIXAM, WINUI, RCAJAX, KENDOUIMVC, UIASPCORE, BLAZOR, ProductName: Telerik Document Processing Libraries, ProductVersion: 2026.1.210.462, Flags: None
      - \\FEAP1313L\Users\edward.barreras\source\repos\LIVE\MIA SRC\lib\RCWF\2026.1.210.462\TelerikCommon.dll
        ProductCode: RCWF, LicenseDate: 2026-02-10, ProductName: Telerik UI for WinForms, ProductVersion: 2026.1.210.462, Flags: None
      - \\FEAP1313L\Users\edward.barreras\source\repos\LIVE\MIA SRC\lib\RCWF\2026.1.210.462\TelerikExport.dll
        ProductCode: RCWF, LicenseDate: 2026-02-10, ProductName: Telerik UI for WinForms, ProductVersion: 2026.1.210.462, Flags: None
      Unique Products:
      - "Telerik Document Processing Libraries" (DPL) 2026.1.210.462 @2026-02-10
      - "Telerik UI for WinForms" (RCWF) 2026.1.210.462 @2026-02-10
      - "Telerik Reporting" (REPORTING) 19.1.25.521 @2025-05-21
      Found a total of 3 referenced Telerik products for 

[2026-03-23 15:38:06.833] [Low]   Provision Licensing
        Looking up license file...
        - EnvironmentVariablePath: TELERIK_LICENSE_PATH (NotAvailable)
        - EnvironmentVariable: TELERIK_LICENSE (NotAvailable)
        - EnvironmentVariable: KENDO_UI_LICENSE (NotAvailable)
        - RecursiveFilePath: \\FEAP1313L\Users\edward.barreras\source\repos\LIVE\MIA SRC\ERP\telerik-license.txt (NotAvailable)
        - RecursiveFilePath: \\FEAP1313L\Users\edward.barreras\source\repos\LIVE\MIA SRC\ERP\kendo-ui-license.txt (NotAvailable)
        - RecursiveFilePath: \\FEAP1313L\Users\edward.barreras\source\repos\LIVE\MIA SRC\telerik-license.txt (LicenseFound)
        - RecursiveFilePath: \\FEAP1313L\Users\edward.barreras\source\repos\LIVE\MIA SRC\kendo-ui-license.txt (Skip)
        - RecursiveFilePath: \\FEAP1313L\Users\edward.barreras\source\repos\LIVE\telerik-license.txt (Skip)
        - RecursiveFilePath: \\FEAP1313L\Users\edward.barreras\source\repos\LIVE\kendo-ui-license.txt (Skip)
        - RecursiveFilePath: \\FEAP1313L\Users\edward.barreras\source\repos\telerik-license.txt (Skip)
        - RecursiveFilePath: \\FEAP1313L\Users\edward.barreras\source\repos\kendo-ui-license.txt (Skip)
        - RecursiveFilePath: \\FEAP1313L\Users\edward.barreras\source\telerik-license.txt (Skip)
        - RecursiveFilePath: \\FEAP1313L\Users\edward.barreras\source\kendo-ui-license.txt (Skip)
        - RecursiveFilePath: \\FEAP1313L\Users\edward.barreras\telerik-license.txt (Skip)
        - RecursiveFilePath: \\FEAP1313L\Users\edward.barreras\kendo-ui-license.txt (Skip)
        - RecursiveFilePath: \\FEAP1313L\Users\telerik-license.txt (Skip)
        - RecursiveFilePath: \\FEAP1313L\Users\kendo-ui-license.txt (Skip)
        - UserDirectory: C:\Users\edward.barreras\AppData\Roaming\Telerik\telerik-license.txt (Skip)
        - UserDirectory: C:\Users\edward.barreras\AppData\Roaming\Telerik\kendo-ui-license.txt (Skip)
        LicenseKey
        - AUD: f***.m**@f***************.com
        - UsedId: ab69b8b5-c84c-45ed-8228-81dac868c759
        - LicenseId: e7eaafda-87c7-42d6-9ce6-49a541b8c4ed
        - IssuedAt: 1/20/2026 6:35:06 AM
        - Licenses
          0) Perpetual BLAZOR, expiration 9/25/2027 12:49:33 PM, type: 'perpetual'
          1) Perpetual JM, expiration 9/25/2027 12:49:33 PM, type: 'perpetual'
          2) Perpetual KENDOUIANGULAR, expiration 9/25/2027 12:49:33 PM, type: 'perpetual'
          3) Perpetual KENDOUICOMPLETE, expiration 9/25/2027 12:49:33 PM, type: 'perpetual'
          4) Perpetual KENDOUIMVC, expiration 9/25/2027 12:49:33 PM, type: 'perpetual'
          5) Perpetual KENDOUIREACT, expiration 9/25/2027 12:49:33 PM, type: 'perpetual'
          6) Perpetual KENDOUIVUE, expiration 9/25/2027 12:49:33 PM, type: 'perpetual'
          7) Perpetual MAUI, expiration 9/25/2027 12:49:33 PM, type: 'perpetual'
          8) Perpetual RCAJAX, expiration 9/25/2027 12:49:33 PM, type: 'perpetual'
          9) Perpetual RCWF, expiration 9/25/2027 12:49:33 PM, type: 'perpetual'
          10) Perpetual RCWPF, expiration 9/25/2027 12:49:33 PM, type: 'perpetual'
          11) Perpetual REPORTING, expiration 9/25/2027 12:49:33 PM, type: 'perpetual'
          12) Perpetual REPORTSERVER, expiration 9/25/2027 12:49:33 PM, type: 'perpetual'
          13) Perpetual UIASPCORE, expiration 9/25/2027 12:49:33 PM, type: 'perpetual'
          14) Perpetual UIXAM, expiration 2/19/2025 6:00:00 AM, type: 'perpetual'
          15) Perpetual WINUI, expiration 9/25/2027 12:49:33 PM, type: 'perpetual'
          16) Usage UserId: ab69b8b5-c84c-45ed-8228-81dac868c759, LicenseId: e7eaafda-87c7-42d6-9ce6-49a541b8c4ed, type: 'usage'

[2026-03-23 15:38:06.843] [Low]   License Resolution
        Messages
          - License OK for "Telerik UI for WinForms" (RCWF) 2026.1.210.462 @2026-02-10 - Perpetual, valid until 2027-09-25.
          - License OK for "Telerik Reporting" (REPORTING) 19.1.25.521 @2025-05-21 - Perpetual, valid until 2027-09-25.
          - License OK for "Telerik Document Processing Libraries" (DPL) 2026.1.210.462 @2026-02-10 - Perpetual for RCWF, valid until 2027-09-25.
        JWTs
          - eyJhbGciOiJSUzI1NiIsInR5cCI6IlRlbGVyaWsgTGljZW5zZSBFdmlkZW5jZSJ9.eyJjb2RlIjoiUkNXRiIsInR5cGUiOiJwZXJwZXR1YWwiLCJleHBpcmF0aW9uIjoxODIxODc2NTczLCJ1c2VySWQiOiJhYjY5YjhiNS1jODRjLTQ1ZWQtODIyOC04MWRhYzg2OGM3NTkiLCJsaWNlbnNlSWQiOiJlN2VhYWZkYS04N2M3LTQyZDYtOWNlNi00OWE1NDFiOGM0ZWQifQ.H8sxX5O2T3i22Uhy0PFV3YDo-lS1iHVocWX9Eu-82PheI3XbKMkEr7QiChWfuNwS9afgR7PMGy4_nx9HXRV5V9cRQ1zWvIkJsG2EbadPtKlygaAkCh-FXSRVflm3WITNHIAYfazZa26sHSnqBW_XRbH3o0GQkqVYkLlxLuLuKa4M7LlA1KtQZcVFhOH2oaXQoxfrkUMQxNFCz0JdI76T1YJNrAwxpXri8KUzfoDwKhY-IhN-bU25hJs19yGvWykTuZqrZ3lv603aQkaCaPnlF_tHROsmC7nbV4aaxaSHRF1PVD5lqsAhkA5OdGmqH8Kq9F5mhRXVVwYWf3WBcxZKkg
          - eyJhbGciOiJSUzI1NiIsInR5cCI6IlRlbGVyaWsgTGljZW5zZSBFdmlkZW5jZSJ9.eyJjb2RlIjoiUkVQT1JUSU5HIiwidHlwZSI6InBlcnBldHVhbCIsImV4cGlyYXRpb24iOjE4MjE4NzY1NzMsInVzZXJJZCI6ImFiNjliOGI1LWM4NGMtNDVlZC04MjI4LTgxZGFjODY4Yzc1OSIsImxpY2Vuc2VJZCI6ImU3ZWFhZmRhLTg3YzctNDJkNi05Y2U2LTQ5YTU0MWI4YzRlZCJ9.vMdezVVvhtRG-iThgXrXFDyr8L394y38spuHWK9Cyc_b9XZ2iHzEwyT9dLgOqBfvEQM3-GKFcOW6O4-_SSwoIjNhm9paVKSVEmeonMfEOgZjOXuqYFCrXmegYUefJNkHmL6P9cB0CPtA_PThVXqg_RGtCMGEoTW_ISG2ymjLnKXwuGf3uQoTxYWCmdBVMAeZHBlzpUh7aJ78fWmWbIvGf_jrykaFhCaWML2yJHyAjHIH1uzf088pGqdOeDvhBQsIva3Hg0KPLptC4ZqxkkVyYHFvvqFgwwkv8O3ex6Df238honjg-11aXIid1Ad6SSsrqEuKqHBUF__HbdhN0AvfLg
        Licenses
          - License OK for "Telerik UI for WinForms" (RCWF) 2026.1.210.462 @2026-02-10 - Perpetual, valid until 2027-09-25.
          - License OK for "Telerik Reporting" (REPORTING) 19.1.25.521 @2025-05-21 - Perpetual, valid until 2027-09-25.
          - License OK for "Telerik Document Processing Libraries" (DPL) 2026.1.210.462 @2026-02-10 - Perpetual for RCWF, valid until 2027-09-25.

[2026-03-23 15:38:06.846] [Low] OutputType: WinExe, ImportXamlTargets: True
[2026-03-23 15:38:06.861] [Low] 
      Call-Home Telerik Products (3 for )
      - "Telerik UI for WinForms" (RCWF) 2026.1.210
      - "DPL" (DPL) 2026.1.210
      - "Telerik Reporting" (REPORTING) 19.1.25

[2026-03-23 15:38:06.861] [Low] 
[2026-03-23 15:38:06.864] [Low] 
      Call-Home Telerik Features (0 for )

[2026-03-23 15:38:06.864] [Low] 
[2026-03-23 15:38:06.911] [Low]   Report Telerik.Licensing
        UserId: ab69b8b5-c84c-45ed-8228-81dac868c759
        LicenseId: e7eaafda-87c7-42d6-9ce6-49a541b8c4ed
        Products
        - LicenseUsed RCWF 2026.1.210.462 SKIPPED
        - LicenseUsed REPORTING 19.1.25.521 SKIPPED
        - LicenseUsed DPL 2026.1.210.462 SKIPPED
      Report finished in 00:00:00.0428537

[2026-03-23 15:38:06.913] [Low]   Sending Telemetry...
[2026-03-23 15:38:06.945] [Low]   Metrics done 00:00:00.0321632
[2026-03-23 15:38:06.948] [Normal] Resolve Telerik Products. Done (00:00:00.5025316) for 
[2026-03-23 15:43:56.110] [Normal] Resolve Telerik Products.
  MSBuildProjectName=2
  MSBuildProjectDirectory=\\FEAP1313L\Users\edward.barreras\source\repos\LIVE\MIA SRC\ERP
  MSBuildProjectExtension=.vbproj
  Language=VB
  OutputPath=bin\Debug\
  Platform=AnyCPU
  TargetFramework=
  TargetFrameworks=
  TargetFrameworkVersion=v4.8
  VisualStudioVersion=17.0
  UsingMicrosoftNETSdk=
  UsingMicrosoftNETSdkRazor=
  UsingMicrosoftNETSdkWeb=
  ImportXamlTargets=True
  OutputType=WinExe
  UseMaui=
  NuGetPackageRoot=

  PackageReferences
  ReferencePaths
  - BouncyCastle.Crypto.dll 1.8.3 at \\FEAP1313L\Users\edward.barreras\source\repos\LIVE\MIA SRC\packages\BouncyCastle.1.8.3.1\lib\BouncyCastle.Crypto.dll
  - BouncyCastle.Cryptography.dll 2.5.1 at \\FEAP1313L\Users\edward.barreras\source\repos\LIVE\MIA SRC\packages\BouncyCastle.Cryptography.2.5.1\lib\net461\BouncyCastle.Cryptography.dll
  - ClosedXML.dll 0.96.0 at \\FEAP1313L\Users\edward.barreras\source\repos\LIVE\MIA SRC\packages\ClosedXML.0.96.0\lib\net40\ClosedXML.dll
  - DocumentFormat.OpenXml.dll 2.16.0 at \\FEAP1313L\Users\edward.barreras\source\repos\LIVE\MIA SRC\packages\DocumentFormat.OpenXml.2.16.0\lib\net40\DocumentFormat.OpenXml.dll
  - ExcelNumberFormat.dll 1.1.0 at \\FEAP1313L\Users\edward.barreras\source\repos\LIVE\MIA SRC\packages\ExcelNumberFormat.1.1.0\lib\net20\ExcelNumberFormat.dll
  - FEAPNS.dll 1.0.0 at \\FEAP1313L\Users\edward.barreras\source\repos\LIVE\MIA SRC\ERP\bin\Debug\FEAPNS.dll
  - Gma.QrCodeNet.Encoding.dll 0.4.1 at \\FEAP1313L\Users\edward.barreras\source\repos\LIVE\MIA SRC\packages\Gma.QrCodeNet.0.4.1.2\lib\net40\Gma.QrCodeNet.Encoding.dll
  - Google.Protobuf.dll 3.30.0 at \\FEAP1313L\Users\edward.barreras\source\repos\LIVE\MIA SRC\packages\Google.Protobuf.3.30.0\lib\net45\Google.Protobuf.dll
  - K4os.Compression.LZ4.dll 1.3.8 at \\FEAP1313L\Users\edward.barreras\source\repos\LIVE\MIA SRC\packages\K4os.Compression.LZ4.1.3.8\lib\net462\K4os.Compression.LZ4.dll
  - K4os.Compression.LZ4.Streams.dll 1.3.8 at \\FEAP1313L\Users\edward.barreras\source\repos\LIVE\MIA SRC\packages\K4os.Compression.LZ4.Streams.1.3.8\lib\net462\K4os.Compression.LZ4.Streams.dll
  - K4os.Hash.xxHash.dll 1.0.8 at \\FEAP1313L\Users\edward.barreras\source\repos\LIVE\MIA SRC\packages\K4os.Hash.xxHash.1.0.8\lib\net462\K4os.Hash.xxHash.dll
  - MIA-Linq.dll 1.0.0 at \\FEAP1313L\Users\edward.barreras\source\repos\LIVE\MIA SRC\ERP\bin\Debug\MIA-Linq.dll
  - MIA-Report.dll 1.0.0 at \\FEAP1313L\Users\edward.barreras\source\repos\LIVE\MIA SRC\ERP\bin\Debug\MIA-Report.dll
  - Microsoft.Bcl.AsyncInterfaces.dll 5.0.0 at \\FEAP1313L\Users\edward.barreras\source\repos\LIVE\MIA SRC\packages\Microsoft.Bcl.AsyncInterfaces.5.0.0\lib\net461\Microsoft.Bcl.AsyncInterfaces.dll
  - Microsoft.CSharp.dll 4.8.3761 at C:\Program Files (x86)\Reference Assemblies\Microsoft\Framework\.NETFramework\v4.8\Microsoft.CSharp.dll
  - MySql.Data.dll 9.4.0 at \\FEAP1313L\Users\edward.barreras\source\repos\LIVE\MIA SRC\packages\MySql.Data.9.4.0\lib\net48\MySql.Data.dll
  - Newtonsoft.Json.dll 13.0.3 at \\FEAP1313L\Users\edward.barreras\source\repos\LIVE\MIA SRC\packages\Newtonsoft.Json.13.0.3\lib\net45\Newtonsoft.Json.dll
  - SRCDailyReportv2.dll 1.0.0 at \\FEAP1313L\Users\edward.barreras\source\repos\LIVE\MIA SRC\ERP\bin\Debug\SRCDailyReportv2.dll
  - System.Buffers.dll 4.6.28619 at \\FEAP1313L\Users\edward.barreras\source\repos\LIVE\MIA SRC\packages\System.Buffers.4.5.1\lib\net461\System.Buffers.dll
  - System.ComponentModel.DataAnnotations.dll 4.8.3761 at C:\Program Files (x86)\Reference Assemblies\Microsoft\Framework\.NETFramework\v4.8\System.ComponentModel.DataAnnotations.dll
  - System.ComponentModel.dll 4.8.3761 at C:\Program Files (x86)\Reference Assemblies\Microsoft\Framework\.NETFramework\v4.8\Facades\System.ComponentModel.dll
  - System.Configuration.ConfigurationManager.dll 8.0.0 at \\FEAP1313L\Users\edward.barreras\source\repos\LIVE\MIA SRC\packages\System.Configuration.ConfigurationManager.8.0.0\lib\net462\System.Configuration.ConfigurationManager.dll
  - System.Configuration.dll 4.8.3761 at C:\Program Files (x86)\Reference Assemblies\Microsoft\Framework\.NETFramework\v4.8\System.Configuration.dll
  - System.Configuration.Install.dll 4.8.3761 at C:\Program Files (x86)\Reference Assemblies\Microsoft\Framework\.NETFramework\v4.8\System.Configuration.Install.dll
  - System.Core.dll 4.8.3761 at C:\Program Files (x86)\Reference Assemblies\Microsoft\Framework\.NETFramework\v4.8\System.Core.dll
  - System.Data.DataSetExtensions.dll 4.8.3761 at C:\Program Files (x86)\Reference Assemblies\Microsoft\Framework\.NETFramework\v4.8\System.Data.DataSetExtensions.dll
  - System.Data.dll 4.8.3761 at C:\Program Files (x86)\Reference Assemblies\Microsoft\Framework\.NETFramework\v4.8\System.Data.dll
  - System.Data.OleDb.dll 9.0.2 at \\FEAP1313L\Users\edward.barreras\source\repos\LIVE\MIA SRC\packages\System.Data.OleDb.9.0.2\lib\net462\System.Data.OleDb.dll
  - System.Deployment.dll 4.8.3761 at C:\Program Files (x86)\Reference Assemblies\Microsoft\Framework\.NETFramework\v4.8\System.Deployment.dll
  - System.Diagnostics.DiagnosticSource.dll 8.0.4 at \\FEAP1313L\Users\edward.barreras\source\repos\LIVE\MIA SRC\packages\System.Diagnostics.DiagnosticSource.8.0.1\lib\net462\System.Diagnostics.DiagnosticSource.dll
  - System.dll 4.8.3761 at C:\Program Files (x86)\Reference Assemblies\Microsoft\Framework\.NETFramework\v4.8\System.dll
  - System.Drawing.Design.dll 4.8.3761 at C:\Program Files (x86)\Reference Assemblies\Microsoft\Framework\.NETFramework\v4.8\System.Drawing.Design.dll
  - System.Drawing.dll 4.8.3761 at C:\Program Files (x86)\Reference Assemblies\Microsoft\Framework\.NETFramework\v4.8\System.Drawing.dll
  - System.IO.Pipelines.dll 5.0.15 at \\FEAP1313L\Users\edward.barreras\source\repos\LIVE\MIA SRC\packages\System.IO.Pipelines.5.0.2\lib\net461\System.IO.Pipelines.dll
  - System.Management.dll 4.8.3761 at C:\Program Files (x86)\Reference Assemblies\Microsoft\Framework\.NETFramework\v4.8\System.Management.dll
  - System.Memory.dll 4.6.31308 at \\FEAP1313L\Users\edward.barreras\source\repos\LIVE\MIA SRC\packages\System.Memory.4.5.5\lib\net461\System.Memory.dll
  - System.Messaging.dll 4.8.3761 at C:\Program Files (x86)\Reference Assemblies\Microsoft\Framework\.NETFramework\v4.8\System.Messaging.dll
  - System.Net.Http.Formatting.dll 5.2.7 at C:\Program Files\Microsoft Visual Studio\2022\Community\Common7\IDE\PublicAssemblies\System.Net.Http.Formatting.dll
  - System.Numerics.dll 4.8.3761 at C:\Program Files (x86)\Reference Assemblies\Microsoft\Framework\.NETFramework\v4.8\System.Numerics.dll
  - System.Numerics.Vectors.dll 4.6.26515 at \\FEAP1313L\Users\edward.barreras\source\repos\LIVE\MIA SRC\packages\System.Numerics.Vectors.4.5.0\lib\net46\System.Numerics.Vectors.dll
  - System.Runtime.CompilerServices.Unsafe.dll 6.1.0 at \\FEAP1313L\Users\edward.barreras\source\repos\LIVE\MIA SRC\packages\System.Runtime.CompilerServices.Unsafe.6.1.0\lib\net462\System.Runtime.CompilerServices.Unsafe.dll
  - System.Threading.Tasks.Extensions.dll 4.6.0 at \\FEAP1313L\Users\edward.barreras\source\repos\LIVE\MIA SRC\packages\System.Threading.Tasks.Extensions.4.6.0\lib\net462\System.Threading.Tasks.Extensions.dll
  - System.Transactions.dll 4.8.3761 at C:\Program Files (x86)\Reference Assemblies\Microsoft\Framework\.NETFramework\v4.8\System.Transactions.dll
  - System.Web.Extensions.dll 4.8.3761 at C:\Program Files (x86)\Reference Assemblies\Microsoft\Framework\.NETFramework\v4.8\System.Web.Extensions.dll
  - System.Windows.Forms.dll 4.8.3761 at C:\Program Files (x86)\Reference Assemblies\Microsoft\Framework\.NETFramework\v4.8\System.Windows.Forms.dll
  - System.Xml.dll 4.8.3761 at C:\Program Files (x86)\Reference Assemblies\Microsoft\Framework\.NETFramework\v4.8\System.Xml.dll
  - System.Xml.Linq.dll 4.8.3761 at C:\Program Files (x86)\Reference Assemblies\Microsoft\Framework\.NETFramework\v4.8\System.Xml.Linq.dll
  - Telerik.Documents.SpreadsheetStreaming.dll 2026.1.210 at \\FEAP1313L\Users\edward.barreras\source\repos\LIVE\MIA SRC\lib\RCWF\2026.1.210.462\Telerik.Documents.SpreadsheetStreaming.dll
  - Telerik.Licensing.Runtime.dll 1.8.2 at \\FEAP1313L\Users\edward.barreras\source\repos\LIVE\MIA SRC\packages\Telerik.Licensing.1.8.2\lib\net462\Telerik.Licensing.Runtime.dll
  - Telerik.Reporting.dll 19.1.25 at \\FEAP1313L\Users\edward.barreras\source\repos\LIVE\MIA SRC\ERP\bin\Debug\Telerik.Reporting.dll
  - Telerik.Reporting.Services.HttpClient.dll 19.1.25 at \\FEAP1313L\Users\edward.barreras\source\repos\LIVE\MIA SRC\ERP\bin\Debug\Telerik.Reporting.Services.HttpClient.dll
  - Telerik.Reporting.Services.ServiceStack.dll 19.1.25 at \\FEAP1313L\Users\edward.barreras\source\repos\LIVE\MIA SRC\ERP\bin\Debug\Telerik.Reporting.Services.ServiceStack.dll
  - Telerik.ReportViewer.WinForms.dll 19.1.25 at \\FEAP1313L\Users\edward.barreras\source\repos\LIVE\MIA SRC\ERP\bin\Debug\Telerik.ReportViewer.WinForms.dll
  - Telerik.ReportViewer.Wpf.dll 19.1.25 at \\FEAP1313L\Users\edward.barreras\source\repos\LIVE\MIA SRC\ERP\bin\Debug\Telerik.ReportViewer.Wpf.dll
  - Telerik.WinControls.dll 2026.1.210 at \\FEAP1313L\Users\edward.barreras\source\repos\LIVE\MIA SRC\lib\RCWF\2026.1.210.462\Telerik.WinControls.dll
  - Telerik.WinControls.GridView.dll 2026.1.210 at \\FEAP1313L\Users\edward.barreras\source\repos\LIVE\MIA SRC\lib\RCWF\2026.1.210.462\Telerik.WinControls.GridView.dll
  - Telerik.WinControls.RadDock.dll 2026.1.210 at \\FEAP1313L\Users\edward.barreras\source\repos\LIVE\MIA SRC\lib\RCWF\2026.1.210.462\Telerik.WinControls.RadDock.dll
  - Telerik.WinControls.Themes.Aqua.dll 2026.1.210 at \\FEAP1313L\Users\edward.barreras\source\repos\LIVE\MIA SRC\lib\RCWF\2026.1.210.462\Telerik.WinControls.Themes.Aqua.dll
  - Telerik.WinControls.Themes.Breeze.dll 2026.1.210 at \\FEAP1313L\Users\edward.barreras\source\repos\LIVE\MIA SRC\lib\RCWF\2026.1.210.462\Telerik.WinControls.Themes.Breeze.dll
  - Telerik.WinControls.Themes.Crystal.dll 2026.1.210 at \\FEAP1313L\Users\edward.barreras\source\repos\LIVE\MIA SRC\lib\RCWF\2026.1.210.462\Telerik.WinControls.Themes.Crystal.dll
  - Telerik.WinControls.Themes.CrystalDark.dll 2026.1.210 at \\FEAP1313L\Users\edward.barreras\source\repos\LIVE\MIA SRC\lib\RCWF\2026.1.210.462\Telerik.WinControls.Themes.CrystalDark.dll
  - Telerik.WinControls.Themes.Desert.dll 2026.1.210 at \\FEAP1313L\Users\edward.barreras\source\repos\LIVE\MIA SRC\lib\RCWF\2026.1.210.462\Telerik.WinControls.Themes.Desert.dll
  - Telerik.WinControls.Themes.Fluent.dll 2026.1.210 at \\FEAP1313L\Users\edward.barreras\source\repos\LIVE\MIA SRC\lib\RCWF\2026.1.210.462\Telerik.WinControls.Themes.Fluent.dll
  - Telerik.WinControls.Themes.FluentDark.dll 2026.1.210 at \\FEAP1313L\Users\edward.barreras\source\repos\LIVE\MIA SRC\lib\RCWF\2026.1.210.462\Telerik.WinControls.Themes.FluentDark.dll
  - Telerik.WinControls.Themes.HighContrastBlack.dll 2026.1.210 at \\FEAP1313L\Users\edward.barreras\source\repos\LIVE\MIA SRC\lib\RCWF\2026.1.210.462\Telerik.WinControls.Themes.HighContrastBlack.dll
  - Telerik.WinControls.Themes.Material.dll 2026.1.210 at \\FEAP1313L\Users\edward.barreras\source\repos\LIVE\MIA SRC\lib\RCWF\2026.1.210.462\Telerik.WinControls.Themes.Material.dll
  - Telerik.WinControls.Themes.MaterialBlueGrey.dll 2026.1.210 at \\FEAP1313L\Users\edward.barreras\source\repos\LIVE\MIA SRC\lib\RCWF\2026.1.210.462\Telerik.WinControls.Themes.MaterialBlueGrey.dll
  - Telerik.WinControls.Themes.MaterialPink.dll 2026.1.210 at \\FEAP1313L\Users\edward.barreras\source\repos\LIVE\MIA SRC\lib\RCWF\2026.1.210.462\Telerik.WinControls.Themes.MaterialPink.dll
  - Telerik.WinControls.Themes.MaterialTeal.dll 2026.1.210 at \\FEAP1313L\Users\edward.barreras\source\repos\LIVE\MIA SRC\lib\RCWF\2026.1.210.462\Telerik.WinControls.Themes.MaterialTeal.dll
  - Telerik.WinControls.Themes.Office2007Black.dll 2026.1.210 at \\FEAP1313L\Users\edward.barreras\source\repos\LIVE\MIA SRC\lib\RCWF\2026.1.210.462\Telerik.WinControls.Themes.Office2007Black.dll
  - Telerik.WinControls.Themes.Office2010Black.dll 2026.1.210 at \\FEAP1313L\Users\edward.barreras\source\repos\LIVE\MIA SRC\lib\RCWF\2026.1.210.462\Telerik.WinControls.Themes.Office2010Black.dll
  - Telerik.WinControls.Themes.Office2010Blue.dll 2026.1.210 at \\FEAP1313L\Users\edward.barreras\source\repos\LIVE\MIA SRC\lib\RCWF\2026.1.210.462\Telerik.WinControls.Themes.Office2010Blue.dll
  - Telerik.WinControls.Themes.Office2010Silver.dll 2026.1.210 at \\FEAP1313L\Users\edward.barreras\source\repos\LIVE\MIA SRC\lib\RCWF\2026.1.210.462\Telerik.WinControls.Themes.Office2010Silver.dll
  - Telerik.WinControls.Themes.Office2013Dark.dll 2026.1.210 at \\FEAP1313L\Users\edward.barreras\source\repos\LIVE\MIA SRC\lib\RCWF\2026.1.210.462\Telerik.WinControls.Themes.Office2013Dark.dll
  - Telerik.WinControls.Themes.Office2013Light.dll 2026.1.210 at \\FEAP1313L\Users\edward.barreras\source\repos\LIVE\MIA SRC\lib\RCWF\2026.1.210.462\Telerik.WinControls.Themes.Office2013Light.dll
  - Telerik.WinControls.Themes.TelerikMetroBlue.dll 2026.1.210 at \\FEAP1313L\Users\edward.barreras\source\repos\LIVE\MIA SRC\lib\RCWF\2026.1.210.462\Telerik.WinControls.Themes.TelerikMetroBlue.dll
  - Telerik.WinControls.Themes.VisualStudio2012Dark.dll 2026.1.210 at \\FEAP1313L\Users\edward.barreras\source\repos\LIVE\MIA SRC\lib\RCWF\2026.1.210.462\Telerik.WinControls.Themes.VisualStudio2012Dark.dll
  - Telerik.WinControls.Themes.VisualStudio2012Light.dll 2026.1.210 at \\FEAP1313L\Users\edward.barreras\source\repos\LIVE\MIA SRC\lib\RCWF\2026.1.210.462\Telerik.WinControls.Themes.VisualStudio2012Light.dll
  - Telerik.WinControls.Themes.Windows7.dll 2026.1.210 at \\FEAP1313L\Users\edward.barreras\source\repos\LIVE\MIA SRC\lib\RCWF\2026.1.210.462\Telerik.WinControls.Themes.Windows7.dll
  - Telerik.WinControls.Themes.Windows8.dll 2026.1.210 at \\FEAP1313L\Users\edward.barreras\source\repos\LIVE\MIA SRC\lib\RCWF\2026.1.210.462\Telerik.WinControls.Themes.Windows8.dll
  - Telerik.WinControls.UI.dll 2026.1.210 at \\FEAP1313L\Users\edward.barreras\source\repos\LIVE\MIA SRC\lib\RCWF\2026.1.210.462\Telerik.WinControls.UI.dll
  - Telerik.Windows.Documents.Core.dll 2026.1.210 at \\FEAP1313L\Users\edward.barreras\source\repos\LIVE\MIA SRC\lib\RCWF\2026.1.210.462\Telerik.Windows.Documents.Core.dll
  - Telerik.Windows.Documents.Fixed.dll 2026.1.210 at \\FEAP1313L\Users\edward.barreras\source\repos\LIVE\MIA SRC\lib\RCWF\2026.1.210.462\Telerik.Windows.Documents.Fixed.dll
  - Telerik.Windows.Documents.Spreadsheet.dll 2026.1.210 at \\FEAP1313L\Users\edward.barreras\source\repos\LIVE\MIA SRC\lib\RCWF\2026.1.210.462\Telerik.Windows.Documents.Spreadsheet.dll
  - Telerik.Windows.Documents.Spreadsheet.FormatProviders.OpenXml.dll 2026.1.210 at \\FEAP1313L\Users\edward.barreras\source\repos\LIVE\MIA SRC\lib\RCWF\2026.1.210.462\Telerik.Windows.Documents.Spreadsheet.FormatProviders.OpenXml.dll
  - Telerik.Windows.Documents.Spreadsheet.FormatProviders.Pdf.dll 2026.1.210 at \\FEAP1313L\Users\edward.barreras\source\repos\LIVE\MIA SRC\lib\RCWF\2026.1.210.462\Telerik.Windows.Documents.Spreadsheet.FormatProviders.Pdf.dll
  - Telerik.Windows.Documents.Spreadsheet.FormatProviders.Xls.dll 2026.1.210 at \\FEAP1313L\Users\edward.barreras\source\repos\LIVE\MIA SRC\lib\RCWF\2026.1.210.462\Telerik.Windows.Documents.Spreadsheet.FormatProviders.Xls.dll
  - Telerik.Windows.Zip.dll 2026.1.210 at \\FEAP1313L\Users\edward.barreras\source\repos\LIVE\MIA SRC\lib\RCWF\2026.1.210.462\Telerik.Windows.Zip.dll
  - TelerikCommon.dll 2026.1.210 at \\FEAP1313L\Users\edward.barreras\source\repos\LIVE\MIA SRC\lib\RCWF\2026.1.210.462\TelerikCommon.dll
  - TelerikExport.dll 2026.1.210 at \\FEAP1313L\Users\edward.barreras\source\repos\LIVE\MIA SRC\lib\RCWF\2026.1.210.462\TelerikExport.dll
  - Ubiety.Dns.Core.dll 2.2.1 at \\FEAP1313L\Users\edward.barreras\source\repos\LIVE\MIA SRC\ERP\bin\Debug\Ubiety.Dns.Core.dll
  - WindowsBase.dll 4.8.3761 at C:\Program Files (x86)\Reference Assemblies\Microsoft\Framework\.NETFramework\v4.8\WindowsBase.dll
  - ZstdSharp.dll 0.8.5 at \\FEAP1313L\Users\edward.barreras\source\repos\LIVE\MIA SRC\packages\ZstdSharp.Port.0.8.5\lib\net462\ZstdSharp.dll
  MachineId=2xQjveFWQf4bUNzPt3x/SIfuym0=

[2026-03-23 15:43:56.239] [Low]   Looking for Telerik product metadata in referenced assemblies
      - \\FEAP1313L\Users\edward.barreras\source\repos\LIVE\MIA SRC\lib\RCWF\2026.1.210.462\Telerik.Documents.SpreadsheetStreaming.dll
        ProductCode: DPL, LicenseDate: 2026-02-10, Redistributed By: RCWPF, RCWF, MAUI, UIXAM, WINUI, RCAJAX, KENDOUIMVC, UIASPCORE, BLAZOR, ProductName: Telerik Document Processing Libraries, ProductVersion: 2026.1.210.462, Flags: None
      - \\FEAP1313L\Users\edward.barreras\source\repos\LIVE\MIA SRC\ERP\bin\Debug\Telerik.Reporting.dll
        ProductCode: REPORTING, LicenseDate: 2025-05-21, ProductName: Telerik Reporting, ProductVersion: 19.1.25.521, Flags: None
      - \\FEAP1313L\Users\edward.barreras\source\repos\LIVE\MIA SRC\lib\RCWF\2026.1.210.462\Telerik.WinControls.dll
        ProductCode: RCWF, LicenseDate: 2026-02-10, ProductName: Telerik UI for WinForms, ProductVersion: 2026.1.210.462, Flags: None
      - \\FEAP1313L\Users\edward.barreras\source\repos\LIVE\MIA SRC\lib\RCWF\2026.1.210.462\Telerik.WinControls.GridView.dll
        ProductCode: RCWF, LicenseDate: 2026-02-10, ProductName: Telerik UI for WinForms, ProductVersion: 2026.1.210.462, Flags: None
      - \\FEAP1313L\Users\edward.barreras\source\repos\LIVE\MIA SRC\lib\RCWF\2026.1.210.462\Telerik.WinControls.RadDock.dll
        ProductCode: RCWF, LicenseDate: 2026-02-10, ProductName: Telerik UI for WinForms, ProductVersion: 2026.1.210.462, Flags: None
      - \\FEAP1313L\Users\edward.barreras\source\repos\LIVE\MIA SRC\lib\RCWF\2026.1.210.462\Telerik.WinControls.Themes.Aqua.dll
        ProductCode: RCWF, LicenseDate: 2026-02-10, ProductName: Telerik UI for WinForms, ProductVersion: 2026.1.210.462, Flags: None
      - \\FEAP1313L\Users\edward.barreras\source\repos\LIVE\MIA SRC\lib\RCWF\2026.1.210.462\Telerik.WinControls.Themes.Breeze.dll
        ProductCode: RCWF, LicenseDate: 2026-02-10, ProductName: Telerik UI for WinForms, ProductVersion: 2026.1.210.462, Flags: None
      - \\FEAP1313L\Users\edward.barreras\source\repos\LIVE\MIA SRC\lib\RCWF\2026.1.210.462\Telerik.WinControls.Themes.Crystal.dll
        ProductCode: RCWF, LicenseDate: 2026-02-10, ProductName: Telerik UI for WinForms, ProductVersion: 2026.1.210.462, Flags: None
      - \\FEAP1313L\Users\edward.barreras\source\repos\LIVE\MIA SRC\lib\RCWF\2026.1.210.462\Telerik.WinControls.Themes.CrystalDark.dll
        ProductCode: RCWF, LicenseDate: 2026-02-10, ProductName: Telerik UI for WinForms, ProductVersion: 2026.1.210.462, Flags: None
      - \\FEAP1313L\Users\edward.barreras\source\repos\LIVE\MIA SRC\lib\RCWF\2026.1.210.462\Telerik.WinControls.Themes.Desert.dll
        ProductCode: RCWF, LicenseDate: 2026-02-10, ProductName: Telerik UI for WinForms, ProductVersion: 2026.1.210.462, Flags: None
      - \\FEAP1313L\Users\edward.barreras\source\repos\LIVE\MIA SRC\lib\RCWF\2026.1.210.462\Telerik.WinControls.Themes.Fluent.dll
        ProductCode: RCWF, LicenseDate: 2026-02-10, ProductName: Telerik UI for WinForms, ProductVersion: 2026.1.210.462, Flags: None
      - \\FEAP1313L\Users\edward.barreras\source\repos\LIVE\MIA SRC\lib\RCWF\2026.1.210.462\Telerik.WinControls.Themes.FluentDark.dll
        ProductCode: RCWF, LicenseDate: 2026-02-10, ProductName: Telerik UI for WinForms, ProductVersion: 2026.1.210.462, Flags: None
      - \\FEAP1313L\Users\edward.barreras\source\repos\LIVE\MIA SRC\lib\RCWF\2026.1.210.462\Telerik.WinControls.Themes.HighContrastBlack.dll
        ProductCode: RCWF, LicenseDate: 2026-02-10, ProductName: Telerik UI for WinForms, ProductVersion: 2026.1.210.462, Flags: None
      - \\FEAP1313L\Users\edward.barreras\source\repos\LIVE\MIA SRC\lib\RCWF\2026.1.210.462\Telerik.WinControls.Themes.Material.dll
        ProductCode: RCWF, LicenseDate: 2026-02-10, ProductName: Telerik UI for WinForms, ProductVersion: 2026.1.210.462, Flags: None
      - \\FEAP1313L\Users\edward.barreras\source\repos\LIVE\MIA SRC\lib\RCWF\2026.1.210.462\Telerik.WinControls.Themes.MaterialBlueGrey.dll
        ProductCode: RCWF, LicenseDate: 2026-02-10, ProductName: Telerik UI for WinForms, ProductVersion: 2026.1.210.462, Flags: None
      - \\FEAP1313L\Users\edward.barreras\source\repos\LIVE\MIA SRC\lib\RCWF\2026.1.210.462\Telerik.WinControls.Themes.MaterialPink.dll
        ProductCode: RCWF, LicenseDate: 2026-02-10, ProductName: Telerik UI for WinForms, ProductVersion: 2026.1.210.462, Flags: None
      - \\FEAP1313L\Users\edward.barreras\source\repos\LIVE\MIA SRC\lib\RCWF\2026.1.210.462\Telerik.WinControls.Themes.MaterialTeal.dll
        ProductCode: RCWF, LicenseDate: 2026-02-10, ProductName: Telerik UI for WinForms, ProductVersion: 2026.1.210.462, Flags: None
      - \\FEAP1313L\Users\edward.barreras\source\repos\LIVE\MIA SRC\lib\RCWF\2026.1.210.462\Telerik.WinControls.Themes.Office2007Black.dll
        ProductCode: RCWF, LicenseDate: 2026-02-10, ProductName: Telerik UI for WinForms, ProductVersion: 2026.1.210.462, Flags: None
      - \\FEAP1313L\Users\edward.barreras\source\repos\LIVE\MIA SRC\lib\RCWF\2026.1.210.462\Telerik.WinControls.Themes.Office2010Black.dll
        ProductCode: RCWF, LicenseDate: 2026-02-10, ProductName: Telerik UI for WinForms, ProductVersion: 2026.1.210.462, Flags: None
      - \\FEAP1313L\Users\edward.barreras\source\repos\LIVE\MIA SRC\lib\RCWF\2026.1.210.462\Telerik.WinControls.Themes.Office2010Blue.dll
        ProductCode: RCWF, LicenseDate: 2026-02-10, ProductName: Telerik UI for WinForms, ProductVersion: 2026.1.210.462, Flags: None
      - \\FEAP1313L\Users\edward.barreras\source\repos\LIVE\MIA SRC\lib\RCWF\2026.1.210.462\Telerik.WinControls.Themes.Office2010Silver.dll
        ProductCode: RCWF, LicenseDate: 2026-02-10, ProductName: Telerik UI for WinForms, ProductVersion: 2026.1.210.462, Flags: None
      - \\FEAP1313L\Users\edward.barreras\source\repos\LIVE\MIA SRC\lib\RCWF\2026.1.210.462\Telerik.WinControls.Themes.Office2013Dark.dll
        ProductCode: RCWF, LicenseDate: 2026-02-10, ProductName: Telerik UI for WinForms, ProductVersion: 2026.1.210.462, Flags: None
      - \\FEAP1313L\Users\edward.barreras\source\repos\LIVE\MIA SRC\lib\RCWF\2026.1.210.462\Telerik.WinControls.Themes.Office2013Light.dll
        ProductCode: RCWF, LicenseDate: 2026-02-10, ProductName: Telerik UI for WinForms, ProductVersion: 2026.1.210.462, Flags: None
      - \\FEAP1313L\Users\edward.barreras\source\repos\LIVE\MIA SRC\lib\RCWF\2026.1.210.462\Telerik.WinControls.Themes.TelerikMetroBlue.dll
        ProductCode: RCWF, LicenseDate: 2026-02-10, ProductName: Telerik UI for WinForms, ProductVersion: 2026.1.210.462, Flags: None
      - \\FEAP1313L\Users\edward.barreras\source\repos\LIVE\MIA SRC\lib\RCWF\2026.1.210.462\Telerik.WinControls.Themes.VisualStudio2012Dark.dll
        ProductCode: RCWF, LicenseDate: 2026-02-10, ProductName: Telerik UI for WinForms, ProductVersion: 2026.1.210.462, Flags: None
      - \\FEAP1313L\Users\edward.barreras\source\repos\LIVE\MIA SRC\lib\RCWF\2026.1.210.462\Telerik.WinControls.Themes.VisualStudio2012Light.dll
        ProductCode: RCWF, LicenseDate: 2026-02-10, ProductName: Telerik UI for WinForms, ProductVersion: 2026.1.210.462, Flags: None
      - \\FEAP1313L\Users\edward.barreras\source\repos\LIVE\MIA SRC\lib\RCWF\2026.1.210.462\Telerik.WinControls.Themes.Windows7.dll
        ProductCode: RCWF, LicenseDate: 2026-02-10, ProductName: Telerik UI for WinForms, ProductVersion: 2026.1.210.462, Flags: None
      - \\FEAP1313L\Users\edward.barreras\source\repos\LIVE\MIA SRC\lib\RCWF\2026.1.210.462\Telerik.WinControls.Themes.Windows8.dll
        ProductCode: RCWF, LicenseDate: 2026-02-10, ProductName: Telerik UI for WinForms, ProductVersion: 2026.1.210.462, Flags: None
      - \\FEAP1313L\Users\edward.barreras\source\repos\LIVE\MIA SRC\lib\RCWF\2026.1.210.462\Telerik.WinControls.UI.dll
        ProductCode: RCWF, LicenseDate: 2026-02-10, ProductName: Telerik UI for WinForms, ProductVersion: 2026.1.210.462, Flags: None
      - \\FEAP1313L\Users\edward.barreras\source\repos\LIVE\MIA SRC\lib\RCWF\2026.1.210.462\Telerik.Windows.Documents.Core.dll
        ProductCode: DPL, LicenseDate: 2026-02-10, Redistributed By: RCWPF, RCWF, MAUI, UIXAM, WINUI, RCAJAX, KENDOUIMVC, UIASPCORE, BLAZOR, ProductName: Telerik Document Processing Libraries, ProductVersion: 2026.1.210.462, Flags: None
      - \\FEAP1313L\Users\edward.barreras\source\repos\LIVE\MIA SRC\lib\RCWF\2026.1.210.462\Telerik.Windows.Documents.Fixed.dll
        ProductCode: DPL, LicenseDate: 2026-02-10, Redistributed By: RCWPF, RCWF, MAUI, UIXAM, WINUI, RCAJAX, KENDOUIMVC, UIASPCORE, BLAZOR, ProductName: Telerik Document Processing Libraries, ProductVersion: 2026.1.210.462, Flags: None
      - \\FEAP1313L\Users\edward.barreras\source\repos\LIVE\MIA SRC\lib\RCWF\2026.1.210.462\Telerik.Windows.Documents.Spreadsheet.dll
        ProductCode: DPL, LicenseDate: 2026-02-10, Redistributed By: RCWPF, RCWF, MAUI, UIXAM, WINUI, RCAJAX, KENDOUIMVC, UIASPCORE, BLAZOR, ProductName: Telerik Document Processing Libraries, ProductVersion: 2026.1.210.462, Flags: None
      - \\FEAP1313L\Users\edward.barreras\source\repos\LIVE\MIA SRC\lib\RCWF\2026.1.210.462\Telerik.Windows.Documents.Spreadsheet.FormatProviders.Pdf.dll
        ProductCode: DPL, LicenseDate: 2026-02-10, Redistributed By: RCWPF, RCWF, MAUI, UIXAM, WINUI, RCAJAX, KENDOUIMVC, UIASPCORE, BLAZOR, ProductName: Telerik Document Processing Libraries, ProductVersion: 2026.1.210.462, Flags: None
      - \\FEAP1313L\Users\edward.barreras\source\repos\LIVE\MIA SRC\lib\RCWF\2026.1.210.462\Telerik.Windows.Documents.Spreadsheet.FormatProviders.Xls.dll
        ProductCode: DPL, LicenseDate: 2026-02-10, Redistributed By: RCWPF, RCWF, MAUI, UIXAM, WINUI, RCAJAX, KENDOUIMVC, UIASPCORE, BLAZOR, ProductName: Telerik Document Processing Libraries, ProductVersion: 2026.1.210.462, Flags: None
      - \\FEAP1313L\Users\edward.barreras\source\repos\LIVE\MIA SRC\lib\RCWF\2026.1.210.462\Telerik.Windows.Zip.dll
        ProductCode: DPL, LicenseDate: 2026-02-10, Redistributed By: RCWPF, RCWF, MAUI, UIXAM, WINUI, RCAJAX, KENDOUIMVC, UIASPCORE, BLAZOR, ProductName: Telerik Document Processing Libraries, ProductVersion: 2026.1.210.462, Flags: None
      - \\FEAP1313L\Users\edward.barreras\source\repos\LIVE\MIA SRC\lib\RCWF\2026.1.210.462\TelerikCommon.dll
        ProductCode: RCWF, LicenseDate: 2026-02-10, ProductName: Telerik UI for WinForms, ProductVersion: 2026.1.210.462, Flags: None
      - \\FEAP1313L\Users\edward.barreras\source\repos\LIVE\MIA SRC\lib\RCWF\2026.1.210.462\TelerikExport.dll
        ProductCode: RCWF, LicenseDate: 2026-02-10, ProductName: Telerik UI for WinForms, ProductVersion: 2026.1.210.462, Flags: None
      Unique Products:
      - "Telerik Document Processing Libraries" (DPL) 2026.1.210.462 @2026-02-10
      - "Telerik UI for WinForms" (RCWF) 2026.1.210.462 @2026-02-10
      - "Telerik Reporting" (REPORTING) 19.1.25.521 @2025-05-21
      Found a total of 3 referenced Telerik products for 

[2026-03-23 15:43:56.291] [Low]   Provision Licensing
        Looking up license file...
        - EnvironmentVariablePath: TELERIK_LICENSE_PATH (NotAvailable)
        - EnvironmentVariable: TELERIK_LICENSE (NotAvailable)
        - EnvironmentVariable: KENDO_UI_LICENSE (NotAvailable)
        - RecursiveFilePath: \\FEAP1313L\Users\edward.barreras\source\repos\LIVE\MIA SRC\ERP\telerik-license.txt (NotAvailable)
        - RecursiveFilePath: \\FEAP1313L\Users\edward.barreras\source\repos\LIVE\MIA SRC\ERP\kendo-ui-license.txt (NotAvailable)
        - RecursiveFilePath: \\FEAP1313L\Users\edward.barreras\source\repos\LIVE\MIA SRC\telerik-license.txt (LicenseFound)
        - RecursiveFilePath: \\FEAP1313L\Users\edward.barreras\source\repos\LIVE\MIA SRC\kendo-ui-license.txt (Skip)
        - RecursiveFilePath: \\FEAP1313L\Users\edward.barreras\source\repos\LIVE\telerik-license.txt (Skip)
        - RecursiveFilePath: \\FEAP1313L\Users\edward.barreras\source\repos\LIVE\kendo-ui-license.txt (Skip)
        - RecursiveFilePath: \\FEAP1313L\Users\edward.barreras\source\repos\telerik-license.txt (Skip)
        - RecursiveFilePath: \\FEAP1313L\Users\edward.barreras\source\repos\kendo-ui-license.txt (Skip)
        - RecursiveFilePath: \\FEAP1313L\Users\edward.barreras\source\telerik-license.txt (Skip)
        - RecursiveFilePath: \\FEAP1313L\Users\edward.barreras\source\kendo-ui-license.txt (Skip)
        - RecursiveFilePath: \\FEAP1313L\Users\edward.barreras\telerik-license.txt (Skip)
        - RecursiveFilePath: \\FEAP1313L\Users\edward.barreras\kendo-ui-license.txt (Skip)
        - RecursiveFilePath: \\FEAP1313L\Users\telerik-license.txt (Skip)
        - RecursiveFilePath: \\FEAP1313L\Users\kendo-ui-license.txt (Skip)
        - UserDirectory: C:\Users\edward.barreras\AppData\Roaming\Telerik\telerik-license.txt (Skip)
        - UserDirectory: C:\Users\edward.barreras\AppData\Roaming\Telerik\kendo-ui-license.txt (Skip)
        LicenseKey
        - AUD: f***.m**@f***************.com
        - UsedId: ab69b8b5-c84c-45ed-8228-81dac868c759
        - LicenseId: e7eaafda-87c7-42d6-9ce6-49a541b8c4ed
        - IssuedAt: 1/20/2026 6:35:06 AM
        - Licenses
          0) Perpetual BLAZOR, expiration 9/25/2027 12:49:33 PM, type: 'perpetual'
          1) Perpetual JM, expiration 9/25/2027 12:49:33 PM, type: 'perpetual'
          2) Perpetual KENDOUIANGULAR, expiration 9/25/2027 12:49:33 PM, type: 'perpetual'
          3) Perpetual KENDOUICOMPLETE, expiration 9/25/2027 12:49:33 PM, type: 'perpetual'
          4) Perpetual KENDOUIMVC, expiration 9/25/2027 12:49:33 PM, type: 'perpetual'
          5) Perpetual KENDOUIREACT, expiration 9/25/2027 12:49:33 PM, type: 'perpetual'
          6) Perpetual KENDOUIVUE, expiration 9/25/2027 12:49:33 PM, type: 'perpetual'
          7) Perpetual MAUI, expiration 9/25/2027 12:49:33 PM, type: 'perpetual'
          8) Perpetual RCAJAX, expiration 9/25/2027 12:49:33 PM, type: 'perpetual'
          9) Perpetual RCWF, expiration 9/25/2027 12:49:33 PM, type: 'perpetual'
          10) Perpetual RCWPF, expiration 9/25/2027 12:49:33 PM, type: 'perpetual'
          11) Perpetual REPORTING, expiration 9/25/2027 12:49:33 PM, type: 'perpetual'
          12) Perpetual REPORTSERVER, expiration 9/25/2027 12:49:33 PM, type: 'perpetual'
          13) Perpetual UIASPCORE, expiration 9/25/2027 12:49:33 PM, type: 'perpetual'
          14) Perpetual UIXAM, expiration 2/19/2025 6:00:00 AM, type: 'perpetual'
          15) Perpetual WINUI, expiration 9/25/2027 12:49:33 PM, type: 'perpetual'
          16) Usage UserId: ab69b8b5-c84c-45ed-8228-81dac868c759, LicenseId: e7eaafda-87c7-42d6-9ce6-49a541b8c4ed, type: 'usage'

[2026-03-23 15:43:56.299] [Low]   License Resolution
        Messages
          - License OK for "Telerik UI for WinForms" (RCWF) 2026.1.210.462 @2026-02-10 - Perpetual, valid until 2027-09-25.
          - License OK for "Telerik Reporting" (REPORTING) 19.1.25.521 @2025-05-21 - Perpetual, valid until 2027-09-25.
          - License OK for "Telerik Document Processing Libraries" (DPL) 2026.1.210.462 @2026-02-10 - Perpetual for RCWF, valid until 2027-09-25.
        JWTs
          - eyJhbGciOiJSUzI1NiIsInR5cCI6IlRlbGVyaWsgTGljZW5zZSBFdmlkZW5jZSJ9.eyJjb2RlIjoiUkNXRiIsInR5cGUiOiJwZXJwZXR1YWwiLCJleHBpcmF0aW9uIjoxODIxODc2NTczLCJ1c2VySWQiOiJhYjY5YjhiNS1jODRjLTQ1ZWQtODIyOC04MWRhYzg2OGM3NTkiLCJsaWNlbnNlSWQiOiJlN2VhYWZkYS04N2M3LTQyZDYtOWNlNi00OWE1NDFiOGM0ZWQifQ.H8sxX5O2T3i22Uhy0PFV3YDo-lS1iHVocWX9Eu-82PheI3XbKMkEr7QiChWfuNwS9afgR7PMGy4_nx9HXRV5V9cRQ1zWvIkJsG2EbadPtKlygaAkCh-FXSRVflm3WITNHIAYfazZa26sHSnqBW_XRbH3o0GQkqVYkLlxLuLuKa4M7LlA1KtQZcVFhOH2oaXQoxfrkUMQxNFCz0JdI76T1YJNrAwxpXri8KUzfoDwKhY-IhN-bU25hJs19yGvWykTuZqrZ3lv603aQkaCaPnlF_tHROsmC7nbV4aaxaSHRF1PVD5lqsAhkA5OdGmqH8Kq9F5mhRXVVwYWf3WBcxZKkg
          - eyJhbGciOiJSUzI1NiIsInR5cCI6IlRlbGVyaWsgTGljZW5zZSBFdmlkZW5jZSJ9.eyJjb2RlIjoiUkVQT1JUSU5HIiwidHlwZSI6InBlcnBldHVhbCIsImV4cGlyYXRpb24iOjE4MjE4NzY1NzMsInVzZXJJZCI6ImFiNjliOGI1LWM4NGMtNDVlZC04MjI4LTgxZGFjODY4Yzc1OSIsImxpY2Vuc2VJZCI6ImU3ZWFhZmRhLTg3YzctNDJkNi05Y2U2LTQ5YTU0MWI4YzRlZCJ9.vMdezVVvhtRG-iThgXrXFDyr8L394y38spuHWK9Cyc_b9XZ2iHzEwyT9dLgOqBfvEQM3-GKFcOW6O4-_SSwoIjNhm9paVKSVEmeonMfEOgZjOXuqYFCrXmegYUefJNkHmL6P9cB0CPtA_PThVXqg_RGtCMGEoTW_ISG2ymjLnKXwuGf3uQoTxYWCmdBVMAeZHBlzpUh7aJ78fWmWbIvGf_jrykaFhCaWML2yJHyAjHIH1uzf088pGqdOeDvhBQsIva3Hg0KPLptC4ZqxkkVyYHFvvqFgwwkv8O3ex6Df238honjg-11aXIid1Ad6SSsrqEuKqHBUF__HbdhN0AvfLg
        Licenses
          - License OK for "Telerik UI for WinForms" (RCWF) 2026.1.210.462 @2026-02-10 - Perpetual, valid until 2027-09-25.
          - License OK for "Telerik Reporting" (REPORTING) 19.1.25.521 @2025-05-21 - Perpetual, valid until 2027-09-25.
          - License OK for "Telerik Document Processing Libraries" (DPL) 2026.1.210.462 @2026-02-10 - Perpetual for RCWF, valid until 2027-09-25.

[2026-03-23 15:43:56.304] [Low] OutputType: WinExe, ImportXamlTargets: True
[2026-03-23 15:43:56.320] [Low] 
      Call-Home Telerik Products (3 for )
      - "Telerik UI for WinForms" (RCWF) 2026.1.210
      - "DPL" (DPL) 2026.1.210
      - "Telerik Reporting" (REPORTING) 19.1.25

[2026-03-23 15:43:56.320] [Low] 
[2026-03-23 15:43:56.322] [Low] 
      Call-Home Telerik Features (0 for )

[2026-03-23 15:43:56.322] [Low] 
[2026-03-23 15:43:56.375] [Low]   Report Telerik.Licensing
        UserId: ab69b8b5-c84c-45ed-8228-81dac868c759
        LicenseId: e7eaafda-87c7-42d6-9ce6-49a541b8c4ed
        Products
        - LicenseUsed RCWF 2026.1.210.462 SKIPPED
        - LicenseUsed REPORTING 19.1.25.521 SKIPPED
        - LicenseUsed DPL 2026.1.210.462 SKIPPED
      Report finished in 00:00:00.0473104

[2026-03-23 15:43:56.379] [Low]   Sending Telemetry...
[2026-03-23 15:43:56.408] [Low]   Metrics done 00:00:00.0287196
[2026-03-23 15:43:56.410] [Normal] Resolve Telerik Products. Done (00:00:00.5212525) for 
[2026-03-23 15:44:26.928] [Normal] Resolve Telerik Products.
  MSBuildProjectName=2
  MSBuildProjectDirectory=\\FEAP1313L\Users\edward.barreras\source\repos\LIVE\MIA SRC\ERP
  MSBuildProjectExtension=.vbproj
  Language=VB
  OutputPath=bin\Debug\
  Platform=AnyCPU
  TargetFramework=
  TargetFrameworks=
  TargetFrameworkVersion=v4.8
  VisualStudioVersion=17.0
  UsingMicrosoftNETSdk=
  UsingMicrosoftNETSdkRazor=
  UsingMicrosoftNETSdkWeb=
  ImportXamlTargets=True
  OutputType=WinExe
  UseMaui=
  NuGetPackageRoot=

  PackageReferences
  ReferencePaths
  - BouncyCastle.Crypto.dll 1.8.3 at \\FEAP1313L\Users\edward.barreras\source\repos\LIVE\MIA SRC\packages\BouncyCastle.1.8.3.1\lib\BouncyCastle.Crypto.dll
  - BouncyCastle.Cryptography.dll 2.5.1 at \\FEAP1313L\Users\edward.barreras\source\repos\LIVE\MIA SRC\packages\BouncyCastle.Cryptography.2.5.1\lib\net461\BouncyCastle.Cryptography.dll
  - ClosedXML.dll 0.96.0 at \\FEAP1313L\Users\edward.barreras\source\repos\LIVE\MIA SRC\packages\ClosedXML.0.96.0\lib\net40\ClosedXML.dll
  - DocumentFormat.OpenXml.dll 2.16.0 at \\FEAP1313L\Users\edward.barreras\source\repos\LIVE\MIA SRC\packages\DocumentFormat.OpenXml.2.16.0\lib\net40\DocumentFormat.OpenXml.dll
  - ExcelNumberFormat.dll 1.1.0 at \\FEAP1313L\Users\edward.barreras\source\repos\LIVE\MIA SRC\packages\ExcelNumberFormat.1.1.0\lib\net20\ExcelNumberFormat.dll
  - FEAPNS.dll 1.0.0 at \\FEAP1313L\Users\edward.barreras\source\repos\LIVE\MIA SRC\ERP\bin\Debug\FEAPNS.dll
  - Gma.QrCodeNet.Encoding.dll 0.4.1 at \\FEAP1313L\Users\edward.barreras\source\repos\LIVE\MIA SRC\packages\Gma.QrCodeNet.0.4.1.2\lib\net40\Gma.QrCodeNet.Encoding.dll
  - Google.Protobuf.dll 3.30.0 at \\FEAP1313L\Users\edward.barreras\source\repos\LIVE\MIA SRC\packages\Google.Protobuf.3.30.0\lib\net45\Google.Protobuf.dll
  - K4os.Compression.LZ4.dll 1.3.8 at \\FEAP1313L\Users\edward.barreras\source\repos\LIVE\MIA SRC\packages\K4os.Compression.LZ4.1.3.8\lib\net462\K4os.Compression.LZ4.dll
  - K4os.Compression.LZ4.Streams.dll 1.3.8 at \\FEAP1313L\Users\edward.barreras\source\repos\LIVE\MIA SRC\packages\K4os.Compression.LZ4.Streams.1.3.8\lib\net462\K4os.Compression.LZ4.Streams.dll
  - K4os.Hash.xxHash.dll 1.0.8 at \\FEAP1313L\Users\edward.barreras\source\repos\LIVE\MIA SRC\packages\K4os.Hash.xxHash.1.0.8\lib\net462\K4os.Hash.xxHash.dll
  - MIA-Linq.dll 1.0.0 at \\FEAP1313L\Users\edward.barreras\source\repos\LIVE\MIA SRC\ERP\bin\Debug\MIA-Linq.dll
  - MIA-Report.dll 1.0.0 at \\FEAP1313L\Users\edward.barreras\source\repos\LIVE\MIA SRC\ERP\bin\Debug\MIA-Report.dll
  - Microsoft.Bcl.AsyncInterfaces.dll 5.0.0 at \\FEAP1313L\Users\edward.barreras\source\repos\LIVE\MIA SRC\packages\Microsoft.Bcl.AsyncInterfaces.5.0.0\lib\net461\Microsoft.Bcl.AsyncInterfaces.dll
  - Microsoft.CSharp.dll 4.8.3761 at C:\Program Files (x86)\Reference Assemblies\Microsoft\Framework\.NETFramework\v4.8\Microsoft.CSharp.dll
  - MySql.Data.dll 9.4.0 at \\FEAP1313L\Users\edward.barreras\source\repos\LIVE\MIA SRC\packages\MySql.Data.9.4.0\lib\net48\MySql.Data.dll
  - Newtonsoft.Json.dll 13.0.3 at \\FEAP1313L\Users\edward.barreras\source\repos\LIVE\MIA SRC\packages\Newtonsoft.Json.13.0.3\lib\net45\Newtonsoft.Json.dll
  - SRCDailyReportv2.dll 1.0.0 at \\FEAP1313L\Users\edward.barreras\source\repos\LIVE\MIA SRC\ERP\bin\Debug\SRCDailyReportv2.dll
  - System.Buffers.dll 4.6.28619 at \\FEAP1313L\Users\edward.barreras\source\repos\LIVE\MIA SRC\packages\System.Buffers.4.5.1\lib\net461\System.Buffers.dll
  - System.ComponentModel.DataAnnotations.dll 4.8.3761 at C:\Program Files (x86)\Reference Assemblies\Microsoft\Framework\.NETFramework\v4.8\System.ComponentModel.DataAnnotations.dll
  - System.ComponentModel.dll 4.8.3761 at C:\Program Files (x86)\Reference Assemblies\Microsoft\Framework\.NETFramework\v4.8\Facades\System.ComponentModel.dll
  - System.Configuration.ConfigurationManager.dll 8.0.0 at \\FEAP1313L\Users\edward.barreras\source\repos\LIVE\MIA SRC\packages\System.Configuration.ConfigurationManager.8.0.0\lib\net462\System.Configuration.ConfigurationManager.dll
  - System.Configuration.dll 4.8.3761 at C:\Program Files (x86)\Reference Assemblies\Microsoft\Framework\.NETFramework\v4.8\System.Configuration.dll
  - System.Configuration.Install.dll 4.8.3761 at C:\Program Files (x86)\Reference Assemblies\Microsoft\Framework\.NETFramework\v4.8\System.Configuration.Install.dll
  - System.Core.dll 4.8.3761 at C:\Program Files (x86)\Reference Assemblies\Microsoft\Framework\.NETFramework\v4.8\System.Core.dll
  - System.Data.DataSetExtensions.dll 4.8.3761 at C:\Program Files (x86)\Reference Assemblies\Microsoft\Framework\.NETFramework\v4.8\System.Data.DataSetExtensions.dll
  - System.Data.dll 4.8.3761 at C:\Program Files (x86)\Reference Assemblies\Microsoft\Framework\.NETFramework\v4.8\System.Data.dll
  - System.Data.OleDb.dll 9.0.2 at \\FEAP1313L\Users\edward.barreras\source\repos\LIVE\MIA SRC\packages\System.Data.OleDb.9.0.2\lib\net462\System.Data.OleDb.dll
  - System.Deployment.dll 4.8.3761 at C:\Program Files (x86)\Reference Assemblies\Microsoft\Framework\.NETFramework\v4.8\System.Deployment.dll
  - System.Diagnostics.DiagnosticSource.dll 8.0.4 at \\FEAP1313L\Users\edward.barreras\source\repos\LIVE\MIA SRC\packages\System.Diagnostics.DiagnosticSource.8.0.1\lib\net462\System.Diagnostics.DiagnosticSource.dll
  - System.dll 4.8.3761 at C:\Program Files (x86)\Reference Assemblies\Microsoft\Framework\.NETFramework\v4.8\System.dll
  - System.Drawing.Design.dll 4.8.3761 at C:\Program Files (x86)\Reference Assemblies\Microsoft\Framework\.NETFramework\v4.8\System.Drawing.Design.dll
  - System.Drawing.dll 4.8.3761 at C:\Program Files (x86)\Reference Assemblies\Microsoft\Framework\.NETFramework\v4.8\System.Drawing.dll
  - System.IO.Pipelines.dll 5.0.15 at \\FEAP1313L\Users\edward.barreras\source\repos\LIVE\MIA SRC\packages\System.IO.Pipelines.5.0.2\lib\net461\System.IO.Pipelines.dll
  - System.Management.dll 4.8.3761 at C:\Program Files (x86)\Reference Assemblies\Microsoft\Framework\.NETFramework\v4.8\System.Management.dll
  - System.Memory.dll 4.6.31308 at \\FEAP1313L\Users\edward.barreras\source\repos\LIVE\MIA SRC\packages\System.Memory.4.5.5\lib\net461\System.Memory.dll
  - System.Messaging.dll 4.8.3761 at C:\Program Files (x86)\Reference Assemblies\Microsoft\Framework\.NETFramework\v4.8\System.Messaging.dll
  - System.Net.Http.Formatting.dll 5.2.7 at C:\Program Files\Microsoft Visual Studio\2022\Community\Common7\IDE\PublicAssemblies\System.Net.Http.Formatting.dll
  - System.Numerics.dll 4.8.3761 at C:\Program Files (x86)\Reference Assemblies\Microsoft\Framework\.NETFramework\v4.8\System.Numerics.dll
  - System.Numerics.Vectors.dll 4.6.26515 at \\FEAP1313L\Users\edward.barreras\source\repos\LIVE\MIA SRC\packages\System.Numerics.Vectors.4.5.0\lib\net46\System.Numerics.Vectors.dll
  - System.Runtime.CompilerServices.Unsafe.dll 6.1.0 at \\FEAP1313L\Users\edward.barreras\source\repos\LIVE\MIA SRC\packages\System.Runtime.CompilerServices.Unsafe.6.1.0\lib\net462\System.Runtime.CompilerServices.Unsafe.dll
  - System.Threading.Tasks.Extensions.dll 4.6.0 at \\FEAP1313L\Users\edward.barreras\source\repos\LIVE\MIA SRC\packages\System.Threading.Tasks.Extensions.4.6.0\lib\net462\System.Threading.Tasks.Extensions.dll
  - System.Transactions.dll 4.8.3761 at C:\Program Files (x86)\Reference Assemblies\Microsoft\Framework\.NETFramework\v4.8\System.Transactions.dll
  - System.Web.Extensions.dll 4.8.3761 at C:\Program Files (x86)\Reference Assemblies\Microsoft\Framework\.NETFramework\v4.8\System.Web.Extensions.dll
  - System.Windows.Forms.dll 4.8.3761 at C:\Program Files (x86)\Reference Assemblies\Microsoft\Framework\.NETFramework\v4.8\System.Windows.Forms.dll
  - System.Xml.dll 4.8.3761 at C:\Program Files (x86)\Reference Assemblies\Microsoft\Framework\.NETFramework\v4.8\System.Xml.dll
  - System.Xml.Linq.dll 4.8.3761 at C:\Program Files (x86)\Reference Assemblies\Microsoft\Framework\.NETFramework\v4.8\System.Xml.Linq.dll
  - Telerik.Documents.SpreadsheetStreaming.dll 2026.1.210 at \\FEAP1313L\Users\edward.barreras\source\repos\LIVE\MIA SRC\lib\RCWF\2026.1.210.462\Telerik.Documents.SpreadsheetStreaming.dll
  - Telerik.Licensing.Runtime.dll 1.8.2 at \\FEAP1313L\Users\edward.barreras\source\repos\LIVE\MIA SRC\packages\Telerik.Licensing.1.8.2\lib\net462\Telerik.Licensing.Runtime.dll
  - Telerik.Reporting.dll 19.1.25 at \\FEAP1313L\Users\edward.barreras\source\repos\LIVE\MIA SRC\ERP\bin\Debug\Telerik.Reporting.dll
  - Telerik.Reporting.Services.HttpClient.dll 19.1.25 at \\FEAP1313L\Users\edward.barreras\source\repos\LIVE\MIA SRC\ERP\bin\Debug\Telerik.Reporting.Services.HttpClient.dll
  - Telerik.Reporting.Services.ServiceStack.dll 19.1.25 at \\FEAP1313L\Users\edward.barreras\source\repos\LIVE\MIA SRC\ERP\bin\Debug\Telerik.Reporting.Services.ServiceStack.dll
  - Telerik.ReportViewer.WinForms.dll 19.1.25 at \\FEAP1313L\Users\edward.barreras\source\repos\LIVE\MIA SRC\ERP\bin\Debug\Telerik.ReportViewer.WinForms.dll
  - Telerik.ReportViewer.Wpf.dll 19.1.25 at \\FEAP1313L\Users\edward.barreras\source\repos\LIVE\MIA SRC\ERP\bin\Debug\Telerik.ReportViewer.Wpf.dll
  - Telerik.WinControls.dll 2026.1.210 at \\FEAP1313L\Users\edward.barreras\source\repos\LIVE\MIA SRC\lib\RCWF\2026.1.210.462\Telerik.WinControls.dll
  - Telerik.WinControls.GridView.dll 2026.1.210 at \\FEAP1313L\Users\edward.barreras\source\repos\LIVE\MIA SRC\lib\RCWF\2026.1.210.462\Telerik.WinControls.GridView.dll
  - Telerik.WinControls.RadDock.dll 2026.1.210 at \\FEAP1313L\Users\edward.barreras\source\repos\LIVE\MIA SRC\lib\RCWF\2026.1.210.462\Telerik.WinControls.RadDock.dll
  - Telerik.WinControls.Themes.Aqua.dll 2026.1.210 at \\FEAP1313L\Users\edward.barreras\source\repos\LIVE\MIA SRC\lib\RCWF\2026.1.210.462\Telerik.WinControls.Themes.Aqua.dll
  - Telerik.WinControls.Themes.Breeze.dll 2026.1.210 at \\FEAP1313L\Users\edward.barreras\source\repos\LIVE\MIA SRC\lib\RCWF\2026.1.210.462\Telerik.WinControls.Themes.Breeze.dll
  - Telerik.WinControls.Themes.Crystal.dll 2026.1.210 at \\FEAP1313L\Users\edward.barreras\source\repos\LIVE\MIA SRC\lib\RCWF\2026.1.210.462\Telerik.WinControls.Themes.Crystal.dll
  - Telerik.WinControls.Themes.CrystalDark.dll 2026.1.210 at \\FEAP1313L\Users\edward.barreras\source\repos\LIVE\MIA SRC\lib\RCWF\2026.1.210.462\Telerik.WinControls.Themes.CrystalDark.dll
  - Telerik.WinControls.Themes.Desert.dll 2026.1.210 at \\FEAP1313L\Users\edward.barreras\source\repos\LIVE\MIA SRC\lib\RCWF\2026.1.210.462\Telerik.WinControls.Themes.Desert.dll
  - Telerik.WinControls.Themes.Fluent.dll 2026.1.210 at \\FEAP1313L\Users\edward.barreras\source\repos\LIVE\MIA SRC\lib\RCWF\2026.1.210.462\Telerik.WinControls.Themes.Fluent.dll
  - Telerik.WinControls.Themes.FluentDark.dll 2026.1.210 at \\FEAP1313L\Users\edward.barreras\source\repos\LIVE\MIA SRC\lib\RCWF\2026.1.210.462\Telerik.WinControls.Themes.FluentDark.dll
  - Telerik.WinControls.Themes.HighContrastBlack.dll 2026.1.210 at \\FEAP1313L\Users\edward.barreras\source\repos\LIVE\MIA SRC\lib\RCWF\2026.1.210.462\Telerik.WinControls.Themes.HighContrastBlack.dll
  - Telerik.WinControls.Themes.Material.dll 2026.1.210 at \\FEAP1313L\Users\edward.barreras\source\repos\LIVE\MIA SRC\lib\RCWF\2026.1.210.462\Telerik.WinControls.Themes.Material.dll
  - Telerik.WinControls.Themes.MaterialBlueGrey.dll 2026.1.210 at \\FEAP1313L\Users\edward.barreras\source\repos\LIVE\MIA SRC\lib\RCWF\2026.1.210.462\Telerik.WinControls.Themes.MaterialBlueGrey.dll
  - Telerik.WinControls.Themes.MaterialPink.dll 2026.1.210 at \\FEAP1313L\Users\edward.barreras\source\repos\LIVE\MIA SRC\lib\RCWF\2026.1.210.462\Telerik.WinControls.Themes.MaterialPink.dll
  - Telerik.WinControls.Themes.MaterialTeal.dll 2026.1.210 at \\FEAP1313L\Users\edward.barreras\source\repos\LIVE\MIA SRC\lib\RCWF\2026.1.210.462\Telerik.WinControls.Themes.MaterialTeal.dll
  - Telerik.WinControls.Themes.Office2007Black.dll 2026.1.210 at \\FEAP1313L\Users\edward.barreras\source\repos\LIVE\MIA SRC\lib\RCWF\2026.1.210.462\Telerik.WinControls.Themes.Office2007Black.dll
  - Telerik.WinControls.Themes.Office2010Black.dll 2026.1.210 at \\FEAP1313L\Users\edward.barreras\source\repos\LIVE\MIA SRC\lib\RCWF\2026.1.210.462\Telerik.WinControls.Themes.Office2010Black.dll
  - Telerik.WinControls.Themes.Office2010Blue.dll 2026.1.210 at \\FEAP1313L\Users\edward.barreras\source\repos\LIVE\MIA SRC\lib\RCWF\2026.1.210.462\Telerik.WinControls.Themes.Office2010Blue.dll
  - Telerik.WinControls.Themes.Office2010Silver.dll 2026.1.210 at \\FEAP1313L\Users\edward.barreras\source\repos\LIVE\MIA SRC\lib\RCWF\2026.1.210.462\Telerik.WinControls.Themes.Office2010Silver.dll
  - Telerik.WinControls.Themes.Office2013Dark.dll 2026.1.210 at \\FEAP1313L\Users\edward.barreras\source\repos\LIVE\MIA SRC\lib\RCWF\2026.1.210.462\Telerik.WinControls.Themes.Office2013Dark.dll
  - Telerik.WinControls.Themes.Office2013Light.dll 2026.1.210 at \\FEAP1313L\Users\edward.barreras\source\repos\LIVE\MIA SRC\lib\RCWF\2026.1.210.462\Telerik.WinControls.Themes.Office2013Light.dll
  - Telerik.WinControls.Themes.TelerikMetroBlue.dll 2026.1.210 at \\FEAP1313L\Users\edward.barreras\source\repos\LIVE\MIA SRC\lib\RCWF\2026.1.210.462\Telerik.WinControls.Themes.TelerikMetroBlue.dll
  - Telerik.WinControls.Themes.VisualStudio2012Dark.dll 2026.1.210 at \\FEAP1313L\Users\edward.barreras\source\repos\LIVE\MIA SRC\lib\RCWF\2026.1.210.462\Telerik.WinControls.Themes.VisualStudio2012Dark.dll
  - Telerik.WinControls.Themes.VisualStudio2012Light.dll 2026.1.210 at \\FEAP1313L\Users\edward.barreras\source\repos\LIVE\MIA SRC\lib\RCWF\2026.1.210.462\Telerik.WinControls.Themes.VisualStudio2012Light.dll
  - Telerik.WinControls.Themes.Windows7.dll 2026.1.210 at \\FEAP1313L\Users\edward.barreras\source\repos\LIVE\MIA SRC\lib\RCWF\2026.1.210.462\Telerik.WinControls.Themes.Windows7.dll
  - Telerik.WinControls.Themes.Windows8.dll 2026.1.210 at \\FEAP1313L\Users\edward.barreras\source\repos\LIVE\MIA SRC\lib\RCWF\2026.1.210.462\Telerik.WinControls.Themes.Windows8.dll
  - Telerik.WinControls.UI.dll 2026.1.210 at \\FEAP1313L\Users\edward.barreras\source\repos\LIVE\MIA SRC\lib\RCWF\2026.1.210.462\Telerik.WinControls.UI.dll
  - Telerik.Windows.Documents.Core.dll 2026.1.210 at \\FEAP1313L\Users\edward.barreras\source\repos\LIVE\MIA SRC\lib\RCWF\2026.1.210.462\Telerik.Windows.Documents.Core.dll
  - Telerik.Windows.Documents.Fixed.dll 2026.1.210 at \\FEAP1313L\Users\edward.barreras\source\repos\LIVE\MIA SRC\lib\RCWF\2026.1.210.462\Telerik.Windows.Documents.Fixed.dll
  - Telerik.Windows.Documents.Spreadsheet.dll 2026.1.210 at \\FEAP1313L\Users\edward.barreras\source\repos\LIVE\MIA SRC\lib\RCWF\2026.1.210.462\Telerik.Windows.Documents.Spreadsheet.dll
  - Telerik.Windows.Documents.Spreadsheet.FormatProviders.OpenXml.dll 2026.1.210 at \\FEAP1313L\Users\edward.barreras\source\repos\LIVE\MIA SRC\lib\RCWF\2026.1.210.462\Telerik.Windows.Documents.Spreadsheet.FormatProviders.OpenXml.dll
  - Telerik.Windows.Documents.Spreadsheet.FormatProviders.Pdf.dll 2026.1.210 at \\FEAP1313L\Users\edward.barreras\source\repos\LIVE\MIA SRC\lib\RCWF\2026.1.210.462\Telerik.Windows.Documents.Spreadsheet.FormatProviders.Pdf.dll
  - Telerik.Windows.Documents.Spreadsheet.FormatProviders.Xls.dll 2026.1.210 at \\FEAP1313L\Users\edward.barreras\source\repos\LIVE\MIA SRC\lib\RCWF\2026.1.210.462\Telerik.Windows.Documents.Spreadsheet.FormatProviders.Xls.dll
  - Telerik.Windows.Zip.dll 2026.1.210 at \\FEAP1313L\Users\edward.barreras\source\repos\LIVE\MIA SRC\lib\RCWF\2026.1.210.462\Telerik.Windows.Zip.dll
  - TelerikCommon.dll 2026.1.210 at \\FEAP1313L\Users\edward.barreras\source\repos\LIVE\MIA SRC\lib\RCWF\2026.1.210.462\TelerikCommon.dll
  - TelerikExport.dll 2026.1.210 at \\FEAP1313L\Users\edward.barreras\source\repos\LIVE\MIA SRC\lib\RCWF\2026.1.210.462\TelerikExport.dll
  - Ubiety.Dns.Core.dll 2.2.1 at \\FEAP1313L\Users\edward.barreras\source\repos\LIVE\MIA SRC\ERP\bin\Debug\Ubiety.Dns.Core.dll
  - WindowsBase.dll 4.8.3761 at C:\Program Files (x86)\Reference Assemblies\Microsoft\Framework\.NETFramework\v4.8\WindowsBase.dll
  - ZstdSharp.dll 0.8.5 at \\FEAP1313L\Users\edward.barreras\source\repos\LIVE\MIA SRC\packages\ZstdSharp.Port.0.8.5\lib\net462\ZstdSharp.dll
  MachineId=2xQjveFWQf4bUNzPt3x/SIfuym0=

[2026-03-23 15:44:27.013] [Low]   Looking for Telerik product metadata in referenced assemblies
      - \\FEAP1313L\Users\edward.barreras\source\repos\LIVE\MIA SRC\lib\RCWF\2026.1.210.462\Telerik.Documents.SpreadsheetStreaming.dll
        ProductCode: DPL, LicenseDate: 2026-02-10, Redistributed By: RCWPF, RCWF, MAUI, UIXAM, WINUI, RCAJAX, KENDOUIMVC, UIASPCORE, BLAZOR, ProductName: Telerik Document Processing Libraries, ProductVersion: 2026.1.210.462, Flags: None
      - \\FEAP1313L\Users\edward.barreras\source\repos\LIVE\MIA SRC\ERP\bin\Debug\Telerik.Reporting.dll
        ProductCode: REPORTING, LicenseDate: 2025-05-21, ProductName: Telerik Reporting, ProductVersion: 19.1.25.521, Flags: None
      - \\FEAP1313L\Users\edward.barreras\source\repos\LIVE\MIA SRC\lib\RCWF\2026.1.210.462\Telerik.WinControls.dll
        ProductCode: RCWF, LicenseDate: 2026-02-10, ProductName: Telerik UI for WinForms, ProductVersion: 2026.1.210.462, Flags: None
      - \\FEAP1313L\Users\edward.barreras\source\repos\LIVE\MIA SRC\lib\RCWF\2026.1.210.462\Telerik.WinControls.GridView.dll
        ProductCode: RCWF, LicenseDate: 2026-02-10, ProductName: Telerik UI for WinForms, ProductVersion: 2026.1.210.462, Flags: None
      - \\FEAP1313L\Users\edward.barreras\source\repos\LIVE\MIA SRC\lib\RCWF\2026.1.210.462\Telerik.WinControls.RadDock.dll
        ProductCode: RCWF, LicenseDate: 2026-02-10, ProductName: Telerik UI for WinForms, ProductVersion: 2026.1.210.462, Flags: None
      - \\FEAP1313L\Users\edward.barreras\source\repos\LIVE\MIA SRC\lib\RCWF\2026.1.210.462\Telerik.WinControls.Themes.Aqua.dll
        ProductCode: RCWF, LicenseDate: 2026-02-10, ProductName: Telerik UI for WinForms, ProductVersion: 2026.1.210.462, Flags: None
      - \\FEAP1313L\Users\edward.barreras\source\repos\LIVE\MIA SRC\lib\RCWF\2026.1.210.462\Telerik.WinControls.Themes.Breeze.dll
        ProductCode: RCWF, LicenseDate: 2026-02-10, ProductName: Telerik UI for WinForms, ProductVersion: 2026.1.210.462, Flags: None
      - \\FEAP1313L\Users\edward.barreras\source\repos\LIVE\MIA SRC\lib\RCWF\2026.1.210.462\Telerik.WinControls.Themes.Crystal.dll
        ProductCode: RCWF, LicenseDate: 2026-02-10, ProductName: Telerik UI for WinForms, ProductVersion: 2026.1.210.462, Flags: None
      - \\FEAP1313L\Users\edward.barreras\source\repos\LIVE\MIA SRC\lib\RCWF\2026.1.210.462\Telerik.WinControls.Themes.CrystalDark.dll
        ProductCode: RCWF, LicenseDate: 2026-02-10, ProductName: Telerik UI for WinForms, ProductVersion: 2026.1.210.462, Flags: None
      - \\FEAP1313L\Users\edward.barreras\source\repos\LIVE\MIA SRC\lib\RCWF\2026.1.210.462\Telerik.WinControls.Themes.Desert.dll
        ProductCode: RCWF, LicenseDate: 2026-02-10, ProductName: Telerik UI for WinForms, ProductVersion: 2026.1.210.462, Flags: None
      - \\FEAP1313L\Users\edward.barreras\source\repos\LIVE\MIA SRC\lib\RCWF\2026.1.210.462\Telerik.WinControls.Themes.Fluent.dll
        ProductCode: RCWF, LicenseDate: 2026-02-10, ProductName: Telerik UI for WinForms, ProductVersion: 2026.1.210.462, Flags: None
      - \\FEAP1313L\Users\edward.barreras\source\repos\LIVE\MIA SRC\lib\RCWF\2026.1.210.462\Telerik.WinControls.Themes.FluentDark.dll
        ProductCode: RCWF, LicenseDate: 2026-02-10, ProductName: Telerik UI for WinForms, ProductVersion: 2026.1.210.462, Flags: None
      - \\FEAP1313L\Users\edward.barreras\source\repos\LIVE\MIA SRC\lib\RCWF\2026.1.210.462\Telerik.WinControls.Themes.HighContrastBlack.dll
        ProductCode: RCWF, LicenseDate: 2026-02-10, ProductName: Telerik UI for WinForms, ProductVersion: 2026.1.210.462, Flags: None
      - \\FEAP1313L\Users\edward.barreras\source\repos\LIVE\MIA SRC\lib\RCWF\2026.1.210.462\Telerik.WinControls.Themes.Material.dll
        ProductCode: RCWF, LicenseDate: 2026-02-10, ProductName: Telerik UI for WinForms, ProductVersion: 2026.1.210.462, Flags: None
      - \\FEAP1313L\Users\edward.barreras\source\repos\LIVE\MIA SRC\lib\RCWF\2026.1.210.462\Telerik.WinControls.Themes.MaterialBlueGrey.dll
        ProductCode: RCWF, LicenseDate: 2026-02-10, ProductName: Telerik UI for WinForms, ProductVersion: 2026.1.210.462, Flags: None
      - \\FEAP1313L\Users\edward.barreras\source\repos\LIVE\MIA SRC\lib\RCWF\2026.1.210.462\Telerik.WinControls.Themes.MaterialPink.dll
        ProductCode: RCWF, LicenseDate: 2026-02-10, ProductName: Telerik UI for WinForms, ProductVersion: 2026.1.210.462, Flags: None
      - \\FEAP1313L\Users\edward.barreras\source\repos\LIVE\MIA SRC\lib\RCWF\2026.1.210.462\Telerik.WinControls.Themes.MaterialTeal.dll
        ProductCode: RCWF, LicenseDate: 2026-02-10, ProductName: Telerik UI for WinForms, ProductVersion: 2026.1.210.462, Flags: None
      - \\FEAP1313L\Users\edward.barreras\source\repos\LIVE\MIA SRC\lib\RCWF\2026.1.210.462\Telerik.WinControls.Themes.Office2007Black.dll
        ProductCode: RCWF, LicenseDate: 2026-02-10, ProductName: Telerik UI for WinForms, ProductVersion: 2026.1.210.462, Flags: None
      - \\FEAP1313L\Users\edward.barreras\source\repos\LIVE\MIA SRC\lib\RCWF\2026.1.210.462\Telerik.WinControls.Themes.Office2010Black.dll
        ProductCode: RCWF, LicenseDate: 2026-02-10, ProductName: Telerik UI for WinForms, ProductVersion: 2026.1.210.462, Flags: None
      - \\FEAP1313L\Users\edward.barreras\source\repos\LIVE\MIA SRC\lib\RCWF\2026.1.210.462\Telerik.WinControls.Themes.Office2010Blue.dll
        ProductCode: RCWF, LicenseDate: 2026-02-10, ProductName: Telerik UI for WinForms, ProductVersion: 2026.1.210.462, Flags: None
      - \\FEAP1313L\Users\edward.barreras\source\repos\LIVE\MIA SRC\lib\RCWF\2026.1.210.462\Telerik.WinControls.Themes.Office2010Silver.dll
        ProductCode: RCWF, LicenseDate: 2026-02-10, ProductName: Telerik UI for WinForms, ProductVersion: 2026.1.210.462, Flags: None
      - \\FEAP1313L\Users\edward.barreras\source\repos\LIVE\MIA SRC\lib\RCWF\2026.1.210.462\Telerik.WinControls.Themes.Office2013Dark.dll
        ProductCode: RCWF, LicenseDate: 2026-02-10, ProductName: Telerik UI for WinForms, ProductVersion: 2026.1.210.462, Flags: None
      - \\FEAP1313L\Users\edward.barreras\source\repos\LIVE\MIA SRC\lib\RCWF\2026.1.210.462\Telerik.WinControls.Themes.Office2013Light.dll
        ProductCode: RCWF, LicenseDate: 2026-02-10, ProductName: Telerik UI for WinForms, ProductVersion: 2026.1.210.462, Flags: None
      - \\FEAP1313L\Users\edward.barreras\source\repos\LIVE\MIA SRC\lib\RCWF\2026.1.210.462\Telerik.WinControls.Themes.TelerikMetroBlue.dll
        ProductCode: RCWF, LicenseDate: 2026-02-10, ProductName: Telerik UI for WinForms, ProductVersion: 2026.1.210.462, Flags: None
      - \\FEAP1313L\Users\edward.barreras\source\repos\LIVE\MIA SRC\lib\RCWF\2026.1.210.462\Telerik.WinControls.Themes.VisualStudio2012Dark.dll
        ProductCode: RCWF, LicenseDate: 2026-02-10, ProductName: Telerik UI for WinForms, ProductVersion: 2026.1.210.462, Flags: None
      - \\FEAP1313L\Users\edward.barreras\source\repos\LIVE\MIA SRC\lib\RCWF\2026.1.210.462\Telerik.WinControls.Themes.VisualStudio2012Light.dll
        ProductCode: RCWF, LicenseDate: 2026-02-10, ProductName: Telerik UI for WinForms, ProductVersion: 2026.1.210.462, Flags: None
      - \\FEAP1313L\Users\edward.barreras\source\repos\LIVE\MIA SRC\lib\RCWF\2026.1.210.462\Telerik.WinControls.Themes.Windows7.dll
        ProductCode: RCWF, LicenseDate: 2026-02-10, ProductName: Telerik UI for WinForms, ProductVersion: 2026.1.210.462, Flags: None
      - \\FEAP1313L\Users\edward.barreras\source\repos\LIVE\MIA SRC\lib\RCWF\2026.1.210.462\Telerik.WinControls.Themes.Windows8.dll
        ProductCode: RCWF, LicenseDate: 2026-02-10, ProductName: Telerik UI for WinForms, ProductVersion: 2026.1.210.462, Flags: None
      - \\FEAP1313L\Users\edward.barreras\source\repos\LIVE\MIA SRC\lib\RCWF\2026.1.210.462\Telerik.WinControls.UI.dll
        ProductCode: RCWF, LicenseDate: 2026-02-10, ProductName: Telerik UI for WinForms, ProductVersion: 2026.1.210.462, Flags: None
      - \\FEAP1313L\Users\edward.barreras\source\repos\LIVE\MIA SRC\lib\RCWF\2026.1.210.462\Telerik.Windows.Documents.Core.dll
        ProductCode: DPL, LicenseDate: 2026-02-10, Redistributed By: RCWPF, RCWF, MAUI, UIXAM, WINUI, RCAJAX, KENDOUIMVC, UIASPCORE, BLAZOR, ProductName: Telerik Document Processing Libraries, ProductVersion: 2026.1.210.462, Flags: None
      - \\FEAP1313L\Users\edward.barreras\source\repos\LIVE\MIA SRC\lib\RCWF\2026.1.210.462\Telerik.Windows.Documents.Fixed.dll
        ProductCode: DPL, LicenseDate: 2026-02-10, Redistributed By: RCWPF, RCWF, MAUI, UIXAM, WINUI, RCAJAX, KENDOUIMVC, UIASPCORE, BLAZOR, ProductName: Telerik Document Processing Libraries, ProductVersion: 2026.1.210.462, Flags: None
      - \\FEAP1313L\Users\edward.barreras\source\repos\LIVE\MIA SRC\lib\RCWF\2026.1.210.462\Telerik.Windows.Documents.Spreadsheet.dll
        ProductCode: DPL, LicenseDate: 2026-02-10, Redistributed By: RCWPF, RCWF, MAUI, UIXAM, WINUI, RCAJAX, KENDOUIMVC, UIASPCORE, BLAZOR, ProductName: Telerik Document Processing Libraries, ProductVersion: 2026.1.210.462, Flags: None
      - \\FEAP1313L\Users\edward.barreras\source\repos\LIVE\MIA SRC\lib\RCWF\2026.1.210.462\Telerik.Windows.Documents.Spreadsheet.FormatProviders.Pdf.dll
        ProductCode: DPL, LicenseDate: 2026-02-10, Redistributed By: RCWPF, RCWF, MAUI, UIXAM, WINUI, RCAJAX, KENDOUIMVC, UIASPCORE, BLAZOR, ProductName: Telerik Document Processing Libraries, ProductVersion: 2026.1.210.462, Flags: None
      - \\FEAP1313L\Users\edward.barreras\source\repos\LIVE\MIA SRC\lib\RCWF\2026.1.210.462\Telerik.Windows.Documents.Spreadsheet.FormatProviders.Xls.dll
        ProductCode: DPL, LicenseDate: 2026-02-10, Redistributed By: RCWPF, RCWF, MAUI, UIXAM, WINUI, RCAJAX, KENDOUIMVC, UIASPCORE, BLAZOR, ProductName: Telerik Document Processing Libraries, ProductVersion: 2026.1.210.462, Flags: None
      - \\FEAP1313L\Users\edward.barreras\source\repos\LIVE\MIA SRC\lib\RCWF\2026.1.210.462\Telerik.Windows.Zip.dll
        ProductCode: DPL, LicenseDate: 2026-02-10, Redistributed By: RCWPF, RCWF, MAUI, UIXAM, WINUI, RCAJAX, KENDOUIMVC, UIASPCORE, BLAZOR, ProductName: Telerik Document Processing Libraries, ProductVersion: 2026.1.210.462, Flags: None
      - \\FEAP1313L\Users\edward.barreras\source\repos\LIVE\MIA SRC\lib\RCWF\2026.1.210.462\TelerikCommon.dll
        ProductCode: RCWF, LicenseDate: 2026-02-10, ProductName: Telerik UI for WinForms, ProductVersion: 2026.1.210.462, Flags: None
      - \\FEAP1313L\Users\edward.barreras\source\repos\LIVE\MIA SRC\lib\RCWF\2026.1.210.462\TelerikExport.dll
        ProductCode: RCWF, LicenseDate: 2026-02-10, ProductName: Telerik UI for WinForms, ProductVersion: 2026.1.210.462, Flags: None
      Unique Products:
      - "Telerik Document Processing Libraries" (DPL) 2026.1.210.462 @2026-02-10
      - "Telerik UI for WinForms" (RCWF) 2026.1.210.462 @2026-02-10
      - "Telerik Reporting" (REPORTING) 19.1.25.521 @2025-05-21
      Found a total of 3 referenced Telerik products for 

[2026-03-23 15:44:27.051] [Low]   Provision Licensing
        Looking up license file...
        - EnvironmentVariablePath: TELERIK_LICENSE_PATH (NotAvailable)
        - EnvironmentVariable: TELERIK_LICENSE (NotAvailable)
        - EnvironmentVariable: KENDO_UI_LICENSE (NotAvailable)
        - RecursiveFilePath: \\FEAP1313L\Users\edward.barreras\source\repos\LIVE\MIA SRC\ERP\telerik-license.txt (NotAvailable)
        - RecursiveFilePath: \\FEAP1313L\Users\edward.barreras\source\repos\LIVE\MIA SRC\ERP\kendo-ui-license.txt (NotAvailable)
        - RecursiveFilePath: \\FEAP1313L\Users\edward.barreras\source\repos\LIVE\MIA SRC\telerik-license.txt (LicenseFound)
        - RecursiveFilePath: \\FEAP1313L\Users\edward.barreras\source\repos\LIVE\MIA SRC\kendo-ui-license.txt (Skip)
        - RecursiveFilePath: \\FEAP1313L\Users\edward.barreras\source\repos\LIVE\telerik-license.txt (Skip)
        - RecursiveFilePath: \\FEAP1313L\Users\edward.barreras\source\repos\LIVE\kendo-ui-license.txt (Skip)
        - RecursiveFilePath: \\FEAP1313L\Users\edward.barreras\source\repos\telerik-license.txt (Skip)
        - RecursiveFilePath: \\FEAP1313L\Users\edward.barreras\source\repos\kendo-ui-license.txt (Skip)
        - RecursiveFilePath: \\FEAP1313L\Users\edward.barreras\source\telerik-license.txt (Skip)
        - RecursiveFilePath: \\FEAP1313L\Users\edward.barreras\source\kendo-ui-license.txt (Skip)
        - RecursiveFilePath: \\FEAP1313L\Users\edward.barreras\telerik-license.txt (Skip)
        - RecursiveFilePath: \\FEAP1313L\Users\edward.barreras\kendo-ui-license.txt (Skip)
        - RecursiveFilePath: \\FEAP1313L\Users\telerik-license.txt (Skip)
        - RecursiveFilePath: \\FEAP1313L\Users\kendo-ui-license.txt (Skip)
        - UserDirectory: C:\Users\edward.barreras\AppData\Roaming\Telerik\telerik-license.txt (Skip)
        - UserDirectory: C:\Users\edward.barreras\AppData\Roaming\Telerik\kendo-ui-license.txt (Skip)
        LicenseKey
        - AUD: f***.m**@f***************.com
        - UsedId: ab69b8b5-c84c-45ed-8228-81dac868c759
        - LicenseId: e7eaafda-87c7-42d6-9ce6-49a541b8c4ed
        - IssuedAt: 1/20/2026 6:35:06 AM
        - Licenses
          0) Perpetual BLAZOR, expiration 9/25/2027 12:49:33 PM, type: 'perpetual'
          1) Perpetual JM, expiration 9/25/2027 12:49:33 PM, type: 'perpetual'
          2) Perpetual KENDOUIANGULAR, expiration 9/25/2027 12:49:33 PM, type: 'perpetual'
          3) Perpetual KENDOUICOMPLETE, expiration 9/25/2027 12:49:33 PM, type: 'perpetual'
          4) Perpetual KENDOUIMVC, expiration 9/25/2027 12:49:33 PM, type: 'perpetual'
          5) Perpetual KENDOUIREACT, expiration 9/25/2027 12:49:33 PM, type: 'perpetual'
          6) Perpetual KENDOUIVUE, expiration 9/25/2027 12:49:33 PM, type: 'perpetual'
          7) Perpetual MAUI, expiration 9/25/2027 12:49:33 PM, type: 'perpetual'
          8) Perpetual RCAJAX, expiration 9/25/2027 12:49:33 PM, type: 'perpetual'
          9) Perpetual RCWF, expiration 9/25/2027 12:49:33 PM, type: 'perpetual'
          10) Perpetual RCWPF, expiration 9/25/2027 12:49:33 PM, type: 'perpetual'
          11) Perpetual REPORTING, expiration 9/25/2027 12:49:33 PM, type: 'perpetual'
          12) Perpetual REPORTSERVER, expiration 9/25/2027 12:49:33 PM, type: 'perpetual'
          13) Perpetual UIASPCORE, expiration 9/25/2027 12:49:33 PM, type: 'perpetual'
          14) Perpetual UIXAM, expiration 2/19/2025 6:00:00 AM, type: 'perpetual'
          15) Perpetual WINUI, expiration 9/25/2027 12:49:33 PM, type: 'perpetual'
          16) Usage UserId: ab69b8b5-c84c-45ed-8228-81dac868c759, LicenseId: e7eaafda-87c7-42d6-9ce6-49a541b8c4ed, type: 'usage'

[2026-03-23 15:44:27.060] [Low]   License Resolution
        Messages
          - License OK for "Telerik UI for WinForms" (RCWF) 2026.1.210.462 @2026-02-10 - Perpetual, valid until 2027-09-25.
          - License OK for "Telerik Reporting" (REPORTING) 19.1.25.521 @2025-05-21 - Perpetual, valid until 2027-09-25.
          - License OK for "Telerik Document Processing Libraries" (DPL) 2026.1.210.462 @2026-02-10 - Perpetual for RCWF, valid until 2027-09-25.
        JWTs
          - eyJhbGciOiJSUzI1NiIsInR5cCI6IlRlbGVyaWsgTGljZW5zZSBFdmlkZW5jZSJ9.eyJjb2RlIjoiUkNXRiIsInR5cGUiOiJwZXJwZXR1YWwiLCJleHBpcmF0aW9uIjoxODIxODc2NTczLCJ1c2VySWQiOiJhYjY5YjhiNS1jODRjLTQ1ZWQtODIyOC04MWRhYzg2OGM3NTkiLCJsaWNlbnNlSWQiOiJlN2VhYWZkYS04N2M3LTQyZDYtOWNlNi00OWE1NDFiOGM0ZWQifQ.H8sxX5O2T3i22Uhy0PFV3YDo-lS1iHVocWX9Eu-82PheI3XbKMkEr7QiChWfuNwS9afgR7PMGy4_nx9HXRV5V9cRQ1zWvIkJsG2EbadPtKlygaAkCh-FXSRVflm3WITNHIAYfazZa26sHSnqBW_XRbH3o0GQkqVYkLlxLuLuKa4M7LlA1KtQZcVFhOH2oaXQoxfrkUMQxNFCz0JdI76T1YJNrAwxpXri8KUzfoDwKhY-IhN-bU25hJs19yGvWykTuZqrZ3lv603aQkaCaPnlF_tHROsmC7nbV4aaxaSHRF1PVD5lqsAhkA5OdGmqH8Kq9F5mhRXVVwYWf3WBcxZKkg
          - eyJhbGciOiJSUzI1NiIsInR5cCI6IlRlbGVyaWsgTGljZW5zZSBFdmlkZW5jZSJ9.eyJjb2RlIjoiUkVQT1JUSU5HIiwidHlwZSI6InBlcnBldHVhbCIsImV4cGlyYXRpb24iOjE4MjE4NzY1NzMsInVzZXJJZCI6ImFiNjliOGI1LWM4NGMtNDVlZC04MjI4LTgxZGFjODY4Yzc1OSIsImxpY2Vuc2VJZCI6ImU3ZWFhZmRhLTg3YzctNDJkNi05Y2U2LTQ5YTU0MWI4YzRlZCJ9.vMdezVVvhtRG-iThgXrXFDyr8L394y38spuHWK9Cyc_b9XZ2iHzEwyT9dLgOqBfvEQM3-GKFcOW6O4-_SSwoIjNhm9paVKSVEmeonMfEOgZjOXuqYFCrXmegYUefJNkHmL6P9cB0CPtA_PThVXqg_RGtCMGEoTW_ISG2ymjLnKXwuGf3uQoTxYWCmdBVMAeZHBlzpUh7aJ78fWmWbIvGf_jrykaFhCaWML2yJHyAjHIH1uzf088pGqdOeDvhBQsIva3Hg0KPLptC4ZqxkkVyYHFvvqFgwwkv8O3ex6Df238honjg-11aXIid1Ad6SSsrqEuKqHBUF__HbdhN0AvfLg
        Licenses
          - License OK for "Telerik UI for WinForms" (RCWF) 2026.1.210.462 @2026-02-10 - Perpetual, valid until 2027-09-25.
          - License OK for "Telerik Reporting" (REPORTING) 19.1.25.521 @2025-05-21 - Perpetual, valid until 2027-09-25.
          - License OK for "Telerik Document Processing Libraries" (DPL) 2026.1.210.462 @2026-02-10 - Perpetual for RCWF, valid until 2027-09-25.

[2026-03-23 15:44:27.063] [Low] OutputType: WinExe, ImportXamlTargets: True
[2026-03-23 15:44:27.077] [Low] 
      Call-Home Telerik Products (3 for )
      - "Telerik UI for WinForms" (RCWF) 2026.1.210
      - "DPL" (DPL) 2026.1.210
      - "Telerik Reporting" (REPORTING) 19.1.25

[2026-03-23 15:44:27.077] [Low] 
[2026-03-23 15:44:27.080] [Low] 
      Call-Home Telerik Features (0 for )

[2026-03-23 15:44:27.080] [Low] 
[2026-03-23 15:44:27.127] [Low]   Report Telerik.Licensing
        UserId: ab69b8b5-c84c-45ed-8228-81dac868c759
        LicenseId: e7eaafda-87c7-42d6-9ce6-49a541b8c4ed
        Products
        - LicenseUsed RCWF 2026.1.210.462 SKIPPED
        - LicenseUsed REPORTING 19.1.25.521 SKIPPED
        - LicenseUsed DPL 2026.1.210.462 SKIPPED
      Report finished in 00:00:00.0418687

[2026-03-23 15:44:27.128] [Low]   Sending Telemetry...
[2026-03-23 15:44:27.162] [Low]   Metrics done 00:00:00.0340625
[2026-03-23 15:44:27.165] [Normal] Resolve Telerik Products. Done (00:00:00.5031404) for 
[2026-03-23 15:48:35.269] [Normal] Resolve Telerik Products.
  MSBuildProjectName=2
  MSBuildProjectDirectory=\\FEAP1313L\Users\edward.barreras\source\repos\LIVE\MIA SRC\ERP
  MSBuildProjectExtension=.vbproj
  Language=VB
  OutputPath=bin\Debug\
  Platform=AnyCPU
  TargetFramework=
  TargetFrameworks=
  TargetFrameworkVersion=v4.8
  VisualStudioVersion=17.0
  UsingMicrosoftNETSdk=
  UsingMicrosoftNETSdkRazor=
  UsingMicrosoftNETSdkWeb=
  ImportXamlTargets=True
  OutputType=WinExe
  UseMaui=
  NuGetPackageRoot=

  PackageReferences
  ReferencePaths
  - BouncyCastle.Crypto.dll 1.8.3 at \\FEAP1313L\Users\edward.barreras\source\repos\LIVE\MIA SRC\packages\BouncyCastle.1.8.3.1\lib\BouncyCastle.Crypto.dll
  - BouncyCastle.Cryptography.dll 2.5.1 at \\FEAP1313L\Users\edward.barreras\source\repos\LIVE\MIA SRC\packages\BouncyCastle.Cryptography.2.5.1\lib\net461\BouncyCastle.Cryptography.dll
  - ClosedXML.dll 0.96.0 at \\FEAP1313L\Users\edward.barreras\source\repos\LIVE\MIA SRC\packages\ClosedXML.0.96.0\lib\net40\ClosedXML.dll
  - DocumentFormat.OpenXml.dll 2.16.0 at \\FEAP1313L\Users\edward.barreras\source\repos\LIVE\MIA SRC\packages\DocumentFormat.OpenXml.2.16.0\lib\net40\DocumentFormat.OpenXml.dll
  - ExcelNumberFormat.dll 1.1.0 at \\FEAP1313L\Users\edward.barreras\source\repos\LIVE\MIA SRC\packages\ExcelNumberFormat.1.1.0\lib\net20\ExcelNumberFormat.dll
  - FEAPNS.dll 1.0.0 at \\FEAP1313L\Users\edward.barreras\source\repos\LIVE\MIA SRC\ERP\bin\Debug\FEAPNS.dll
  - Gma.QrCodeNet.Encoding.dll 0.4.1 at \\FEAP1313L\Users\edward.barreras\source\repos\LIVE\MIA SRC\packages\Gma.QrCodeNet.0.4.1.2\lib\net40\Gma.QrCodeNet.Encoding.dll
  - Google.Protobuf.dll 3.30.0 at \\FEAP1313L\Users\edward.barreras\source\repos\LIVE\MIA SRC\packages\Google.Protobuf.3.30.0\lib\net45\Google.Protobuf.dll
  - K4os.Compression.LZ4.dll 1.3.8 at \\FEAP1313L\Users\edward.barreras\source\repos\LIVE\MIA SRC\packages\K4os.Compression.LZ4.1.3.8\lib\net462\K4os.Compression.LZ4.dll
  - K4os.Compression.LZ4.Streams.dll 1.3.8 at \\FEAP1313L\Users\edward.barreras\source\repos\LIVE\MIA SRC\packages\K4os.Compression.LZ4.Streams.1.3.8\lib\net462\K4os.Compression.LZ4.Streams.dll
  - K4os.Hash.xxHash.dll 1.0.8 at \\FEAP1313L\Users\edward.barreras\source\repos\LIVE\MIA SRC\packages\K4os.Hash.xxHash.1.0.8\lib\net462\K4os.Hash.xxHash.dll
  - MIA-Linq.dll 1.0.0 at \\FEAP1313L\Users\edward.barreras\source\repos\LIVE\MIA SRC\ERP\bin\Debug\MIA-Linq.dll
  - MIA-Report.dll 1.0.0 at \\FEAP1313L\Users\edward.barreras\source\repos\LIVE\MIA SRC\ERP\bin\Debug\MIA-Report.dll
  - Microsoft.Bcl.AsyncInterfaces.dll 5.0.0 at \\FEAP1313L\Users\edward.barreras\source\repos\LIVE\MIA SRC\packages\Microsoft.Bcl.AsyncInterfaces.5.0.0\lib\net461\Microsoft.Bcl.AsyncInterfaces.dll
  - Microsoft.CSharp.dll 4.8.3761 at C:\Program Files (x86)\Reference Assemblies\Microsoft\Framework\.NETFramework\v4.8\Microsoft.CSharp.dll
  - MySql.Data.dll 9.4.0 at \\FEAP1313L\Users\edward.barreras\source\repos\LIVE\MIA SRC\packages\MySql.Data.9.4.0\lib\net48\MySql.Data.dll
  - Newtonsoft.Json.dll 13.0.3 at \\FEAP1313L\Users\edward.barreras\source\repos\LIVE\MIA SRC\packages\Newtonsoft.Json.13.0.3\lib\net45\Newtonsoft.Json.dll
  - SRCDailyReportv2.dll 1.0.0 at \\FEAP1313L\Users\edward.barreras\source\repos\LIVE\MIA SRC\ERP\bin\Debug\SRCDailyReportv2.dll
  - System.Buffers.dll 4.6.28619 at \\FEAP1313L\Users\edward.barreras\source\repos\LIVE\MIA SRC\packages\System.Buffers.4.5.1\lib\net461\System.Buffers.dll
  - System.ComponentModel.DataAnnotations.dll 4.8.3761 at C:\Program Files (x86)\Reference Assemblies\Microsoft\Framework\.NETFramework\v4.8\System.ComponentModel.DataAnnotations.dll
  - System.ComponentModel.dll 4.8.3761 at C:\Program Files (x86)\Reference Assemblies\Microsoft\Framework\.NETFramework\v4.8\Facades\System.ComponentModel.dll
  - System.Configuration.ConfigurationManager.dll 8.0.0 at \\FEAP1313L\Users\edward.barreras\source\repos\LIVE\MIA SRC\packages\System.Configuration.ConfigurationManager.8.0.0\lib\net462\System.Configuration.ConfigurationManager.dll
  - System.Configuration.dll 4.8.3761 at C:\Program Files (x86)\Reference Assemblies\Microsoft\Framework\.NETFramework\v4.8\System.Configuration.dll
  - System.Configuration.Install.dll 4.8.3761 at C:\Program Files (x86)\Reference Assemblies\Microsoft\Framework\.NETFramework\v4.8\System.Configuration.Install.dll
  - System.Core.dll 4.8.3761 at C:\Program Files (x86)\Reference Assemblies\Microsoft\Framework\.NETFramework\v4.8\System.Core.dll
  - System.Data.DataSetExtensions.dll 4.8.3761 at C:\Program Files (x86)\Reference Assemblies\Microsoft\Framework\.NETFramework\v4.8\System.Data.DataSetExtensions.dll
  - System.Data.dll 4.8.3761 at C:\Program Files (x86)\Reference Assemblies\Microsoft\Framework\.NETFramework\v4.8\System.Data.dll
  - System.Data.OleDb.dll 9.0.2 at \\FEAP1313L\Users\edward.barreras\source\repos\LIVE\MIA SRC\packages\System.Data.OleDb.9.0.2\lib\net462\System.Data.OleDb.dll
  - System.Deployment.dll 4.8.3761 at C:\Program Files (x86)\Reference Assemblies\Microsoft\Framework\.NETFramework\v4.8\System.Deployment.dll
  - System.Diagnostics.DiagnosticSource.dll 8.0.4 at \\FEAP1313L\Users\edward.barreras\source\repos\LIVE\MIA SRC\packages\System.Diagnostics.DiagnosticSource.8.0.1\lib\net462\System.Diagnostics.DiagnosticSource.dll
  - System.dll 4.8.3761 at C:\Program Files (x86)\Reference Assemblies\Microsoft\Framework\.NETFramework\v4.8\System.dll
  - System.Drawing.Design.dll 4.8.3761 at C:\Program Files (x86)\Reference Assemblies\Microsoft\Framework\.NETFramework\v4.8\System.Drawing.Design.dll
  - System.Drawing.dll 4.8.3761 at C:\Program Files (x86)\Reference Assemblies\Microsoft\Framework\.NETFramework\v4.8\System.Drawing.dll
  - System.IO.Pipelines.dll 5.0.15 at \\FEAP1313L\Users\edward.barreras\source\repos\LIVE\MIA SRC\packages\System.IO.Pipelines.5.0.2\lib\net461\System.IO.Pipelines.dll
  - System.Management.dll 4.8.3761 at C:\Program Files (x86)\Reference Assemblies\Microsoft\Framework\.NETFramework\v4.8\System.Management.dll
  - System.Memory.dll 4.6.31308 at \\FEAP1313L\Users\edward.barreras\source\repos\LIVE\MIA SRC\packages\System.Memory.4.5.5\lib\net461\System.Memory.dll
  - System.Messaging.dll 4.8.3761 at C:\Program Files (x86)\Reference Assemblies\Microsoft\Framework\.NETFramework\v4.8\System.Messaging.dll
  - System.Net.Http.Formatting.dll 5.2.7 at C:\Program Files\Microsoft Visual Studio\2022\Community\Common7\IDE\PublicAssemblies\System.Net.Http.Formatting.dll
  - System.Numerics.dll 4.8.3761 at C:\Program Files (x86)\Reference Assemblies\Microsoft\Framework\.NETFramework\v4.8\System.Numerics.dll
  - System.Numerics.Vectors.dll 4.6.26515 at \\FEAP1313L\Users\edward.barreras\source\repos\LIVE\MIA SRC\packages\System.Numerics.Vectors.4.5.0\lib\net46\System.Numerics.Vectors.dll
  - System.Runtime.CompilerServices.Unsafe.dll 6.1.0 at \\FEAP1313L\Users\edward.barreras\source\repos\LIVE\MIA SRC\packages\System.Runtime.CompilerServices.Unsafe.6.1.0\lib\net462\System.Runtime.CompilerServices.Unsafe.dll
  - System.Threading.Tasks.Extensions.dll 4.6.0 at \\FEAP1313L\Users\edward.barreras\source\repos\LIVE\MIA SRC\packages\System.Threading.Tasks.Extensions.4.6.0\lib\net462\System.Threading.Tasks.Extensions.dll
  - System.Transactions.dll 4.8.3761 at C:\Program Files (x86)\Reference Assemblies\Microsoft\Framework\.NETFramework\v4.8\System.Transactions.dll
  - System.Web.Extensions.dll 4.8.3761 at C:\Program Files (x86)\Reference Assemblies\Microsoft\Framework\.NETFramework\v4.8\System.Web.Extensions.dll
  - System.Windows.Forms.dll 4.8.3761 at C:\Program Files (x86)\Reference Assemblies\Microsoft\Framework\.NETFramework\v4.8\System.Windows.Forms.dll
  - System.Xml.dll 4.8.3761 at C:\Program Files (x86)\Reference Assemblies\Microsoft\Framework\.NETFramework\v4.8\System.Xml.dll
  - System.Xml.Linq.dll 4.8.3761 at C:\Program Files (x86)\Reference Assemblies\Microsoft\Framework\.NETFramework\v4.8\System.Xml.Linq.dll
  - Telerik.Documents.SpreadsheetStreaming.dll 2026.1.210 at \\FEAP1313L\Users\edward.barreras\source\repos\LIVE\MIA SRC\lib\RCWF\2026.1.210.462\Telerik.Documents.SpreadsheetStreaming.dll
  - Telerik.Licensing.Runtime.dll 1.8.2 at \\FEAP1313L\Users\edward.barreras\source\repos\LIVE\MIA SRC\packages\Telerik.Licensing.1.8.2\lib\net462\Telerik.Licensing.Runtime.dll
  - Telerik.Reporting.dll 19.1.25 at \\FEAP1313L\Users\edward.barreras\source\repos\LIVE\MIA SRC\ERP\bin\Debug\Telerik.Reporting.dll
  - Telerik.Reporting.Services.HttpClient.dll 19.1.25 at \\FEAP1313L\Users\edward.barreras\source\repos\LIVE\MIA SRC\ERP\bin\Debug\Telerik.Reporting.Services.HttpClient.dll
  - Telerik.Reporting.Services.ServiceStack.dll 19.1.25 at \\FEAP1313L\Users\edward.barreras\source\repos\LIVE\MIA SRC\ERP\bin\Debug\Telerik.Reporting.Services.ServiceStack.dll
  - Telerik.ReportViewer.WinForms.dll 19.1.25 at \\FEAP1313L\Users\edward.barreras\source\repos\LIVE\MIA SRC\ERP\bin\Debug\Telerik.ReportViewer.WinForms.dll
  - Telerik.ReportViewer.Wpf.dll 19.1.25 at \\FEAP1313L\Users\edward.barreras\source\repos\LIVE\MIA SRC\ERP\bin\Debug\Telerik.ReportViewer.Wpf.dll
  - Telerik.WinControls.dll 2026.1.210 at \\FEAP1313L\Users\edward.barreras\source\repos\LIVE\MIA SRC\lib\RCWF\2026.1.210.462\Telerik.WinControls.dll
  - Telerik.WinControls.GridView.dll 2026.1.210 at \\FEAP1313L\Users\edward.barreras\source\repos\LIVE\MIA SRC\lib\RCWF\2026.1.210.462\Telerik.WinControls.GridView.dll
  - Telerik.WinControls.RadDock.dll 2026.1.210 at \\FEAP1313L\Users\edward.barreras\source\repos\LIVE\MIA SRC\lib\RCWF\2026.1.210.462\Telerik.WinControls.RadDock.dll
  - Telerik.WinControls.Themes.Aqua.dll 2026.1.210 at \\FEAP1313L\Users\edward.barreras\source\repos\LIVE\MIA SRC\lib\RCWF\2026.1.210.462\Telerik.WinControls.Themes.Aqua.dll
  - Telerik.WinControls.Themes.Breeze.dll 2026.1.210 at \\FEAP1313L\Users\edward.barreras\source\repos\LIVE\MIA SRC\lib\RCWF\2026.1.210.462\Telerik.WinControls.Themes.Breeze.dll
  - Telerik.WinControls.Themes.Crystal.dll 2026.1.210 at \\FEAP1313L\Users\edward.barreras\source\repos\LIVE\MIA SRC\lib\RCWF\2026.1.210.462\Telerik.WinControls.Themes.Crystal.dll
  - Telerik.WinControls.Themes.CrystalDark.dll 2026.1.210 at \\FEAP1313L\Users\edward.barreras\source\repos\LIVE\MIA SRC\lib\RCWF\2026.1.210.462\Telerik.WinControls.Themes.CrystalDark.dll
  - Telerik.WinControls.Themes.Desert.dll 2026.1.210 at \\FEAP1313L\Users\edward.barreras\source\repos\LIVE\MIA SRC\lib\RCWF\2026.1.210.462\Telerik.WinControls.Themes.Desert.dll
  - Telerik.WinControls.Themes.Fluent.dll 2026.1.210 at \\FEAP1313L\Users\edward.barreras\source\repos\LIVE\MIA SRC\lib\RCWF\2026.1.210.462\Telerik.WinControls.Themes.Fluent.dll
  - Telerik.WinControls.Themes.FluentDark.dll 2026.1.210 at \\FEAP1313L\Users\edward.barreras\source\repos\LIVE\MIA SRC\lib\RCWF\2026.1.210.462\Telerik.WinControls.Themes.FluentDark.dll
  - Telerik.WinControls.Themes.HighContrastBlack.dll 2026.1.210 at \\FEAP1313L\Users\edward.barreras\source\repos\LIVE\MIA SRC\lib\RCWF\2026.1.210.462\Telerik.WinControls.Themes.HighContrastBlack.dll
  - Telerik.WinControls.Themes.Material.dll 2026.1.210 at \\FEAP1313L\Users\edward.barreras\source\repos\LIVE\MIA SRC\lib\RCWF\2026.1.210.462\Telerik.WinControls.Themes.Material.dll
  - Telerik.WinControls.Themes.MaterialBlueGrey.dll 2026.1.210 at \\FEAP1313L\Users\edward.barreras\source\repos\LIVE\MIA SRC\lib\RCWF\2026.1.210.462\Telerik.WinControls.Themes.MaterialBlueGrey.dll
  - Telerik.WinControls.Themes.MaterialPink.dll 2026.1.210 at \\FEAP1313L\Users\edward.barreras\source\repos\LIVE\MIA SRC\lib\RCWF\2026.1.210.462\Telerik.WinControls.Themes.MaterialPink.dll
  - Telerik.WinControls.Themes.MaterialTeal.dll 2026.1.210 at \\FEAP1313L\Users\edward.barreras\source\repos\LIVE\MIA SRC\lib\RCWF\2026.1.210.462\Telerik.WinControls.Themes.MaterialTeal.dll
  - Telerik.WinControls.Themes.Office2007Black.dll 2026.1.210 at \\FEAP1313L\Users\edward.barreras\source\repos\LIVE\MIA SRC\lib\RCWF\2026.1.210.462\Telerik.WinControls.Themes.Office2007Black.dll
  - Telerik.WinControls.Themes.Office2010Black.dll 2026.1.210 at \\FEAP1313L\Users\edward.barreras\source\repos\LIVE\MIA SRC\lib\RCWF\2026.1.210.462\Telerik.WinControls.Themes.Office2010Black.dll
  - Telerik.WinControls.Themes.Office2010Blue.dll 2026.1.210 at \\FEAP1313L\Users\edward.barreras\source\repos\LIVE\MIA SRC\lib\RCWF\2026.1.210.462\Telerik.WinControls.Themes.Office2010Blue.dll
  - Telerik.WinControls.Themes.Office2010Silver.dll 2026.1.210 at \\FEAP1313L\Users\edward.barreras\source\repos\LIVE\MIA SRC\lib\RCWF\2026.1.210.462\Telerik.WinControls.Themes.Office2010Silver.dll
  - Telerik.WinControls.Themes.Office2013Dark.dll 2026.1.210 at \\FEAP1313L\Users\edward.barreras\source\repos\LIVE\MIA SRC\lib\RCWF\2026.1.210.462\Telerik.WinControls.Themes.Office2013Dark.dll
  - Telerik.WinControls.Themes.Office2013Light.dll 2026.1.210 at \\FEAP1313L\Users\edward.barreras\source\repos\LIVE\MIA SRC\lib\RCWF\2026.1.210.462\Telerik.WinControls.Themes.Office2013Light.dll
  - Telerik.WinControls.Themes.TelerikMetroBlue.dll 2026.1.210 at \\FEAP1313L\Users\edward.barreras\source\repos\LIVE\MIA SRC\lib\RCWF\2026.1.210.462\Telerik.WinControls.Themes.TelerikMetroBlue.dll
  - Telerik.WinControls.Themes.VisualStudio2012Dark.dll 2026.1.210 at \\FEAP1313L\Users\edward.barreras\source\repos\LIVE\MIA SRC\lib\RCWF\2026.1.210.462\Telerik.WinControls.Themes.VisualStudio2012Dark.dll
  - Telerik.WinControls.Themes.VisualStudio2012Light.dll 2026.1.210 at \\FEAP1313L\Users\edward.barreras\source\repos\LIVE\MIA SRC\lib\RCWF\2026.1.210.462\Telerik.WinControls.Themes.VisualStudio2012Light.dll
  - Telerik.WinControls.Themes.Windows7.dll 2026.1.210 at \\FEAP1313L\Users\edward.barreras\source\repos\LIVE\MIA SRC\lib\RCWF\2026.1.210.462\Telerik.WinControls.Themes.Windows7.dll
  - Telerik.WinControls.Themes.Windows8.dll 2026.1.210 at \\FEAP1313L\Users\edward.barreras\source\repos\LIVE\MIA SRC\lib\RCWF\2026.1.210.462\Telerik.WinControls.Themes.Windows8.dll
  - Telerik.WinControls.UI.dll 2026.1.210 at \\FEAP1313L\Users\edward.barreras\source\repos\LIVE\MIA SRC\lib\RCWF\2026.1.210.462\Telerik.WinControls.UI.dll
  - Telerik.Windows.Documents.Core.dll 2026.1.210 at \\FEAP1313L\Users\edward.barreras\source\repos\LIVE\MIA SRC\lib\RCWF\2026.1.210.462\Telerik.Windows.Documents.Core.dll
  - Telerik.Windows.Documents.Fixed.dll 2026.1.210 at \\FEAP1313L\Users\edward.barreras\source\repos\LIVE\MIA SRC\lib\RCWF\2026.1.210.462\Telerik.Windows.Documents.Fixed.dll
  - Telerik.Windows.Documents.Spreadsheet.dll 2026.1.210 at \\FEAP1313L\Users\edward.barreras\source\repos\LIVE\MIA SRC\lib\RCWF\2026.1.210.462\Telerik.Windows.Documents.Spreadsheet.dll
  - Telerik.Windows.Documents.Spreadsheet.FormatProviders.OpenXml.dll 2026.1.210 at \\FEAP1313L\Users\edward.barreras\source\repos\LIVE\MIA SRC\lib\RCWF\2026.1.210.462\Telerik.Windows.Documents.Spreadsheet.FormatProviders.OpenXml.dll
  - Telerik.Windows.Documents.Spreadsheet.FormatProviders.Pdf.dll 2026.1.210 at \\FEAP1313L\Users\edward.barreras\source\repos\LIVE\MIA SRC\lib\RCWF\2026.1.210.462\Telerik.Windows.Documents.Spreadsheet.FormatProviders.Pdf.dll
  - Telerik.Windows.Documents.Spreadsheet.FormatProviders.Xls.dll 2026.1.210 at \\FEAP1313L\Users\edward.barreras\source\repos\LIVE\MIA SRC\lib\RCWF\2026.1.210.462\Telerik.Windows.Documents.Spreadsheet.FormatProviders.Xls.dll
  - Telerik.Windows.Zip.dll 2026.1.210 at \\FEAP1313L\Users\edward.barreras\source\repos\LIVE\MIA SRC\lib\RCWF\2026.1.210.462\Telerik.Windows.Zip.dll
  - TelerikCommon.dll 2026.1.210 at \\FEAP1313L\Users\edward.barreras\source\repos\LIVE\MIA SRC\lib\RCWF\2026.1.210.462\TelerikCommon.dll
  - TelerikExport.dll 2026.1.210 at \\FEAP1313L\Users\edward.barreras\source\repos\LIVE\MIA SRC\lib\RCWF\2026.1.210.462\TelerikExport.dll
  - Ubiety.Dns.Core.dll 2.2.1 at \\FEAP1313L\Users\edward.barreras\source\repos\LIVE\MIA SRC\ERP\bin\Debug\Ubiety.Dns.Core.dll
  - WindowsBase.dll 4.8.3761 at C:\Program Files (x86)\Reference Assemblies\Microsoft\Framework\.NETFramework\v4.8\WindowsBase.dll
  - ZstdSharp.dll 0.8.5 at \\FEAP1313L\Users\edward.barreras\source\repos\LIVE\MIA SRC\packages\ZstdSharp.Port.0.8.5\lib\net462\ZstdSharp.dll
  MachineId=2xQjveFWQf4bUNzPt3x/SIfuym0=

[2026-03-23 15:48:35.369] [Low]   Looking for Telerik product metadata in referenced assemblies
      - \\FEAP1313L\Users\edward.barreras\source\repos\LIVE\MIA SRC\lib\RCWF\2026.1.210.462\Telerik.Documents.SpreadsheetStreaming.dll
        ProductCode: DPL, LicenseDate: 2026-02-10, Redistributed By: RCWPF, RCWF, MAUI, UIXAM, WINUI, RCAJAX, KENDOUIMVC, UIASPCORE, BLAZOR, ProductName: Telerik Document Processing Libraries, ProductVersion: 2026.1.210.462, Flags: None
      - \\FEAP1313L\Users\edward.barreras\source\repos\LIVE\MIA SRC\ERP\bin\Debug\Telerik.Reporting.dll
        ProductCode: REPORTING, LicenseDate: 2025-05-21, ProductName: Telerik Reporting, ProductVersion: 19.1.25.521, Flags: None
      - \\FEAP1313L\Users\edward.barreras\source\repos\LIVE\MIA SRC\lib\RCWF\2026.1.210.462\Telerik.WinControls.dll
        ProductCode: RCWF, LicenseDate: 2026-02-10, ProductName: Telerik UI for WinForms, ProductVersion: 2026.1.210.462, Flags: None
      - \\FEAP1313L\Users\edward.barreras\source\repos\LIVE\MIA SRC\lib\RCWF\2026.1.210.462\Telerik.WinControls.GridView.dll
        ProductCode: RCWF, LicenseDate: 2026-02-10, ProductName: Telerik UI for WinForms, ProductVersion: 2026.1.210.462, Flags: None
      - \\FEAP1313L\Users\edward.barreras\source\repos\LIVE\MIA SRC\lib\RCWF\2026.1.210.462\Telerik.WinControls.RadDock.dll
        ProductCode: RCWF, LicenseDate: 2026-02-10, ProductName: Telerik UI for WinForms, ProductVersion: 2026.1.210.462, Flags: None
      - \\FEAP1313L\Users\edward.barreras\source\repos\LIVE\MIA SRC\lib\RCWF\2026.1.210.462\Telerik.WinControls.Themes.Aqua.dll
        ProductCode: RCWF, LicenseDate: 2026-02-10, ProductName: Telerik UI for WinForms, ProductVersion: 2026.1.210.462, Flags: None
      - \\FEAP1313L\Users\edward.barreras\source\repos\LIVE\MIA SRC\lib\RCWF\2026.1.210.462\Telerik.WinControls.Themes.Breeze.dll
        ProductCode: RCWF, LicenseDate: 2026-02-10, ProductName: Telerik UI for WinForms, ProductVersion: 2026.1.210.462, Flags: None
      - \\FEAP1313L\Users\edward.barreras\source\repos\LIVE\MIA SRC\lib\RCWF\2026.1.210.462\Telerik.WinControls.Themes.Crystal.dll
        ProductCode: RCWF, LicenseDate: 2026-02-10, ProductName: Telerik UI for WinForms, ProductVersion: 2026.1.210.462, Flags: None
      - \\FEAP1313L\Users\edward.barreras\source\repos\LIVE\MIA SRC\lib\RCWF\2026.1.210.462\Telerik.WinControls.Themes.CrystalDark.dll
        ProductCode: RCWF, LicenseDate: 2026-02-10, ProductName: Telerik UI for WinForms, ProductVersion: 2026.1.210.462, Flags: None
      - \\FEAP1313L\Users\edward.barreras\source\repos\LIVE\MIA SRC\lib\RCWF\2026.1.210.462\Telerik.WinControls.Themes.Desert.dll
        ProductCode: RCWF, LicenseDate: 2026-02-10, ProductName: Telerik UI for WinForms, ProductVersion: 2026.1.210.462, Flags: None
      - \\FEAP1313L\Users\edward.barreras\source\repos\LIVE\MIA SRC\lib\RCWF\2026.1.210.462\Telerik.WinControls.Themes.Fluent.dll
        ProductCode: RCWF, LicenseDate: 2026-02-10, ProductName: Telerik UI for WinForms, ProductVersion: 2026.1.210.462, Flags: None
      - \\FEAP1313L\Users\edward.barreras\source\repos\LIVE\MIA SRC\lib\RCWF\2026.1.210.462\Telerik.WinControls.Themes.FluentDark.dll
        ProductCode: RCWF, LicenseDate: 2026-02-10, ProductName: Telerik UI for WinForms, ProductVersion: 2026.1.210.462, Flags: None
      - \\FEAP1313L\Users\edward.barreras\source\repos\LIVE\MIA SRC\lib\RCWF\2026.1.210.462\Telerik.WinControls.Themes.HighContrastBlack.dll
        ProductCode: RCWF, LicenseDate: 2026-02-10, ProductName: Telerik UI for WinForms, ProductVersion: 2026.1.210.462, Flags: None
      - \\FEAP1313L\Users\edward.barreras\source\repos\LIVE\MIA SRC\lib\RCWF\2026.1.210.462\Telerik.WinControls.Themes.Material.dll
        ProductCode: RCWF, LicenseDate: 2026-02-10, ProductName: Telerik UI for WinForms, ProductVersion: 2026.1.210.462, Flags: None
      - \\FEAP1313L\Users\edward.barreras\source\repos\LIVE\MIA SRC\lib\RCWF\2026.1.210.462\Telerik.WinControls.Themes.MaterialBlueGrey.dll
        ProductCode: RCWF, LicenseDate: 2026-02-10, ProductName: Telerik UI for WinForms, ProductVersion: 2026.1.210.462, Flags: None
      - \\FEAP1313L\Users\edward.barreras\source\repos\LIVE\MIA SRC\lib\RCWF\2026.1.210.462\Telerik.WinControls.Themes.MaterialPink.dll
        ProductCode: RCWF, LicenseDate: 2026-02-10, ProductName: Telerik UI for WinForms, ProductVersion: 2026.1.210.462, Flags: None
      - \\FEAP1313L\Users\edward.barreras\source\repos\LIVE\MIA SRC\lib\RCWF\2026.1.210.462\Telerik.WinControls.Themes.MaterialTeal.dll
        ProductCode: RCWF, LicenseDate: 2026-02-10, ProductName: Telerik UI for WinForms, ProductVersion: 2026.1.210.462, Flags: None
      - \\FEAP1313L\Users\edward.barreras\source\repos\LIVE\MIA SRC\lib\RCWF\2026.1.210.462\Telerik.WinControls.Themes.Office2007Black.dll
        ProductCode: RCWF, LicenseDate: 2026-02-10, ProductName: Telerik UI for WinForms, ProductVersion: 2026.1.210.462, Flags: None
      - \\FEAP1313L\Users\edward.barreras\source\repos\LIVE\MIA SRC\lib\RCWF\2026.1.210.462\Telerik.WinControls.Themes.Office2010Black.dll
        ProductCode: RCWF, LicenseDate: 2026-02-10, ProductName: Telerik UI for WinForms, ProductVersion: 2026.1.210.462, Flags: None
      - \\FEAP1313L\Users\edward.barreras\source\repos\LIVE\MIA SRC\lib\RCWF\2026.1.210.462\Telerik.WinControls.Themes.Office2010Blue.dll
        ProductCode: RCWF, LicenseDate: 2026-02-10, ProductName: Telerik UI for WinForms, ProductVersion: 2026.1.210.462, Flags: None
      - \\FEAP1313L\Users\edward.barreras\source\repos\LIVE\MIA SRC\lib\RCWF\2026.1.210.462\Telerik.WinControls.Themes.Office2010Silver.dll
        ProductCode: RCWF, LicenseDate: 2026-02-10, ProductName: Telerik UI for WinForms, ProductVersion: 2026.1.210.462, Flags: None
      - \\FEAP1313L\Users\edward.barreras\source\repos\LIVE\MIA SRC\lib\RCWF\2026.1.210.462\Telerik.WinControls.Themes.Office2013Dark.dll
        ProductCode: RCWF, LicenseDate: 2026-02-10, ProductName: Telerik UI for WinForms, ProductVersion: 2026.1.210.462, Flags: None
      - \\FEAP1313L\Users\edward.barreras\source\repos\LIVE\MIA SRC\lib\RCWF\2026.1.210.462\Telerik.WinControls.Themes.Office2013Light.dll
        ProductCode: RCWF, LicenseDate: 2026-02-10, ProductName: Telerik UI for WinForms, ProductVersion: 2026.1.210.462, Flags: None
      - \\FEAP1313L\Users\edward.barreras\source\repos\LIVE\MIA SRC\lib\RCWF\2026.1.210.462\Telerik.WinControls.Themes.TelerikMetroBlue.dll
        ProductCode: RCWF, LicenseDate: 2026-02-10, ProductName: Telerik UI for WinForms, ProductVersion: 2026.1.210.462, Flags: None
      - \\FEAP1313L\Users\edward.barreras\source\repos\LIVE\MIA SRC\lib\RCWF\2026.1.210.462\Telerik.WinControls.Themes.VisualStudio2012Dark.dll
        ProductCode: RCWF, LicenseDate: 2026-02-10, ProductName: Telerik UI for WinForms, ProductVersion: 2026.1.210.462, Flags: None
      - \\FEAP1313L\Users\edward.barreras\source\repos\LIVE\MIA SRC\lib\RCWF\2026.1.210.462\Telerik.WinControls.Themes.VisualStudio2012Light.dll
        ProductCode: RCWF, LicenseDate: 2026-02-10, ProductName: Telerik UI for WinForms, ProductVersion: 2026.1.210.462, Flags: None
      - \\FEAP1313L\Users\edward.barreras\source\repos\LIVE\MIA SRC\lib\RCWF\2026.1.210.462\Telerik.WinControls.Themes.Windows7.dll
        ProductCode: RCWF, LicenseDate: 2026-02-10, ProductName: Telerik UI for WinForms, ProductVersion: 2026.1.210.462, Flags: None
      - \\FEAP1313L\Users\edward.barreras\source\repos\LIVE\MIA SRC\lib\RCWF\2026.1.210.462\Telerik.WinControls.Themes.Windows8.dll
        ProductCode: RCWF, LicenseDate: 2026-02-10, ProductName: Telerik UI for WinForms, ProductVersion: 2026.1.210.462, Flags: None
      - \\FEAP1313L\Users\edward.barreras\source\repos\LIVE\MIA SRC\lib\RCWF\2026.1.210.462\Telerik.WinControls.UI.dll
        ProductCode: RCWF, LicenseDate: 2026-02-10, ProductName: Telerik UI for WinForms, ProductVersion: 2026.1.210.462, Flags: None
      - \\FEAP1313L\Users\edward.barreras\source\repos\LIVE\MIA SRC\lib\RCWF\2026.1.210.462\Telerik.Windows.Documents.Core.dll
        ProductCode: DPL, LicenseDate: 2026-02-10, Redistributed By: RCWPF, RCWF, MAUI, UIXAM, WINUI, RCAJAX, KENDOUIMVC, UIASPCORE, BLAZOR, ProductName: Telerik Document Processing Libraries, ProductVersion: 2026.1.210.462, Flags: None
      - \\FEAP1313L\Users\edward.barreras\source\repos\LIVE\MIA SRC\lib\RCWF\2026.1.210.462\Telerik.Windows.Documents.Fixed.dll
        ProductCode: DPL, LicenseDate: 2026-02-10, Redistributed By: RCWPF, RCWF, MAUI, UIXAM, WINUI, RCAJAX, KENDOUIMVC, UIASPCORE, BLAZOR, ProductName: Telerik Document Processing Libraries, ProductVersion: 2026.1.210.462, Flags: None
      - \\FEAP1313L\Users\edward.barreras\source\repos\LIVE\MIA SRC\lib\RCWF\2026.1.210.462\Telerik.Windows.Documents.Spreadsheet.dll
        ProductCode: DPL, LicenseDate: 2026-02-10, Redistributed By: RCWPF, RCWF, MAUI, UIXAM, WINUI, RCAJAX, KENDOUIMVC, UIASPCORE, BLAZOR, ProductName: Telerik Document Processing Libraries, ProductVersion: 2026.1.210.462, Flags: None
      - \\FEAP1313L\Users\edward.barreras\source\repos\LIVE\MIA SRC\lib\RCWF\2026.1.210.462\Telerik.Windows.Documents.Spreadsheet.FormatProviders.Pdf.dll
        ProductCode: DPL, LicenseDate: 2026-02-10, Redistributed By: RCWPF, RCWF, MAUI, UIXAM, WINUI, RCAJAX, KENDOUIMVC, UIASPCORE, BLAZOR, ProductName: Telerik Document Processing Libraries, ProductVersion: 2026.1.210.462, Flags: None
      - \\FEAP1313L\Users\edward.barreras\source\repos\LIVE\MIA SRC\lib\RCWF\2026.1.210.462\Telerik.Windows.Documents.Spreadsheet.FormatProviders.Xls.dll
        ProductCode: DPL, LicenseDate: 2026-02-10, Redistributed By: RCWPF, RCWF, MAUI, UIXAM, WINUI, RCAJAX, KENDOUIMVC, UIASPCORE, BLAZOR, ProductName: Telerik Document Processing Libraries, ProductVersion: 2026.1.210.462, Flags: None
      - \\FEAP1313L\Users\edward.barreras\source\repos\LIVE\MIA SRC\lib\RCWF\2026.1.210.462\Telerik.Windows.Zip.dll
        ProductCode: DPL, LicenseDate: 2026-02-10, Redistributed By: RCWPF, RCWF, MAUI, UIXAM, WINUI, RCAJAX, KENDOUIMVC, UIASPCORE, BLAZOR, ProductName: Telerik Document Processing Libraries, ProductVersion: 2026.1.210.462, Flags: None
      - \\FEAP1313L\Users\edward.barreras\source\repos\LIVE\MIA SRC\lib\RCWF\2026.1.210.462\TelerikCommon.dll
        ProductCode: RCWF, LicenseDate: 2026-02-10, ProductName: Telerik UI for WinForms, ProductVersion: 2026.1.210.462, Flags: None
      - \\FEAP1313L\Users\edward.barreras\source\repos\LIVE\MIA SRC\lib\RCWF\2026.1.210.462\TelerikExport.dll
        ProductCode: RCWF, LicenseDate: 2026-02-10, ProductName: Telerik UI for WinForms, ProductVersion: 2026.1.210.462, Flags: None
      Unique Products:
      - "Telerik Document Processing Libraries" (DPL) 2026.1.210.462 @2026-02-10
      - "Telerik UI for WinForms" (RCWF) 2026.1.210.462 @2026-02-10
      - "Telerik Reporting" (REPORTING) 19.1.25.521 @2025-05-21
      Found a total of 3 referenced Telerik products for 

[2026-03-23 15:48:35.403] [Low]   Provision Licensing
        Looking up license file...
        - EnvironmentVariablePath: TELERIK_LICENSE_PATH (NotAvailable)
        - EnvironmentVariable: TELERIK_LICENSE (NotAvailable)
        - EnvironmentVariable: KENDO_UI_LICENSE (NotAvailable)
        - RecursiveFilePath: \\FEAP1313L\Users\edward.barreras\source\repos\LIVE\MIA SRC\ERP\telerik-license.txt (NotAvailable)
        - RecursiveFilePath: \\FEAP1313L\Users\edward.barreras\source\repos\LIVE\MIA SRC\ERP\kendo-ui-license.txt (NotAvailable)
        - RecursiveFilePath: \\FEAP1313L\Users\edward.barreras\source\repos\LIVE\MIA SRC\telerik-license.txt (LicenseFound)
        - RecursiveFilePath: \\FEAP1313L\Users\edward.barreras\source\repos\LIVE\MIA SRC\kendo-ui-license.txt (Skip)
        - RecursiveFilePath: \\FEAP1313L\Users\edward.barreras\source\repos\LIVE\telerik-license.txt (Skip)
        - RecursiveFilePath: \\FEAP1313L\Users\edward.barreras\source\repos\LIVE\kendo-ui-license.txt (Skip)
        - RecursiveFilePath: \\FEAP1313L\Users\edward.barreras\source\repos\telerik-license.txt (Skip)
        - RecursiveFilePath: \\FEAP1313L\Users\edward.barreras\source\repos\kendo-ui-license.txt (Skip)
        - RecursiveFilePath: \\FEAP1313L\Users\edward.barreras\source\telerik-license.txt (Skip)
        - RecursiveFilePath: \\FEAP1313L\Users\edward.barreras\source\kendo-ui-license.txt (Skip)
        - RecursiveFilePath: \\FEAP1313L\Users\edward.barreras\telerik-license.txt (Skip)
        - RecursiveFilePath: \\FEAP1313L\Users\edward.barreras\kendo-ui-license.txt (Skip)
        - RecursiveFilePath: \\FEAP1313L\Users\telerik-license.txt (Skip)
        - RecursiveFilePath: \\FEAP1313L\Users\kendo-ui-license.txt (Skip)
        - UserDirectory: C:\Users\edward.barreras\AppData\Roaming\Telerik\telerik-license.txt (Skip)
        - UserDirectory: C:\Users\edward.barreras\AppData\Roaming\Telerik\kendo-ui-license.txt (Skip)
        LicenseKey
        - AUD: f***.m**@f***************.com
        - UsedId: ab69b8b5-c84c-45ed-8228-81dac868c759
        - LicenseId: e7eaafda-87c7-42d6-9ce6-49a541b8c4ed
        - IssuedAt: 1/20/2026 6:35:06 AM
        - Licenses
          0) Perpetual BLAZOR, expiration 9/25/2027 12:49:33 PM, type: 'perpetual'
          1) Perpetual JM, expiration 9/25/2027 12:49:33 PM, type: 'perpetual'
          2) Perpetual KENDOUIANGULAR, expiration 9/25/2027 12:49:33 PM, type: 'perpetual'
          3) Perpetual KENDOUICOMPLETE, expiration 9/25/2027 12:49:33 PM, type: 'perpetual'
          4) Perpetual KENDOUIMVC, expiration 9/25/2027 12:49:33 PM, type: 'perpetual'
          5) Perpetual KENDOUIREACT, expiration 9/25/2027 12:49:33 PM, type: 'perpetual'
          6) Perpetual KENDOUIVUE, expiration 9/25/2027 12:49:33 PM, type: 'perpetual'
          7) Perpetual MAUI, expiration 9/25/2027 12:49:33 PM, type: 'perpetual'
          8) Perpetual RCAJAX, expiration 9/25/2027 12:49:33 PM, type: 'perpetual'
          9) Perpetual RCWF, expiration 9/25/2027 12:49:33 PM, type: 'perpetual'
          10) Perpetual RCWPF, expiration 9/25/2027 12:49:33 PM, type: 'perpetual'
          11) Perpetual REPORTING, expiration 9/25/2027 12:49:33 PM, type: 'perpetual'
          12) Perpetual REPORTSERVER, expiration 9/25/2027 12:49:33 PM, type: 'perpetual'
          13) Perpetual UIASPCORE, expiration 9/25/2027 12:49:33 PM, type: 'perpetual'
          14) Perpetual UIXAM, expiration 2/19/2025 6:00:00 AM, type: 'perpetual'
          15) Perpetual WINUI, expiration 9/25/2027 12:49:33 PM, type: 'perpetual'
          16) Usage UserId: ab69b8b5-c84c-45ed-8228-81dac868c759, LicenseId: e7eaafda-87c7-42d6-9ce6-49a541b8c4ed, type: 'usage'

[2026-03-23 15:48:35.411] [Low]   License Resolution
        Messages
          - License OK for "Telerik UI for WinForms" (RCWF) 2026.1.210.462 @2026-02-10 - Perpetual, valid until 2027-09-25.
          - License OK for "Telerik Reporting" (REPORTING) 19.1.25.521 @2025-05-21 - Perpetual, valid until 2027-09-25.
          - License OK for "Telerik Document Processing Libraries" (DPL) 2026.1.210.462 @2026-02-10 - Perpetual for RCWF, valid until 2027-09-25.
        JWTs
          - eyJhbGciOiJSUzI1NiIsInR5cCI6IlRlbGVyaWsgTGljZW5zZSBFdmlkZW5jZSJ9.eyJjb2RlIjoiUkNXRiIsInR5cGUiOiJwZXJwZXR1YWwiLCJleHBpcmF0aW9uIjoxODIxODc2NTczLCJ1c2VySWQiOiJhYjY5YjhiNS1jODRjLTQ1ZWQtODIyOC04MWRhYzg2OGM3NTkiLCJsaWNlbnNlSWQiOiJlN2VhYWZkYS04N2M3LTQyZDYtOWNlNi00OWE1NDFiOGM0ZWQifQ.H8sxX5O2T3i22Uhy0PFV3YDo-lS1iHVocWX9Eu-82PheI3XbKMkEr7QiChWfuNwS9afgR7PMGy4_nx9HXRV5V9cRQ1zWvIkJsG2EbadPtKlygaAkCh-FXSRVflm3WITNHIAYfazZa26sHSnqBW_XRbH3o0GQkqVYkLlxLuLuKa4M7LlA1KtQZcVFhOH2oaXQoxfrkUMQxNFCz0JdI76T1YJNrAwxpXri8KUzfoDwKhY-IhN-bU25hJs19yGvWykTuZqrZ3lv603aQkaCaPnlF_tHROsmC7nbV4aaxaSHRF1PVD5lqsAhkA5OdGmqH8Kq9F5mhRXVVwYWf3WBcxZKkg
          - eyJhbGciOiJSUzI1NiIsInR5cCI6IlRlbGVyaWsgTGljZW5zZSBFdmlkZW5jZSJ9.eyJjb2RlIjoiUkVQT1JUSU5HIiwidHlwZSI6InBlcnBldHVhbCIsImV4cGlyYXRpb24iOjE4MjE4NzY1NzMsInVzZXJJZCI6ImFiNjliOGI1LWM4NGMtNDVlZC04MjI4LTgxZGFjODY4Yzc1OSIsImxpY2Vuc2VJZCI6ImU3ZWFhZmRhLTg3YzctNDJkNi05Y2U2LTQ5YTU0MWI4YzRlZCJ9.vMdezVVvhtRG-iThgXrXFDyr8L394y38spuHWK9Cyc_b9XZ2iHzEwyT9dLgOqBfvEQM3-GKFcOW6O4-_SSwoIjNhm9paVKSVEmeonMfEOgZjOXuqYFCrXmegYUefJNkHmL6P9cB0CPtA_PThVXqg_RGtCMGEoTW_ISG2ymjLnKXwuGf3uQoTxYWCmdBVMAeZHBlzpUh7aJ78fWmWbIvGf_jrykaFhCaWML2yJHyAjHIH1uzf088pGqdOeDvhBQsIva3Hg0KPLptC4ZqxkkVyYHFvvqFgwwkv8O3ex6Df238honjg-11aXIid1Ad6SSsrqEuKqHBUF__HbdhN0AvfLg
        Licenses
          - License OK for "Telerik UI for WinForms" (RCWF) 2026.1.210.462 @2026-02-10 - Perpetual, valid until 2027-09-25.
          - License OK for "Telerik Reporting" (REPORTING) 19.1.25.521 @2025-05-21 - Perpetual, valid until 2027-09-25.
          - License OK for "Telerik Document Processing Libraries" (DPL) 2026.1.210.462 @2026-02-10 - Perpetual for RCWF, valid until 2027-09-25.

[2026-03-23 15:48:35.414] [Low] OutputType: WinExe, ImportXamlTargets: True
[2026-03-23 15:48:35.427] [Low] 
      Call-Home Telerik Products (3 for )
      - "Telerik UI for WinForms" (RCWF) 2026.1.210
      - "DPL" (DPL) 2026.1.210
      - "Telerik Reporting" (REPORTING) 19.1.25

[2026-03-23 15:48:35.427] [Low] 
[2026-03-23 15:48:35.430] [Low] 
      Call-Home Telerik Features (0 for )

[2026-03-23 15:48:35.430] [Low] 
[2026-03-23 15:48:35.472] [Low]   Report Telerik.Licensing
        UserId: ab69b8b5-c84c-45ed-8228-81dac868c759
        LicenseId: e7eaafda-87c7-42d6-9ce6-49a541b8c4ed
        Products
        - LicenseUsed RCWF 2026.1.210.462 SKIPPED
        - LicenseUsed REPORTING 19.1.25.521 SKIPPED
        - LicenseUsed DPL 2026.1.210.462 SKIPPED
      Report finished in 00:00:00.0374839

[2026-03-23 15:48:35.474] [Low]   Sending Telemetry...
[2026-03-23 15:48:35.501] [Low]   Metrics done 00:00:00.0276582
[2026-03-23 15:48:35.503] [Normal] Resolve Telerik Products. Done (00:00:00.4493162) for 
[2026-03-23 15:49:38.818] [Normal] Resolve Telerik Products.
  MSBuildProjectName=2
  MSBuildProjectDirectory=\\FEAP1313L\Users\edward.barreras\source\repos\LIVE\MIA SRC\ERP
  MSBuildProjectExtension=.vbproj
  Language=VB
  OutputPath=bin\Debug\
  Platform=AnyCPU
  TargetFramework=
  TargetFrameworks=
  TargetFrameworkVersion=v4.8
  VisualStudioVersion=17.0
  UsingMicrosoftNETSdk=
  UsingMicrosoftNETSdkRazor=
  UsingMicrosoftNETSdkWeb=
  ImportXamlTargets=True
  OutputType=WinExe
  UseMaui=
  NuGetPackageRoot=

  PackageReferences
  ReferencePaths
  - BouncyCastle.Crypto.dll 1.8.3 at \\FEAP1313L\Users\edward.barreras\source\repos\LIVE\MIA SRC\packages\BouncyCastle.1.8.3.1\lib\BouncyCastle.Crypto.dll
  - BouncyCastle.Cryptography.dll 2.5.1 at \\FEAP1313L\Users\edward.barreras\source\repos\LIVE\MIA SRC\packages\BouncyCastle.Cryptography.2.5.1\lib\net461\BouncyCastle.Cryptography.dll
  - ClosedXML.dll 0.96.0 at \\FEAP1313L\Users\edward.barreras\source\repos\LIVE\MIA SRC\packages\ClosedXML.0.96.0\lib\net40\ClosedXML.dll
  - DocumentFormat.OpenXml.dll 2.16.0 at \\FEAP1313L\Users\edward.barreras\source\repos\LIVE\MIA SRC\packages\DocumentFormat.OpenXml.2.16.0\lib\net40\DocumentFormat.OpenXml.dll
  - ExcelNumberFormat.dll 1.1.0 at \\FEAP1313L\Users\edward.barreras\source\repos\LIVE\MIA SRC\packages\ExcelNumberFormat.1.1.0\lib\net20\ExcelNumberFormat.dll
  - FEAPNS.dll 1.0.0 at \\FEAP1313L\Users\edward.barreras\source\repos\LIVE\MIA SRC\ERP\bin\Debug\FEAPNS.dll
  - Gma.QrCodeNet.Encoding.dll 0.4.1 at \\FEAP1313L\Users\edward.barreras\source\repos\LIVE\MIA SRC\packages\Gma.QrCodeNet.0.4.1.2\lib\net40\Gma.QrCodeNet.Encoding.dll
  - Google.Protobuf.dll 3.30.0 at \\FEAP1313L\Users\edward.barreras\source\repos\LIVE\MIA SRC\packages\Google.Protobuf.3.30.0\lib\net45\Google.Protobuf.dll
  - K4os.Compression.LZ4.dll 1.3.8 at \\FEAP1313L\Users\edward.barreras\source\repos\LIVE\MIA SRC\packages\K4os.Compression.LZ4.1.3.8\lib\net462\K4os.Compression.LZ4.dll
  - K4os.Compression.LZ4.Streams.dll 1.3.8 at \\FEAP1313L\Users\edward.barreras\source\repos\LIVE\MIA SRC\packages\K4os.Compression.LZ4.Streams.1.3.8\lib\net462\K4os.Compression.LZ4.Streams.dll
  - K4os.Hash.xxHash.dll 1.0.8 at \\FEAP1313L\Users\edward.barreras\source\repos\LIVE\MIA SRC\packages\K4os.Hash.xxHash.1.0.8\lib\net462\K4os.Hash.xxHash.dll
  - MIA-Linq.dll 1.0.0 at \\FEAP1313L\Users\edward.barreras\source\repos\LIVE\MIA SRC\ERP\bin\Debug\MIA-Linq.dll
  - MIA-Report.dll 1.0.0 at \\FEAP1313L\Users\edward.barreras\source\repos\LIVE\MIA SRC\ERP\bin\Debug\MIA-Report.dll
  - Microsoft.Bcl.AsyncInterfaces.dll 5.0.0 at \\FEAP1313L\Users\edward.barreras\source\repos\LIVE\MIA SRC\packages\Microsoft.Bcl.AsyncInterfaces.5.0.0\lib\net461\Microsoft.Bcl.AsyncInterfaces.dll
  - Microsoft.CSharp.dll 4.8.3761 at C:\Program Files (x86)\Reference Assemblies\Microsoft\Framework\.NETFramework\v4.8\Microsoft.CSharp.dll
  - MySql.Data.dll 9.4.0 at \\FEAP1313L\Users\edward.barreras\source\repos\LIVE\MIA SRC\packages\MySql.Data.9.4.0\lib\net48\MySql.Data.dll
  - Newtonsoft.Json.dll 13.0.3 at \\FEAP1313L\Users\edward.barreras\source\repos\LIVE\MIA SRC\packages\Newtonsoft.Json.13.0.3\lib\net45\Newtonsoft.Json.dll
  - SRCDailyReportv2.dll 1.0.0 at \\FEAP1313L\Users\edward.barreras\source\repos\LIVE\MIA SRC\ERP\bin\Debug\SRCDailyReportv2.dll
  - System.Buffers.dll 4.6.28619 at \\FEAP1313L\Users\edward.barreras\source\repos\LIVE\MIA SRC\packages\System.Buffers.4.5.1\lib\net461\System.Buffers.dll
  - System.ComponentModel.DataAnnotations.dll 4.8.3761 at C:\Program Files (x86)\Reference Assemblies\Microsoft\Framework\.NETFramework\v4.8\System.ComponentModel.DataAnnotations.dll
  - System.ComponentModel.dll 4.8.3761 at C:\Program Files (x86)\Reference Assemblies\Microsoft\Framework\.NETFramework\v4.8\Facades\System.ComponentModel.dll
  - System.Configuration.ConfigurationManager.dll 8.0.0 at \\FEAP1313L\Users\edward.barreras\source\repos\LIVE\MIA SRC\packages\System.Configuration.ConfigurationManager.8.0.0\lib\net462\System.Configuration.ConfigurationManager.dll
  - System.Configuration.dll 4.8.3761 at C:\Program Files (x86)\Reference Assemblies\Microsoft\Framework\.NETFramework\v4.8\System.Configuration.dll
  - System.Configuration.Install.dll 4.8.3761 at C:\Program Files (x86)\Reference Assemblies\Microsoft\Framework\.NETFramework\v4.8\System.Configuration.Install.dll
  - System.Core.dll 4.8.3761 at C:\Program Files (x86)\Reference Assemblies\Microsoft\Framework\.NETFramework\v4.8\System.Core.dll
  - System.Data.DataSetExtensions.dll 4.8.3761 at C:\Program Files (x86)\Reference Assemblies\Microsoft\Framework\.NETFramework\v4.8\System.Data.DataSetExtensions.dll
  - System.Data.dll 4.8.3761 at C:\Program Files (x86)\Reference Assemblies\Microsoft\Framework\.NETFramework\v4.8\System.Data.dll
  - System.Data.OleDb.dll 9.0.2 at \\FEAP1313L\Users\edward.barreras\source\repos\LIVE\MIA SRC\packages\System.Data.OleDb.9.0.2\lib\net462\System.Data.OleDb.dll
  - System.Deployment.dll 4.8.3761 at C:\Program Files (x86)\Reference Assemblies\Microsoft\Framework\.NETFramework\v4.8\System.Deployment.dll
  - System.Diagnostics.DiagnosticSource.dll 8.0.4 at \\FEAP1313L\Users\edward.barreras\source\repos\LIVE\MIA SRC\packages\System.Diagnostics.DiagnosticSource.8.0.1\lib\net462\System.Diagnostics.DiagnosticSource.dll
  - System.dll 4.8.3761 at C:\Program Files (x86)\Reference Assemblies\Microsoft\Framework\.NETFramework\v4.8\System.dll
  - System.Drawing.Design.dll 4.8.3761 at C:\Program Files (x86)\Reference Assemblies\Microsoft\Framework\.NETFramework\v4.8\System.Drawing.Design.dll
  - System.Drawing.dll 4.8.3761 at C:\Program Files (x86)\Reference Assemblies\Microsoft\Framework\.NETFramework\v4.8\System.Drawing.dll
  - System.IO.Pipelines.dll 5.0.15 at \\FEAP1313L\Users\edward.barreras\source\repos\LIVE\MIA SRC\packages\System.IO.Pipelines.5.0.2\lib\net461\System.IO.Pipelines.dll
  - System.Management.dll 4.8.3761 at C:\Program Files (x86)\Reference Assemblies\Microsoft\Framework\.NETFramework\v4.8\System.Management.dll
  - System.Memory.dll 4.6.31308 at \\FEAP1313L\Users\edward.barreras\source\repos\LIVE\MIA SRC\packages\System.Memory.4.5.5\lib\net461\System.Memory.dll
  - System.Messaging.dll 4.8.3761 at C:\Program Files (x86)\Reference Assemblies\Microsoft\Framework\.NETFramework\v4.8\System.Messaging.dll
  - System.Net.Http.Formatting.dll 5.2.7 at C:\Program Files\Microsoft Visual Studio\2022\Community\Common7\IDE\PublicAssemblies\System.Net.Http.Formatting.dll
  - System.Numerics.dll 4.8.3761 at C:\Program Files (x86)\Reference Assemblies\Microsoft\Framework\.NETFramework\v4.8\System.Numerics.dll
  - System.Numerics.Vectors.dll 4.6.26515 at \\FEAP1313L\Users\edward.barreras\source\repos\LIVE\MIA SRC\packages\System.Numerics.Vectors.4.5.0\lib\net46\System.Numerics.Vectors.dll
  - System.Runtime.CompilerServices.Unsafe.dll 6.1.0 at \\FEAP1313L\Users\edward.barreras\source\repos\LIVE\MIA SRC\packages\System.Runtime.CompilerServices.Unsafe.6.1.0\lib\net462\System.Runtime.CompilerServices.Unsafe.dll
  - System.Threading.Tasks.Extensions.dll 4.6.0 at \\FEAP1313L\Users\edward.barreras\source\repos\LIVE\MIA SRC\packages\System.Threading.Tasks.Extensions.4.6.0\lib\net462\System.Threading.Tasks.Extensions.dll
  - System.Transactions.dll 4.8.3761 at C:\Program Files (x86)\Reference Assemblies\Microsoft\Framework\.NETFramework\v4.8\System.Transactions.dll
  - System.Web.Extensions.dll 4.8.3761 at C:\Program Files (x86)\Reference Assemblies\Microsoft\Framework\.NETFramework\v4.8\System.Web.Extensions.dll
  - System.Windows.Forms.dll 4.8.3761 at C:\Program Files (x86)\Reference Assemblies\Microsoft\Framework\.NETFramework\v4.8\System.Windows.Forms.dll
  - System.Xml.dll 4.8.3761 at C:\Program Files (x86)\Reference Assemblies\Microsoft\Framework\.NETFramework\v4.8\System.Xml.dll
  - System.Xml.Linq.dll 4.8.3761 at C:\Program Files (x86)\Reference Assemblies\Microsoft\Framework\.NETFramework\v4.8\System.Xml.Linq.dll
  - Telerik.Documents.SpreadsheetStreaming.dll 2026.1.210 at \\FEAP1313L\Users\edward.barreras\source\repos\LIVE\MIA SRC\lib\RCWF\2026.1.210.462\Telerik.Documents.SpreadsheetStreaming.dll
  - Telerik.Licensing.Runtime.dll 1.8.2 at \\FEAP1313L\Users\edward.barreras\source\repos\LIVE\MIA SRC\packages\Telerik.Licensing.1.8.2\lib\net462\Telerik.Licensing.Runtime.dll
  - Telerik.Reporting.dll 19.1.25 at \\FEAP1313L\Users\edward.barreras\source\repos\LIVE\MIA SRC\ERP\bin\Debug\Telerik.Reporting.dll
  - Telerik.Reporting.Services.HttpClient.dll 19.1.25 at \\FEAP1313L\Users\edward.barreras\source\repos\LIVE\MIA SRC\ERP\bin\Debug\Telerik.Reporting.Services.HttpClient.dll
  - Telerik.Reporting.Services.ServiceStack.dll 19.1.25 at \\FEAP1313L\Users\edward.barreras\source\repos\LIVE\MIA SRC\ERP\bin\Debug\Telerik.Reporting.Services.ServiceStack.dll
  - Telerik.ReportViewer.WinForms.dll 19.1.25 at \\FEAP1313L\Users\edward.barreras\source\repos\LIVE\MIA SRC\ERP\bin\Debug\Telerik.ReportViewer.WinForms.dll
  - Telerik.ReportViewer.Wpf.dll 19.1.25 at \\FEAP1313L\Users\edward.barreras\source\repos\LIVE\MIA SRC\ERP\bin\Debug\Telerik.ReportViewer.Wpf.dll
  - Telerik.WinControls.dll 2026.1.210 at \\FEAP1313L\Users\edward.barreras\source\repos\LIVE\MIA SRC\lib\RCWF\2026.1.210.462\Telerik.WinControls.dll
  - Telerik.WinControls.GridView.dll 2026.1.210 at \\FEAP1313L\Users\edward.barreras\source\repos\LIVE\MIA SRC\lib\RCWF\2026.1.210.462\Telerik.WinControls.GridView.dll
  - Telerik.WinControls.RadDock.dll 2026.1.210 at \\FEAP1313L\Users\edward.barreras\source\repos\LIVE\MIA SRC\lib\RCWF\2026.1.210.462\Telerik.WinControls.RadDock.dll
  - Telerik.WinControls.Themes.Aqua.dll 2026.1.210 at \\FEAP1313L\Users\edward.barreras\source\repos\LIVE\MIA SRC\lib\RCWF\2026.1.210.462\Telerik.WinControls.Themes.Aqua.dll
  - Telerik.WinControls.Themes.Breeze.dll 2026.1.210 at \\FEAP1313L\Users\edward.barreras\source\repos\LIVE\MIA SRC\lib\RCWF\2026.1.210.462\Telerik.WinControls.Themes.Breeze.dll
  - Telerik.WinControls.Themes.Crystal.dll 2026.1.210 at \\FEAP1313L\Users\edward.barreras\source\repos\LIVE\MIA SRC\lib\RCWF\2026.1.210.462\Telerik.WinControls.Themes.Crystal.dll
  - Telerik.WinControls.Themes.CrystalDark.dll 2026.1.210 at \\FEAP1313L\Users\edward.barreras\source\repos\LIVE\MIA SRC\lib\RCWF\2026.1.210.462\Telerik.WinControls.Themes.CrystalDark.dll
  - Telerik.WinControls.Themes.Desert.dll 2026.1.210 at \\FEAP1313L\Users\edward.barreras\source\repos\LIVE\MIA SRC\lib\RCWF\2026.1.210.462\Telerik.WinControls.Themes.Desert.dll
  - Telerik.WinControls.Themes.Fluent.dll 2026.1.210 at \\FEAP1313L\Users\edward.barreras\source\repos\LIVE\MIA SRC\lib\RCWF\2026.1.210.462\Telerik.WinControls.Themes.Fluent.dll
  - Telerik.WinControls.Themes.FluentDark.dll 2026.1.210 at \\FEAP1313L\Users\edward.barreras\source\repos\LIVE\MIA SRC\lib\RCWF\2026.1.210.462\Telerik.WinControls.Themes.FluentDark.dll
  - Telerik.WinControls.Themes.HighContrastBlack.dll 2026.1.210 at \\FEAP1313L\Users\edward.barreras\source\repos\LIVE\MIA SRC\lib\RCWF\2026.1.210.462\Telerik.WinControls.Themes.HighContrastBlack.dll
  - Telerik.WinControls.Themes.Material.dll 2026.1.210 at \\FEAP1313L\Users\edward.barreras\source\repos\LIVE\MIA SRC\lib\RCWF\2026.1.210.462\Telerik.WinControls.Themes.Material.dll
  - Telerik.WinControls.Themes.MaterialBlueGrey.dll 2026.1.210 at \\FEAP1313L\Users\edward.barreras\source\repos\LIVE\MIA SRC\lib\RCWF\2026.1.210.462\Telerik.WinControls.Themes.MaterialBlueGrey.dll
  - Telerik.WinControls.Themes.MaterialPink.dll 2026.1.210 at \\FEAP1313L\Users\edward.barreras\source\repos\LIVE\MIA SRC\lib\RCWF\2026.1.210.462\Telerik.WinControls.Themes.MaterialPink.dll
  - Telerik.WinControls.Themes.MaterialTeal.dll 2026.1.210 at \\FEAP1313L\Users\edward.barreras\source\repos\LIVE\MIA SRC\lib\RCWF\2026.1.210.462\Telerik.WinControls.Themes.MaterialTeal.dll
  - Telerik.WinControls.Themes.Office2007Black.dll 2026.1.210 at \\FEAP1313L\Users\edward.barreras\source\repos\LIVE\MIA SRC\lib\RCWF\2026.1.210.462\Telerik.WinControls.Themes.Office2007Black.dll
  - Telerik.WinControls.Themes.Office2010Black.dll 2026.1.210 at \\FEAP1313L\Users\edward.barreras\source\repos\LIVE\MIA SRC\lib\RCWF\2026.1.210.462\Telerik.WinControls.Themes.Office2010Black.dll
  - Telerik.WinControls.Themes.Office2010Blue.dll 2026.1.210 at \\FEAP1313L\Users\edward.barreras\source\repos\LIVE\MIA SRC\lib\RCWF\2026.1.210.462\Telerik.WinControls.Themes.Office2010Blue.dll
  - Telerik.WinControls.Themes.Office2010Silver.dll 2026.1.210 at \\FEAP1313L\Users\edward.barreras\source\repos\LIVE\MIA SRC\lib\RCWF\2026.1.210.462\Telerik.WinControls.Themes.Office2010Silver.dll
  - Telerik.WinControls.Themes.Office2013Dark.dll 2026.1.210 at \\FEAP1313L\Users\edward.barreras\source\repos\LIVE\MIA SRC\lib\RCWF\2026.1.210.462\Telerik.WinControls.Themes.Office2013Dark.dll
  - Telerik.WinControls.Themes.Office2013Light.dll 2026.1.210 at \\FEAP1313L\Users\edward.barreras\source\repos\LIVE\MIA SRC\lib\RCWF\2026.1.210.462\Telerik.WinControls.Themes.Office2013Light.dll
  - Telerik.WinControls.Themes.TelerikMetroBlue.dll 2026.1.210 at \\FEAP1313L\Users\edward.barreras\source\repos\LIVE\MIA SRC\lib\RCWF\2026.1.210.462\Telerik.WinControls.Themes.TelerikMetroBlue.dll
  - Telerik.WinControls.Themes.VisualStudio2012Dark.dll 2026.1.210 at \\FEAP1313L\Users\edward.barreras\source\repos\LIVE\MIA SRC\lib\RCWF\2026.1.210.462\Telerik.WinControls.Themes.VisualStudio2012Dark.dll
  - Telerik.WinControls.Themes.VisualStudio2012Light.dll 2026.1.210 at \\FEAP1313L\Users\edward.barreras\source\repos\LIVE\MIA SRC\lib\RCWF\2026.1.210.462\Telerik.WinControls.Themes.VisualStudio2012Light.dll
  - Telerik.WinControls.Themes.Windows7.dll 2026.1.210 at \\FEAP1313L\Users\edward.barreras\source\repos\LIVE\MIA SRC\lib\RCWF\2026.1.210.462\Telerik.WinControls.Themes.Windows7.dll
  - Telerik.WinControls.Themes.Windows8.dll 2026.1.210 at \\FEAP1313L\Users\edward.barreras\source\repos\LIVE\MIA SRC\lib\RCWF\2026.1.210.462\Telerik.WinControls.Themes.Windows8.dll
  - Telerik.WinControls.UI.dll 2026.1.210 at \\FEAP1313L\Users\edward.barreras\source\repos\LIVE\MIA SRC\lib\RCWF\2026.1.210.462\Telerik.WinControls.UI.dll
  - Telerik.Windows.Documents.Core.dll 2026.1.210 at \\FEAP1313L\Users\edward.barreras\source\repos\LIVE\MIA SRC\lib\RCWF\2026.1.210.462\Telerik.Windows.Documents.Core.dll
  - Telerik.Windows.Documents.Fixed.dll 2026.1.210 at \\FEAP1313L\Users\edward.barreras\source\repos\LIVE\MIA SRC\lib\RCWF\2026.1.210.462\Telerik.Windows.Documents.Fixed.dll
  - Telerik.Windows.Documents.Spreadsheet.dll 2026.1.210 at \\FEAP1313L\Users\edward.barreras\source\repos\LIVE\MIA SRC\lib\RCWF\2026.1.210.462\Telerik.Windows.Documents.Spreadsheet.dll
  - Telerik.Windows.Documents.Spreadsheet.FormatProviders.OpenXml.dll 2026.1.210 at \\FEAP1313L\Users\edward.barreras\source\repos\LIVE\MIA SRC\lib\RCWF\2026.1.210.462\Telerik.Windows.Documents.Spreadsheet.FormatProviders.OpenXml.dll
  - Telerik.Windows.Documents.Spreadsheet.FormatProviders.Pdf.dll 2026.1.210 at \\FEAP1313L\Users\edward.barreras\source\repos\LIVE\MIA SRC\lib\RCWF\2026.1.210.462\Telerik.Windows.Documents.Spreadsheet.FormatProviders.Pdf.dll
  - Telerik.Windows.Documents.Spreadsheet.FormatProviders.Xls.dll 2026.1.210 at \\FEAP1313L\Users\edward.barreras\source\repos\LIVE\MIA SRC\lib\RCWF\2026.1.210.462\Telerik.Windows.Documents.Spreadsheet.FormatProviders.Xls.dll
  - Telerik.Windows.Zip.dll 2026.1.210 at \\FEAP1313L\Users\edward.barreras\source\repos\LIVE\MIA SRC\lib\RCWF\2026.1.210.462\Telerik.Windows.Zip.dll
  - TelerikCommon.dll 2026.1.210 at \\FEAP1313L\Users\edward.barreras\source\repos\LIVE\MIA SRC\lib\RCWF\2026.1.210.462\TelerikCommon.dll
  - TelerikExport.dll 2026.1.210 at \\FEAP1313L\Users\edward.barreras\source\repos\LIVE\MIA SRC\lib\RCWF\2026.1.210.462\TelerikExport.dll
  - Ubiety.Dns.Core.dll 2.2.1 at \\FEAP1313L\Users\edward.barreras\source\repos\LIVE\MIA SRC\ERP\bin\Debug\Ubiety.Dns.Core.dll
  - WindowsBase.dll 4.8.3761 at C:\Program Files (x86)\Reference Assemblies\Microsoft\Framework\.NETFramework\v4.8\WindowsBase.dll
  - ZstdSharp.dll 0.8.5 at \\FEAP1313L\Users\edward.barreras\source\repos\LIVE\MIA SRC\packages\ZstdSharp.Port.0.8.5\lib\net462\ZstdSharp.dll
  MachineId=2xQjveFWQf4bUNzPt3x/SIfuym0=

[2026-03-23 15:49:38.912] [Low]   Looking for Telerik product metadata in referenced assemblies
      - \\FEAP1313L\Users\edward.barreras\source\repos\LIVE\MIA SRC\lib\RCWF\2026.1.210.462\Telerik.Documents.SpreadsheetStreaming.dll
        ProductCode: DPL, LicenseDate: 2026-02-10, Redistributed By: RCWPF, RCWF, MAUI, UIXAM, WINUI, RCAJAX, KENDOUIMVC, UIASPCORE, BLAZOR, ProductName: Telerik Document Processing Libraries, ProductVersion: 2026.1.210.462, Flags: None
      - \\FEAP1313L\Users\edward.barreras\source\repos\LIVE\MIA SRC\ERP\bin\Debug\Telerik.Reporting.dll
        ProductCode: REPORTING, LicenseDate: 2025-05-21, ProductName: Telerik Reporting, ProductVersion: 19.1.25.521, Flags: None
      - \\FEAP1313L\Users\edward.barreras\source\repos\LIVE\MIA SRC\lib\RCWF\2026.1.210.462\Telerik.WinControls.dll
        ProductCode: RCWF, LicenseDate: 2026-02-10, ProductName: Telerik UI for WinForms, ProductVersion: 2026.1.210.462, Flags: None
      - \\FEAP1313L\Users\edward.barreras\source\repos\LIVE\MIA SRC\lib\RCWF\2026.1.210.462\Telerik.WinControls.GridView.dll
        ProductCode: RCWF, LicenseDate: 2026-02-10, ProductName: Telerik UI for WinForms, ProductVersion: 2026.1.210.462, Flags: None
      - \\FEAP1313L\Users\edward.barreras\source\repos\LIVE\MIA SRC\lib\RCWF\2026.1.210.462\Telerik.WinControls.RadDock.dll
        ProductCode: RCWF, LicenseDate: 2026-02-10, ProductName: Telerik UI for WinForms, ProductVersion: 2026.1.210.462, Flags: None
      - \\FEAP1313L\Users\edward.barreras\source\repos\LIVE\MIA SRC\lib\RCWF\2026.1.210.462\Telerik.WinControls.Themes.Aqua.dll
        ProductCode: RCWF, LicenseDate: 2026-02-10, ProductName: Telerik UI for WinForms, ProductVersion: 2026.1.210.462, Flags: None
      - \\FEAP1313L\Users\edward.barreras\source\repos\LIVE\MIA SRC\lib\RCWF\2026.1.210.462\Telerik.WinControls.Themes.Breeze.dll
        ProductCode: RCWF, LicenseDate: 2026-02-10, ProductName: Telerik UI for WinForms, ProductVersion: 2026.1.210.462, Flags: None
      - \\FEAP1313L\Users\edward.barreras\source\repos\LIVE\MIA SRC\lib\RCWF\2026.1.210.462\Telerik.WinControls.Themes.Crystal.dll
        ProductCode: RCWF, LicenseDate: 2026-02-10, ProductName: Telerik UI for WinForms, ProductVersion: 2026.1.210.462, Flags: None
      - \\FEAP1313L\Users\edward.barreras\source\repos\LIVE\MIA SRC\lib\RCWF\2026.1.210.462\Telerik.WinControls.Themes.CrystalDark.dll
        ProductCode: RCWF, LicenseDate: 2026-02-10, ProductName: Telerik UI for WinForms, ProductVersion: 2026.1.210.462, Flags: None
      - \\FEAP1313L\Users\edward.barreras\source\repos\LIVE\MIA SRC\lib\RCWF\2026.1.210.462\Telerik.WinControls.Themes.Desert.dll
        ProductCode: RCWF, LicenseDate: 2026-02-10, ProductName: Telerik UI for WinForms, ProductVersion: 2026.1.210.462, Flags: None
      - \\FEAP1313L\Users\edward.barreras\source\repos\LIVE\MIA SRC\lib\RCWF\2026.1.210.462\Telerik.WinControls.Themes.Fluent.dll
        ProductCode: RCWF, LicenseDate: 2026-02-10, ProductName: Telerik UI for WinForms, ProductVersion: 2026.1.210.462, Flags: None
      - \\FEAP1313L\Users\edward.barreras\source\repos\LIVE\MIA SRC\lib\RCWF\2026.1.210.462\Telerik.WinControls.Themes.FluentDark.dll
        ProductCode: RCWF, LicenseDate: 2026-02-10, ProductName: Telerik UI for WinForms, ProductVersion: 2026.1.210.462, Flags: None
      - \\FEAP1313L\Users\edward.barreras\source\repos\LIVE\MIA SRC\lib\RCWF\2026.1.210.462\Telerik.WinControls.Themes.HighContrastBlack.dll
        ProductCode: RCWF, LicenseDate: 2026-02-10, ProductName: Telerik UI for WinForms, ProductVersion: 2026.1.210.462, Flags: None
      - \\FEAP1313L\Users\edward.barreras\source\repos\LIVE\MIA SRC\lib\RCWF\2026.1.210.462\Telerik.WinControls.Themes.Material.dll
        ProductCode: RCWF, LicenseDate: 2026-02-10, ProductName: Telerik UI for WinForms, ProductVersion: 2026.1.210.462, Flags: None
      - \\FEAP1313L\Users\edward.barreras\source\repos\LIVE\MIA SRC\lib\RCWF\2026.1.210.462\Telerik.WinControls.Themes.MaterialBlueGrey.dll
        ProductCode: RCWF, LicenseDate: 2026-02-10, ProductName: Telerik UI for WinForms, ProductVersion: 2026.1.210.462, Flags: None
      - \\FEAP1313L\Users\edward.barreras\source\repos\LIVE\MIA SRC\lib\RCWF\2026.1.210.462\Telerik.WinControls.Themes.MaterialPink.dll
        ProductCode: RCWF, LicenseDate: 2026-02-10, ProductName: Telerik UI for WinForms, ProductVersion: 2026.1.210.462, Flags: None
      - \\FEAP1313L\Users\edward.barreras\source\repos\LIVE\MIA SRC\lib\RCWF\2026.1.210.462\Telerik.WinControls.Themes.MaterialTeal.dll
        ProductCode: RCWF, LicenseDate: 2026-02-10, ProductName: Telerik UI for WinForms, ProductVersion: 2026.1.210.462, Flags: None
      - \\FEAP1313L\Users\edward.barreras\source\repos\LIVE\MIA SRC\lib\RCWF\2026.1.210.462\Telerik.WinControls.Themes.Office2007Black.dll
        ProductCode: RCWF, LicenseDate: 2026-02-10, ProductName: Telerik UI for WinForms, ProductVersion: 2026.1.210.462, Flags: None
      - \\FEAP1313L\Users\edward.barreras\source\repos\LIVE\MIA SRC\lib\RCWF\2026.1.210.462\Telerik.WinControls.Themes.Office2010Black.dll
        ProductCode: RCWF, LicenseDate: 2026-02-10, ProductName: Telerik UI for WinForms, ProductVersion: 2026.1.210.462, Flags: None
      - \\FEAP1313L\Users\edward.barreras\source\repos\LIVE\MIA SRC\lib\RCWF\2026.1.210.462\Telerik.WinControls.Themes.Office2010Blue.dll
        ProductCode: RCWF, LicenseDate: 2026-02-10, ProductName: Telerik UI for WinForms, ProductVersion: 2026.1.210.462, Flags: None
      - \\FEAP1313L\Users\edward.barreras\source\repos\LIVE\MIA SRC\lib\RCWF\2026.1.210.462\Telerik.WinControls.Themes.Office2010Silver.dll
        ProductCode: RCWF, LicenseDate: 2026-02-10, ProductName: Telerik UI for WinForms, ProductVersion: 2026.1.210.462, Flags: None
      - \\FEAP1313L\Users\edward.barreras\source\repos\LIVE\MIA SRC\lib\RCWF\2026.1.210.462\Telerik.WinControls.Themes.Office2013Dark.dll
        ProductCode: RCWF, LicenseDate: 2026-02-10, ProductName: Telerik UI for WinForms, ProductVersion: 2026.1.210.462, Flags: None
      - \\FEAP1313L\Users\edward.barreras\source\repos\LIVE\MIA SRC\lib\RCWF\2026.1.210.462\Telerik.WinControls.Themes.Office2013Light.dll
        ProductCode: RCWF, LicenseDate: 2026-02-10, ProductName: Telerik UI for WinForms, ProductVersion: 2026.1.210.462, Flags: None
      - \\FEAP1313L\Users\edward.barreras\source\repos\LIVE\MIA SRC\lib\RCWF\2026.1.210.462\Telerik.WinControls.Themes.TelerikMetroBlue.dll
        ProductCode: RCWF, LicenseDate: 2026-02-10, ProductName: Telerik UI for WinForms, ProductVersion: 2026.1.210.462, Flags: None
      - \\FEAP1313L\Users\edward.barreras\source\repos\LIVE\MIA SRC\lib\RCWF\2026.1.210.462\Telerik.WinControls.Themes.VisualStudio2012Dark.dll
        ProductCode: RCWF, LicenseDate: 2026-02-10, ProductName: Telerik UI for WinForms, ProductVersion: 2026.1.210.462, Flags: None
      - \\FEAP1313L\Users\edward.barreras\source\repos\LIVE\MIA SRC\lib\RCWF\2026.1.210.462\Telerik.WinControls.Themes.VisualStudio2012Light.dll
        ProductCode: RCWF, LicenseDate: 2026-02-10, ProductName: Telerik UI for WinForms, ProductVersion: 2026.1.210.462, Flags: None
      - \\FEAP1313L\Users\edward.barreras\source\repos\LIVE\MIA SRC\lib\RCWF\2026.1.210.462\Telerik.WinControls.Themes.Windows7.dll
        ProductCode: RCWF, LicenseDate: 2026-02-10, ProductName: Telerik UI for WinForms, ProductVersion: 2026.1.210.462, Flags: None
      - \\FEAP1313L\Users\edward.barreras\source\repos\LIVE\MIA SRC\lib\RCWF\2026.1.210.462\Telerik.WinControls.Themes.Windows8.dll
        ProductCode: RCWF, LicenseDate: 2026-02-10, ProductName: Telerik UI for WinForms, ProductVersion: 2026.1.210.462, Flags: None
      - \\FEAP1313L\Users\edward.barreras\source\repos\LIVE\MIA SRC\lib\RCWF\2026.1.210.462\Telerik.WinControls.UI.dll
        ProductCode: RCWF, LicenseDate: 2026-02-10, ProductName: Telerik UI for WinForms, ProductVersion: 2026.1.210.462, Flags: None
      - \\FEAP1313L\Users\edward.barreras\source\repos\LIVE\MIA SRC\lib\RCWF\2026.1.210.462\Telerik.Windows.Documents.Core.dll
        ProductCode: DPL, LicenseDate: 2026-02-10, Redistributed By: RCWPF, RCWF, MAUI, UIXAM, WINUI, RCAJAX, KENDOUIMVC, UIASPCORE, BLAZOR, ProductName: Telerik Document Processing Libraries, ProductVersion: 2026.1.210.462, Flags: None
      - \\FEAP1313L\Users\edward.barreras\source\repos\LIVE\MIA SRC\lib\RCWF\2026.1.210.462\Telerik.Windows.Documents.Fixed.dll
        ProductCode: DPL, LicenseDate: 2026-02-10, Redistributed By: RCWPF, RCWF, MAUI, UIXAM, WINUI, RCAJAX, KENDOUIMVC, UIASPCORE, BLAZOR, ProductName: Telerik Document Processing Libraries, ProductVersion: 2026.1.210.462, Flags: None
      - \\FEAP1313L\Users\edward.barreras\source\repos\LIVE\MIA SRC\lib\RCWF\2026.1.210.462\Telerik.Windows.Documents.Spreadsheet.dll
        ProductCode: DPL, LicenseDate: 2026-02-10, Redistributed By: RCWPF, RCWF, MAUI, UIXAM, WINUI, RCAJAX, KENDOUIMVC, UIASPCORE, BLAZOR, ProductName: Telerik Document Processing Libraries, ProductVersion: 2026.1.210.462, Flags: None
      - \\FEAP1313L\Users\edward.barreras\source\repos\LIVE\MIA SRC\lib\RCWF\2026.1.210.462\Telerik.Windows.Documents.Spreadsheet.FormatProviders.Pdf.dll
        ProductCode: DPL, LicenseDate: 2026-02-10, Redistributed By: RCWPF, RCWF, MAUI, UIXAM, WINUI, RCAJAX, KENDOUIMVC, UIASPCORE, BLAZOR, ProductName: Telerik Document Processing Libraries, ProductVersion: 2026.1.210.462, Flags: None
      - \\FEAP1313L\Users\edward.barreras\source\repos\LIVE\MIA SRC\lib\RCWF\2026.1.210.462\Telerik.Windows.Documents.Spreadsheet.FormatProviders.Xls.dll
        ProductCode: DPL, LicenseDate: 2026-02-10, Redistributed By: RCWPF, RCWF, MAUI, UIXAM, WINUI, RCAJAX, KENDOUIMVC, UIASPCORE, BLAZOR, ProductName: Telerik Document Processing Libraries, ProductVersion: 2026.1.210.462, Flags: None
      - \\FEAP1313L\Users\edward.barreras\source\repos\LIVE\MIA SRC\lib\RCWF\2026.1.210.462\Telerik.Windows.Zip.dll
        ProductCode: DPL, LicenseDate: 2026-02-10, Redistributed By: RCWPF, RCWF, MAUI, UIXAM, WINUI, RCAJAX, KENDOUIMVC, UIASPCORE, BLAZOR, ProductName: Telerik Document Processing Libraries, ProductVersion: 2026.1.210.462, Flags: None
      - \\FEAP1313L\Users\edward.barreras\source\repos\LIVE\MIA SRC\lib\RCWF\2026.1.210.462\TelerikCommon.dll
        ProductCode: RCWF, LicenseDate: 2026-02-10, ProductName: Telerik UI for WinForms, ProductVersion: 2026.1.210.462, Flags: None
      - \\FEAP1313L\Users\edward.barreras\source\repos\LIVE\MIA SRC\lib\RCWF\2026.1.210.462\TelerikExport.dll
        ProductCode: RCWF, LicenseDate: 2026-02-10, ProductName: Telerik UI for WinForms, ProductVersion: 2026.1.210.462, Flags: None
      Unique Products:
      - "Telerik Document Processing Libraries" (DPL) 2026.1.210.462 @2026-02-10
      - "Telerik UI for WinForms" (RCWF) 2026.1.210.462 @2026-02-10
      - "Telerik Reporting" (REPORTING) 19.1.25.521 @2025-05-21
      Found a total of 3 referenced Telerik products for 

[2026-03-23 15:49:38.946] [Low]   Provision Licensing
        Looking up license file...
        - EnvironmentVariablePath: TELERIK_LICENSE_PATH (NotAvailable)
        - EnvironmentVariable: TELERIK_LICENSE (NotAvailable)
        - EnvironmentVariable: KENDO_UI_LICENSE (NotAvailable)
        - RecursiveFilePath: \\FEAP1313L\Users\edward.barreras\source\repos\LIVE\MIA SRC\ERP\telerik-license.txt (NotAvailable)
        - RecursiveFilePath: \\FEAP1313L\Users\edward.barreras\source\repos\LIVE\MIA SRC\ERP\kendo-ui-license.txt (NotAvailable)
        - RecursiveFilePath: \\FEAP1313L\Users\edward.barreras\source\repos\LIVE\MIA SRC\telerik-license.txt (LicenseFound)
        - RecursiveFilePath: \\FEAP1313L\Users\edward.barreras\source\repos\LIVE\MIA SRC\kendo-ui-license.txt (Skip)
        - RecursiveFilePath: \\FEAP1313L\Users\edward.barreras\source\repos\LIVE\telerik-license.txt (Skip)
        - RecursiveFilePath: \\FEAP1313L\Users\edward.barreras\source\repos\LIVE\kendo-ui-license.txt (Skip)
        - RecursiveFilePath: \\FEAP1313L\Users\edward.barreras\source\repos\telerik-license.txt (Skip)
        - RecursiveFilePath: \\FEAP1313L\Users\edward.barreras\source\repos\kendo-ui-license.txt (Skip)
        - RecursiveFilePath: \\FEAP1313L\Users\edward.barreras\source\telerik-license.txt (Skip)
        - RecursiveFilePath: \\FEAP1313L\Users\edward.barreras\source\kendo-ui-license.txt (Skip)
        - RecursiveFilePath: \\FEAP1313L\Users\edward.barreras\telerik-license.txt (Skip)
        - RecursiveFilePath: \\FEAP1313L\Users\edward.barreras\kendo-ui-license.txt (Skip)
        - RecursiveFilePath: \\FEAP1313L\Users\telerik-license.txt (Skip)
        - RecursiveFilePath: \\FEAP1313L\Users\kendo-ui-license.txt (Skip)
        - UserDirectory: C:\Users\edward.barreras\AppData\Roaming\Telerik\telerik-license.txt (Skip)
        - UserDirectory: C:\Users\edward.barreras\AppData\Roaming\Telerik\kendo-ui-license.txt (Skip)
        LicenseKey
        - AUD: f***.m**@f***************.com
        - UsedId: ab69b8b5-c84c-45ed-8228-81dac868c759
        - LicenseId: e7eaafda-87c7-42d6-9ce6-49a541b8c4ed
        - IssuedAt: 1/20/2026 6:35:06 AM
        - Licenses
          0) Perpetual BLAZOR, expiration 9/25/2027 12:49:33 PM, type: 'perpetual'
          1) Perpetual JM, expiration 9/25/2027 12:49:33 PM, type: 'perpetual'
          2) Perpetual KENDOUIANGULAR, expiration 9/25/2027 12:49:33 PM, type: 'perpetual'
          3) Perpetual KENDOUICOMPLETE, expiration 9/25/2027 12:49:33 PM, type: 'perpetual'
          4) Perpetual KENDOUIMVC, expiration 9/25/2027 12:49:33 PM, type: 'perpetual'
          5) Perpetual KENDOUIREACT, expiration 9/25/2027 12:49:33 PM, type: 'perpetual'
          6) Perpetual KENDOUIVUE, expiration 9/25/2027 12:49:33 PM, type: 'perpetual'
          7) Perpetual MAUI, expiration 9/25/2027 12:49:33 PM, type: 'perpetual'
          8) Perpetual RCAJAX, expiration 9/25/2027 12:49:33 PM, type: 'perpetual'
          9) Perpetual RCWF, expiration 9/25/2027 12:49:33 PM, type: 'perpetual'
          10) Perpetual RCWPF, expiration 9/25/2027 12:49:33 PM, type: 'perpetual'
          11) Perpetual REPORTING, expiration 9/25/2027 12:49:33 PM, type: 'perpetual'
          12) Perpetual REPORTSERVER, expiration 9/25/2027 12:49:33 PM, type: 'perpetual'
          13) Perpetual UIASPCORE, expiration 9/25/2027 12:49:33 PM, type: 'perpetual'
          14) Perpetual UIXAM, expiration 2/19/2025 6:00:00 AM, type: 'perpetual'
          15) Perpetual WINUI, expiration 9/25/2027 12:49:33 PM, type: 'perpetual'
          16) Usage UserId: ab69b8b5-c84c-45ed-8228-81dac868c759, LicenseId: e7eaafda-87c7-42d6-9ce6-49a541b8c4ed, type: 'usage'

[2026-03-23 15:49:38.956] [Low]   License Resolution
        Messages
          - License OK for "Telerik UI for WinForms" (RCWF) 2026.1.210.462 @2026-02-10 - Perpetual, valid until 2027-09-25.
          - License OK for "Telerik Reporting" (REPORTING) 19.1.25.521 @2025-05-21 - Perpetual, valid until 2027-09-25.
          - License OK for "Telerik Document Processing Libraries" (DPL) 2026.1.210.462 @2026-02-10 - Perpetual for RCWF, valid until 2027-09-25.
        JWTs
          - eyJhbGciOiJSUzI1NiIsInR5cCI6IlRlbGVyaWsgTGljZW5zZSBFdmlkZW5jZSJ9.eyJjb2RlIjoiUkNXRiIsInR5cGUiOiJwZXJwZXR1YWwiLCJleHBpcmF0aW9uIjoxODIxODc2NTczLCJ1c2VySWQiOiJhYjY5YjhiNS1jODRjLTQ1ZWQtODIyOC04MWRhYzg2OGM3NTkiLCJsaWNlbnNlSWQiOiJlN2VhYWZkYS04N2M3LTQyZDYtOWNlNi00OWE1NDFiOGM0ZWQifQ.H8sxX5O2T3i22Uhy0PFV3YDo-lS1iHVocWX9Eu-82PheI3XbKMkEr7QiChWfuNwS9afgR7PMGy4_nx9HXRV5V9cRQ1zWvIkJsG2EbadPtKlygaAkCh-FXSRVflm3WITNHIAYfazZa26sHSnqBW_XRbH3o0GQkqVYkLlxLuLuKa4M7LlA1KtQZcVFhOH2oaXQoxfrkUMQxNFCz0JdI76T1YJNrAwxpXri8KUzfoDwKhY-IhN-bU25hJs19yGvWykTuZqrZ3lv603aQkaCaPnlF_tHROsmC7nbV4aaxaSHRF1PVD5lqsAhkA5OdGmqH8Kq9F5mhRXVVwYWf3WBcxZKkg
          - eyJhbGciOiJSUzI1NiIsInR5cCI6IlRlbGVyaWsgTGljZW5zZSBFdmlkZW5jZSJ9.eyJjb2RlIjoiUkVQT1JUSU5HIiwidHlwZSI6InBlcnBldHVhbCIsImV4cGlyYXRpb24iOjE4MjE4NzY1NzMsInVzZXJJZCI6ImFiNjliOGI1LWM4NGMtNDVlZC04MjI4LTgxZGFjODY4Yzc1OSIsImxpY2Vuc2VJZCI6ImU3ZWFhZmRhLTg3YzctNDJkNi05Y2U2LTQ5YTU0MWI4YzRlZCJ9.vMdezVVvhtRG-iThgXrXFDyr8L394y38spuHWK9Cyc_b9XZ2iHzEwyT9dLgOqBfvEQM3-GKFcOW6O4-_SSwoIjNhm9paVKSVEmeonMfEOgZjOXuqYFCrXmegYUefJNkHmL6P9cB0CPtA_PThVXqg_RGtCMGEoTW_ISG2ymjLnKXwuGf3uQoTxYWCmdBVMAeZHBlzpUh7aJ78fWmWbIvGf_jrykaFhCaWML2yJHyAjHIH1uzf088pGqdOeDvhBQsIva3Hg0KPLptC4ZqxkkVyYHFvvqFgwwkv8O3ex6Df238honjg-11aXIid1Ad6SSsrqEuKqHBUF__HbdhN0AvfLg
        Licenses
          - License OK for "Telerik UI for WinForms" (RCWF) 2026.1.210.462 @2026-02-10 - Perpetual, valid until 2027-09-25.
          - License OK for "Telerik Reporting" (REPORTING) 19.1.25.521 @2025-05-21 - Perpetual, valid until 2027-09-25.
          - License OK for "Telerik Document Processing Libraries" (DPL) 2026.1.210.462 @2026-02-10 - Perpetual for RCWF, valid until 2027-09-25.

[2026-03-23 15:49:38.959] [Low] OutputType: WinExe, ImportXamlTargets: True
[2026-03-23 15:49:38.972] [Low] 
      Call-Home Telerik Products (3 for )
      - "Telerik UI for WinForms" (RCWF) 2026.1.210
      - "DPL" (DPL) 2026.1.210
      - "Telerik Reporting" (REPORTING) 19.1.25

[2026-03-23 15:49:38.972] [Low] 
[2026-03-23 15:49:38.975] [Low] 
      Call-Home Telerik Features (0 for )

[2026-03-23 15:49:38.975] [Low] 
[2026-03-23 15:49:39.018] [Low]   Report Telerik.Licensing
        UserId: ab69b8b5-c84c-45ed-8228-81dac868c759
        LicenseId: e7eaafda-87c7-42d6-9ce6-49a541b8c4ed
        Products
        - LicenseUsed RCWF 2026.1.210.462 SKIPPED
        - LicenseUsed REPORTING 19.1.25.521 SKIPPED
        - LicenseUsed DPL 2026.1.210.462 SKIPPED
      Report finished in 00:00:00.0378919

[2026-03-23 15:49:39.020] [Low]   Sending Telemetry...
[2026-03-23 15:49:39.050] [Low]   Metrics done 00:00:00.0299989
[2026-03-23 15:49:39.052] [Normal] Resolve Telerik Products. Done (00:00:00.4434057) for 
[2026-03-23 15:50:43.690] [Normal] Resolve Telerik Products.
  MSBuildProjectName=2
  MSBuildProjectDirectory=\\FEAP1313L\Users\edward.barreras\source\repos\LIVE\MIA SRC\ERP
  MSBuildProjectExtension=.vbproj
  Language=VB
  OutputPath=bin\Debug\
  Platform=AnyCPU
  TargetFramework=
  TargetFrameworks=
  TargetFrameworkVersion=v4.8
  VisualStudioVersion=17.0
  UsingMicrosoftNETSdk=
  UsingMicrosoftNETSdkRazor=
  UsingMicrosoftNETSdkWeb=
  ImportXamlTargets=True
  OutputType=WinExe
  UseMaui=
  NuGetPackageRoot=

  PackageReferences
  ReferencePaths
  - BouncyCastle.Crypto.dll 1.8.3 at \\FEAP1313L\Users\edward.barreras\source\repos\LIVE\MIA SRC\packages\BouncyCastle.1.8.3.1\lib\BouncyCastle.Crypto.dll
  - BouncyCastle.Cryptography.dll 2.5.1 at \\FEAP1313L\Users\edward.barreras\source\repos\LIVE\MIA SRC\packages\BouncyCastle.Cryptography.2.5.1\lib\net461\BouncyCastle.Cryptography.dll
  - ClosedXML.dll 0.96.0 at \\FEAP1313L\Users\edward.barreras\source\repos\LIVE\MIA SRC\packages\ClosedXML.0.96.0\lib\net40\ClosedXML.dll
  - DocumentFormat.OpenXml.dll 2.16.0 at \\FEAP1313L\Users\edward.barreras\source\repos\LIVE\MIA SRC\packages\DocumentFormat.OpenXml.2.16.0\lib\net40\DocumentFormat.OpenXml.dll
  - ExcelNumberFormat.dll 1.1.0 at \\FEAP1313L\Users\edward.barreras\source\repos\LIVE\MIA SRC\packages\ExcelNumberFormat.1.1.0\lib\net20\ExcelNumberFormat.dll
  - FEAPNS.dll 1.0.0 at \\FEAP1313L\Users\edward.barreras\source\repos\LIVE\MIA SRC\ERP\bin\Debug\FEAPNS.dll
  - Gma.QrCodeNet.Encoding.dll 0.4.1 at \\FEAP1313L\Users\edward.barreras\source\repos\LIVE\MIA SRC\packages\Gma.QrCodeNet.0.4.1.2\lib\net40\Gma.QrCodeNet.Encoding.dll
  - Google.Protobuf.dll 3.30.0 at \\FEAP1313L\Users\edward.barreras\source\repos\LIVE\MIA SRC\packages\Google.Protobuf.3.30.0\lib\net45\Google.Protobuf.dll
  - K4os.Compression.LZ4.dll 1.3.8 at \\FEAP1313L\Users\edward.barreras\source\repos\LIVE\MIA SRC\packages\K4os.Compression.LZ4.1.3.8\lib\net462\K4os.Compression.LZ4.dll
  - K4os.Compression.LZ4.Streams.dll 1.3.8 at \\FEAP1313L\Users\edward.barreras\source\repos\LIVE\MIA SRC\packages\K4os.Compression.LZ4.Streams.1.3.8\lib\net462\K4os.Compression.LZ4.Streams.dll
  - K4os.Hash.xxHash.dll 1.0.8 at \\FEAP1313L\Users\edward.barreras\source\repos\LIVE\MIA SRC\packages\K4os.Hash.xxHash.1.0.8\lib\net462\K4os.Hash.xxHash.dll
  - MIA-Linq.dll 1.0.0 at \\FEAP1313L\Users\edward.barreras\source\repos\LIVE\MIA SRC\ERP\bin\Debug\MIA-Linq.dll
  - MIA-Report.dll 1.0.0 at \\FEAP1313L\Users\edward.barreras\source\repos\LIVE\MIA SRC\ERP\bin\Debug\MIA-Report.dll
  - Microsoft.Bcl.AsyncInterfaces.dll 5.0.0 at \\FEAP1313L\Users\edward.barreras\source\repos\LIVE\MIA SRC\packages\Microsoft.Bcl.AsyncInterfaces.5.0.0\lib\net461\Microsoft.Bcl.AsyncInterfaces.dll
  - Microsoft.CSharp.dll 4.8.3761 at C:\Program Files (x86)\Reference Assemblies\Microsoft\Framework\.NETFramework\v4.8\Microsoft.CSharp.dll
  - MySql.Data.dll 9.4.0 at \\FEAP1313L\Users\edward.barreras\source\repos\LIVE\MIA SRC\packages\MySql.Data.9.4.0\lib\net48\MySql.Data.dll
  - Newtonsoft.Json.dll 13.0.3 at \\FEAP1313L\Users\edward.barreras\source\repos\LIVE\MIA SRC\packages\Newtonsoft.Json.13.0.3\lib\net45\Newtonsoft.Json.dll
  - SRCDailyReportv2.dll 1.0.0 at \\FEAP1313L\Users\edward.barreras\source\repos\LIVE\MIA SRC\ERP\bin\Debug\SRCDailyReportv2.dll
  - System.Buffers.dll 4.6.28619 at \\FEAP1313L\Users\edward.barreras\source\repos\LIVE\MIA SRC\packages\System.Buffers.4.5.1\lib\net461\System.Buffers.dll
  - System.ComponentModel.DataAnnotations.dll 4.8.3761 at C:\Program Files (x86)\Reference Assemblies\Microsoft\Framework\.NETFramework\v4.8\System.ComponentModel.DataAnnotations.dll
  - System.ComponentModel.dll 4.8.3761 at C:\Program Files (x86)\Reference Assemblies\Microsoft\Framework\.NETFramework\v4.8\Facades\System.ComponentModel.dll
  - System.Configuration.ConfigurationManager.dll 8.0.0 at \\FEAP1313L\Users\edward.barreras\source\repos\LIVE\MIA SRC\packages\System.Configuration.ConfigurationManager.8.0.0\lib\net462\System.Configuration.ConfigurationManager.dll
  - System.Configuration.dll 4.8.3761 at C:\Program Files (x86)\Reference Assemblies\Microsoft\Framework\.NETFramework\v4.8\System.Configuration.dll
  - System.Configuration.Install.dll 4.8.3761 at C:\Program Files (x86)\Reference Assemblies\Microsoft\Framework\.NETFramework\v4.8\System.Configuration.Install.dll
  - System.Core.dll 4.8.3761 at C:\Program Files (x86)\Reference Assemblies\Microsoft\Framework\.NETFramework\v4.8\System.Core.dll
  - System.Data.DataSetExtensions.dll 4.8.3761 at C:\Program Files (x86)\Reference Assemblies\Microsoft\Framework\.NETFramework\v4.8\System.Data.DataSetExtensions.dll
  - System.Data.dll 4.8.3761 at C:\Program Files (x86)\Reference Assemblies\Microsoft\Framework\.NETFramework\v4.8\System.Data.dll
  - System.Data.OleDb.dll 9.0.2 at \\FEAP1313L\Users\edward.barreras\source\repos\LIVE\MIA SRC\packages\System.Data.OleDb.9.0.2\lib\net462\System.Data.OleDb.dll
  - System.Deployment.dll 4.8.3761 at C:\Program Files (x86)\Reference Assemblies\Microsoft\Framework\.NETFramework\v4.8\System.Deployment.dll
  - System.Diagnostics.DiagnosticSource.dll 8.0.4 at \\FEAP1313L\Users\edward.barreras\source\repos\LIVE\MIA SRC\packages\System.Diagnostics.DiagnosticSource.8.0.1\lib\net462\System.Diagnostics.DiagnosticSource.dll
  - System.dll 4.8.3761 at C:\Program Files (x86)\Reference Assemblies\Microsoft\Framework\.NETFramework\v4.8\System.dll
  - System.Drawing.Design.dll 4.8.3761 at C:\Program Files (x86)\Reference Assemblies\Microsoft\Framework\.NETFramework\v4.8\System.Drawing.Design.dll
  - System.Drawing.dll 4.8.3761 at C:\Program Files (x86)\Reference Assemblies\Microsoft\Framework\.NETFramework\v4.8\System.Drawing.dll
  - System.IO.Pipelines.dll 5.0.15 at \\FEAP1313L\Users\edward.barreras\source\repos\LIVE\MIA SRC\packages\System.IO.Pipelines.5.0.2\lib\net461\System.IO.Pipelines.dll
  - System.Management.dll 4.8.3761 at C:\Program Files (x86)\Reference Assemblies\Microsoft\Framework\.NETFramework\v4.8\System.Management.dll
  - System.Memory.dll 4.6.31308 at \\FEAP1313L\Users\edward.barreras\source\repos\LIVE\MIA SRC\packages\System.Memory.4.5.5\lib\net461\System.Memory.dll
  - System.Messaging.dll 4.8.3761 at C:\Program Files (x86)\Reference Assemblies\Microsoft\Framework\.NETFramework\v4.8\System.Messaging.dll
  - System.Net.Http.Formatting.dll 5.2.7 at C:\Program Files\Microsoft Visual Studio\2022\Community\Common7\IDE\PublicAssemblies\System.Net.Http.Formatting.dll
  - System.Numerics.dll 4.8.3761 at C:\Program Files (x86)\Reference Assemblies\Microsoft\Framework\.NETFramework\v4.8\System.Numerics.dll
  - System.Numerics.Vectors.dll 4.6.26515 at \\FEAP1313L\Users\edward.barreras\source\repos\LIVE\MIA SRC\packages\System.Numerics.Vectors.4.5.0\lib\net46\System.Numerics.Vectors.dll
  - System.Runtime.CompilerServices.Unsafe.dll 6.1.0 at \\FEAP1313L\Users\edward.barreras\source\repos\LIVE\MIA SRC\packages\System.Runtime.CompilerServices.Unsafe.6.1.0\lib\net462\System.Runtime.CompilerServices.Unsafe.dll
  - System.Threading.Tasks.Extensions.dll 4.6.0 at \\FEAP1313L\Users\edward.barreras\source\repos\LIVE\MIA SRC\packages\System.Threading.Tasks.Extensions.4.6.0\lib\net462\System.Threading.Tasks.Extensions.dll
  - System.Transactions.dll 4.8.3761 at C:\Program Files (x86)\Reference Assemblies\Microsoft\Framework\.NETFramework\v4.8\System.Transactions.dll
  - System.Web.Extensions.dll 4.8.3761 at C:\Program Files (x86)\Reference Assemblies\Microsoft\Framework\.NETFramework\v4.8\System.Web.Extensions.dll
  - System.Windows.Forms.dll 4.8.3761 at C:\Program Files (x86)\Reference Assemblies\Microsoft\Framework\.NETFramework\v4.8\System.Windows.Forms.dll
  - System.Xml.dll 4.8.3761 at C:\Program Files (x86)\Reference Assemblies\Microsoft\Framework\.NETFramework\v4.8\System.Xml.dll
  - System.Xml.Linq.dll 4.8.3761 at C:\Program Files (x86)\Reference Assemblies\Microsoft\Framework\.NETFramework\v4.8\System.Xml.Linq.dll
  - Telerik.Documents.SpreadsheetStreaming.dll 2026.1.210 at \\FEAP1313L\Users\edward.barreras\source\repos\LIVE\MIA SRC\lib\RCWF\2026.1.210.462\Telerik.Documents.SpreadsheetStreaming.dll
  - Telerik.Licensing.Runtime.dll 1.8.2 at \\FEAP1313L\Users\edward.barreras\source\repos\LIVE\MIA SRC\packages\Telerik.Licensing.1.8.2\lib\net462\Telerik.Licensing.Runtime.dll
  - Telerik.Reporting.dll 19.1.25 at \\FEAP1313L\Users\edward.barreras\source\repos\LIVE\MIA SRC\ERP\bin\Debug\Telerik.Reporting.dll
  - Telerik.Reporting.Services.HttpClient.dll 19.1.25 at \\FEAP1313L\Users\edward.barreras\source\repos\LIVE\MIA SRC\ERP\bin\Debug\Telerik.Reporting.Services.HttpClient.dll
  - Telerik.Reporting.Services.ServiceStack.dll 19.1.25 at \\FEAP1313L\Users\edward.barreras\source\repos\LIVE\MIA SRC\ERP\bin\Debug\Telerik.Reporting.Services.ServiceStack.dll
  - Telerik.ReportViewer.WinForms.dll 19.1.25 at \\FEAP1313L\Users\edward.barreras\source\repos\LIVE\MIA SRC\ERP\bin\Debug\Telerik.ReportViewer.WinForms.dll
  - Telerik.ReportViewer.Wpf.dll 19.1.25 at \\FEAP1313L\Users\edward.barreras\source\repos\LIVE\MIA SRC\ERP\bin\Debug\Telerik.ReportViewer.Wpf.dll
  - Telerik.WinControls.dll 2026.1.210 at \\FEAP1313L\Users\edward.barreras\source\repos\LIVE\MIA SRC\lib\RCWF\2026.1.210.462\Telerik.WinControls.dll
  - Telerik.WinControls.GridView.dll 2026.1.210 at \\FEAP1313L\Users\edward.barreras\source\repos\LIVE\MIA SRC\lib\RCWF\2026.1.210.462\Telerik.WinControls.GridView.dll
  - Telerik.WinControls.RadDock.dll 2026.1.210 at \\FEAP1313L\Users\edward.barreras\source\repos\LIVE\MIA SRC\lib\RCWF\2026.1.210.462\Telerik.WinControls.RadDock.dll
  - Telerik.WinControls.Themes.Aqua.dll 2026.1.210 at \\FEAP1313L\Users\edward.barreras\source\repos\LIVE\MIA SRC\lib\RCWF\2026.1.210.462\Telerik.WinControls.Themes.Aqua.dll
  - Telerik.WinControls.Themes.Breeze.dll 2026.1.210 at \\FEAP1313L\Users\edward.barreras\source\repos\LIVE\MIA SRC\lib\RCWF\2026.1.210.462\Telerik.WinControls.Themes.Breeze.dll
  - Telerik.WinControls.Themes.Crystal.dll 2026.1.210 at \\FEAP1313L\Users\edward.barreras\source\repos\LIVE\MIA SRC\lib\RCWF\2026.1.210.462\Telerik.WinControls.Themes.Crystal.dll
  - Telerik.WinControls.Themes.CrystalDark.dll 2026.1.210 at \\FEAP1313L\Users\edward.barreras\source\repos\LIVE\MIA SRC\lib\RCWF\2026.1.210.462\Telerik.WinControls.Themes.CrystalDark.dll
  - Telerik.WinControls.Themes.Desert.dll 2026.1.210 at \\FEAP1313L\Users\edward.barreras\source\repos\LIVE\MIA SRC\lib\RCWF\2026.1.210.462\Telerik.WinControls.Themes.Desert.dll
  - Telerik.WinControls.Themes.Fluent.dll 2026.1.210 at \\FEAP1313L\Users\edward.barreras\source\repos\LIVE\MIA SRC\lib\RCWF\2026.1.210.462\Telerik.WinControls.Themes.Fluent.dll
  - Telerik.WinControls.Themes.FluentDark.dll 2026.1.210 at \\FEAP1313L\Users\edward.barreras\source\repos\LIVE\MIA SRC\lib\RCWF\2026.1.210.462\Telerik.WinControls.Themes.FluentDark.dll
  - Telerik.WinControls.Themes.HighContrastBlack.dll 2026.1.210 at \\FEAP1313L\Users\edward.barreras\source\repos\LIVE\MIA SRC\lib\RCWF\2026.1.210.462\Telerik.WinControls.Themes.HighContrastBlack.dll
  - Telerik.WinControls.Themes.Material.dll 2026.1.210 at \\FEAP1313L\Users\edward.barreras\source\repos\LIVE\MIA SRC\lib\RCWF\2026.1.210.462\Telerik.WinControls.Themes.Material.dll
  - Telerik.WinControls.Themes.MaterialBlueGrey.dll 2026.1.210 at \\FEAP1313L\Users\edward.barreras\source\repos\LIVE\MIA SRC\lib\RCWF\2026.1.210.462\Telerik.WinControls.Themes.MaterialBlueGrey.dll
  - Telerik.WinControls.Themes.MaterialPink.dll 2026.1.210 at \\FEAP1313L\Users\edward.barreras\source\repos\LIVE\MIA SRC\lib\RCWF\2026.1.210.462\Telerik.WinControls.Themes.MaterialPink.dll
  - Telerik.WinControls.Themes.MaterialTeal.dll 2026.1.210 at \\FEAP1313L\Users\edward.barreras\source\repos\LIVE\MIA SRC\lib\RCWF\2026.1.210.462\Telerik.WinControls.Themes.MaterialTeal.dll
  - Telerik.WinControls.Themes.Office2007Black.dll 2026.1.210 at \\FEAP1313L\Users\edward.barreras\source\repos\LIVE\MIA SRC\lib\RCWF\2026.1.210.462\Telerik.WinControls.Themes.Office2007Black.dll
  - Telerik.WinControls.Themes.Office2010Black.dll 2026.1.210 at \\FEAP1313L\Users\edward.barreras\source\repos\LIVE\MIA SRC\lib\RCWF\2026.1.210.462\Telerik.WinControls.Themes.Office2010Black.dll
  - Telerik.WinControls.Themes.Office2010Blue.dll 2026.1.210 at \\FEAP1313L\Users\edward.barreras\source\repos\LIVE\MIA SRC\lib\RCWF\2026.1.210.462\Telerik.WinControls.Themes.Office2010Blue.dll
  - Telerik.WinControls.Themes.Office2010Silver.dll 2026.1.210 at \\FEAP1313L\Users\edward.barreras\source\repos\LIVE\MIA SRC\lib\RCWF\2026.1.210.462\Telerik.WinControls.Themes.Office2010Silver.dll
  - Telerik.WinControls.Themes.Office2013Dark.dll 2026.1.210 at \\FEAP1313L\Users\edward.barreras\source\repos\LIVE\MIA SRC\lib\RCWF\2026.1.210.462\Telerik.WinControls.Themes.Office2013Dark.dll
  - Telerik.WinControls.Themes.Office2013Light.dll 2026.1.210 at \\FEAP1313L\Users\edward.barreras\source\repos\LIVE\MIA SRC\lib\RCWF\2026.1.210.462\Telerik.WinControls.Themes.Office2013Light.dll
  - Telerik.WinControls.Themes.TelerikMetroBlue.dll 2026.1.210 at \\FEAP1313L\Users\edward.barreras\source\repos\LIVE\MIA SRC\lib\RCWF\2026.1.210.462\Telerik.WinControls.Themes.TelerikMetroBlue.dll
  - Telerik.WinControls.Themes.VisualStudio2012Dark.dll 2026.1.210 at \\FEAP1313L\Users\edward.barreras\source\repos\LIVE\MIA SRC\lib\RCWF\2026.1.210.462\Telerik.WinControls.Themes.VisualStudio2012Dark.dll
  - Telerik.WinControls.Themes.VisualStudio2012Light.dll 2026.1.210 at \\FEAP1313L\Users\edward.barreras\source\repos\LIVE\MIA SRC\lib\RCWF\2026.1.210.462\Telerik.WinControls.Themes.VisualStudio2012Light.dll
  - Telerik.WinControls.Themes.Windows7.dll 2026.1.210 at \\FEAP1313L\Users\edward.barreras\source\repos\LIVE\MIA SRC\lib\RCWF\2026.1.210.462\Telerik.WinControls.Themes.Windows7.dll
  - Telerik.WinControls.Themes.Windows8.dll 2026.1.210 at \\FEAP1313L\Users\edward.barreras\source\repos\LIVE\MIA SRC\lib\RCWF\2026.1.210.462\Telerik.WinControls.Themes.Windows8.dll
  - Telerik.WinControls.UI.dll 2026.1.210 at \\FEAP1313L\Users\edward.barreras\source\repos\LIVE\MIA SRC\lib\RCWF\2026.1.210.462\Telerik.WinControls.UI.dll
  - Telerik.Windows.Documents.Core.dll 2026.1.210 at \\FEAP1313L\Users\edward.barreras\source\repos\LIVE\MIA SRC\lib\RCWF\2026.1.210.462\Telerik.Windows.Documents.Core.dll
  - Telerik.Windows.Documents.Fixed.dll 2026.1.210 at \\FEAP1313L\Users\edward.barreras\source\repos\LIVE\MIA SRC\lib\RCWF\2026.1.210.462\Telerik.Windows.Documents.Fixed.dll
  - Telerik.Windows.Documents.Spreadsheet.dll 2026.1.210 at \\FEAP1313L\Users\edward.barreras\source\repos\LIVE\MIA SRC\lib\RCWF\2026.1.210.462\Telerik.Windows.Documents.Spreadsheet.dll
  - Telerik.Windows.Documents.Spreadsheet.FormatProviders.OpenXml.dll 2026.1.210 at \\FEAP1313L\Users\edward.barreras\source\repos\LIVE\MIA SRC\lib\RCWF\2026.1.210.462\Telerik.Windows.Documents.Spreadsheet.FormatProviders.OpenXml.dll
  - Telerik.Windows.Documents.Spreadsheet.FormatProviders.Pdf.dll 2026.1.210 at \\FEAP1313L\Users\edward.barreras\source\repos\LIVE\MIA SRC\lib\RCWF\2026.1.210.462\Telerik.Windows.Documents.Spreadsheet.FormatProviders.Pdf.dll
  - Telerik.Windows.Documents.Spreadsheet.FormatProviders.Xls.dll 2026.1.210 at \\FEAP1313L\Users\edward.barreras\source\repos\LIVE\MIA SRC\lib\RCWF\2026.1.210.462\Telerik.Windows.Documents.Spreadsheet.FormatProviders.Xls.dll
  - Telerik.Windows.Zip.dll 2026.1.210 at \\FEAP1313L\Users\edward.barreras\source\repos\LIVE\MIA SRC\lib\RCWF\2026.1.210.462\Telerik.Windows.Zip.dll
  - TelerikCommon.dll 2026.1.210 at \\FEAP1313L\Users\edward.barreras\source\repos\LIVE\MIA SRC\lib\RCWF\2026.1.210.462\TelerikCommon.dll
  - TelerikExport.dll 2026.1.210 at \\FEAP1313L\Users\edward.barreras\source\repos\LIVE\MIA SRC\lib\RCWF\2026.1.210.462\TelerikExport.dll
  - Ubiety.Dns.Core.dll 2.2.1 at \\FEAP1313L\Users\edward.barreras\source\repos\LIVE\MIA SRC\ERP\bin\Debug\Ubiety.Dns.Core.dll
  - WindowsBase.dll 4.8.3761 at C:\Program Files (x86)\Reference Assemblies\Microsoft\Framework\.NETFramework\v4.8\WindowsBase.dll
  - ZstdSharp.dll 0.8.5 at \\FEAP1313L\Users\edward.barreras\source\repos\LIVE\MIA SRC\packages\ZstdSharp.Port.0.8.5\lib\net462\ZstdSharp.dll
  MachineId=2xQjveFWQf4bUNzPt3x/SIfuym0=

[2026-03-23 15:50:43.775] [Low]   Looking for Telerik product metadata in referenced assemblies
      - \\FEAP1313L\Users\edward.barreras\source\repos\LIVE\MIA SRC\lib\RCWF\2026.1.210.462\Telerik.Documents.SpreadsheetStreaming.dll
        ProductCode: DPL, LicenseDate: 2026-02-10, Redistributed By: RCWPF, RCWF, MAUI, UIXAM, WINUI, RCAJAX, KENDOUIMVC, UIASPCORE, BLAZOR, ProductName: Telerik Document Processing Libraries, ProductVersion: 2026.1.210.462, Flags: None
      - \\FEAP1313L\Users\edward.barreras\source\repos\LIVE\MIA SRC\ERP\bin\Debug\Telerik.Reporting.dll
        ProductCode: REPORTING, LicenseDate: 2025-05-21, ProductName: Telerik Reporting, ProductVersion: 19.1.25.521, Flags: None
      - \\FEAP1313L\Users\edward.barreras\source\repos\LIVE\MIA SRC\lib\RCWF\2026.1.210.462\Telerik.WinControls.dll
        ProductCode: RCWF, LicenseDate: 2026-02-10, ProductName: Telerik UI for WinForms, ProductVersion: 2026.1.210.462, Flags: None
      - \\FEAP1313L\Users\edward.barreras\source\repos\LIVE\MIA SRC\lib\RCWF\2026.1.210.462\Telerik.WinControls.GridView.dll
        ProductCode: RCWF, LicenseDate: 2026-02-10, ProductName: Telerik UI for WinForms, ProductVersion: 2026.1.210.462, Flags: None
      - \\FEAP1313L\Users\edward.barreras\source\repos\LIVE\MIA SRC\lib\RCWF\2026.1.210.462\Telerik.WinControls.RadDock.dll
        ProductCode: RCWF, LicenseDate: 2026-02-10, ProductName: Telerik UI for WinForms, ProductVersion: 2026.1.210.462, Flags: None
      - \\FEAP1313L\Users\edward.barreras\source\repos\LIVE\MIA SRC\lib\RCWF\2026.1.210.462\Telerik.WinControls.Themes.Aqua.dll
        ProductCode: RCWF, LicenseDate: 2026-02-10, ProductName: Telerik UI for WinForms, ProductVersion: 2026.1.210.462, Flags: None
      - \\FEAP1313L\Users\edward.barreras\source\repos\LIVE\MIA SRC\lib\RCWF\2026.1.210.462\Telerik.WinControls.Themes.Breeze.dll
        ProductCode: RCWF, LicenseDate: 2026-02-10, ProductName: Telerik UI for WinForms, ProductVersion: 2026.1.210.462, Flags: None
      - \\FEAP1313L\Users\edward.barreras\source\repos\LIVE\MIA SRC\lib\RCWF\2026.1.210.462\Telerik.WinControls.Themes.Crystal.dll
        ProductCode: RCWF, LicenseDate: 2026-02-10, ProductName: Telerik UI for WinForms, ProductVersion: 2026.1.210.462, Flags: None
      - \\FEAP1313L\Users\edward.barreras\source\repos\LIVE\MIA SRC\lib\RCWF\2026.1.210.462\Telerik.WinControls.Themes.CrystalDark.dll
        ProductCode: RCWF, LicenseDate: 2026-02-10, ProductName: Telerik UI for WinForms, ProductVersion: 2026.1.210.462, Flags: None
      - \\FEAP1313L\Users\edward.barreras\source\repos\LIVE\MIA SRC\lib\RCWF\2026.1.210.462\Telerik.WinControls.Themes.Desert.dll
        ProductCode: RCWF, LicenseDate: 2026-02-10, ProductName: Telerik UI for WinForms, ProductVersion: 2026.1.210.462, Flags: None
      - \\FEAP1313L\Users\edward.barreras\source\repos\LIVE\MIA SRC\lib\RCWF\2026.1.210.462\Telerik.WinControls.Themes.Fluent.dll
        ProductCode: RCWF, LicenseDate: 2026-02-10, ProductName: Telerik UI for WinForms, ProductVersion: 2026.1.210.462, Flags: None
      - \\FEAP1313L\Users\edward.barreras\source\repos\LIVE\MIA SRC\lib\RCWF\2026.1.210.462\Telerik.WinControls.Themes.FluentDark.dll
        ProductCode: RCWF, LicenseDate: 2026-02-10, ProductName: Telerik UI for WinForms, ProductVersion: 2026.1.210.462, Flags: None
      - \\FEAP1313L\Users\edward.barreras\source\repos\LIVE\MIA SRC\lib\RCWF\2026.1.210.462\Telerik.WinControls.Themes.HighContrastBlack.dll
        ProductCode: RCWF, LicenseDate: 2026-02-10, ProductName: Telerik UI for WinForms, ProductVersion: 2026.1.210.462, Flags: None
      - \\FEAP1313L\Users\edward.barreras\source\repos\LIVE\MIA SRC\lib\RCWF\2026.1.210.462\Telerik.WinControls.Themes.Material.dll
        ProductCode: RCWF, LicenseDate: 2026-02-10, ProductName: Telerik UI for WinForms, ProductVersion: 2026.1.210.462, Flags: None
      - \\FEAP1313L\Users\edward.barreras\source\repos\LIVE\MIA SRC\lib\RCWF\2026.1.210.462\Telerik.WinControls.Themes.MaterialBlueGrey.dll
        ProductCode: RCWF, LicenseDate: 2026-02-10, ProductName: Telerik UI for WinForms, ProductVersion: 2026.1.210.462, Flags: None
      - \\FEAP1313L\Users\edward.barreras\source\repos\LIVE\MIA SRC\lib\RCWF\2026.1.210.462\Telerik.WinControls.Themes.MaterialPink.dll
        ProductCode: RCWF, LicenseDate: 2026-02-10, ProductName: Telerik UI for WinForms, ProductVersion: 2026.1.210.462, Flags: None
      - \\FEAP1313L\Users\edward.barreras\source\repos\LIVE\MIA SRC\lib\RCWF\2026.1.210.462\Telerik.WinControls.Themes.MaterialTeal.dll
        ProductCode: RCWF, LicenseDate: 2026-02-10, ProductName: Telerik UI for WinForms, ProductVersion: 2026.1.210.462, Flags: None
      - \\FEAP1313L\Users\edward.barreras\source\repos\LIVE\MIA SRC\lib\RCWF\2026.1.210.462\Telerik.WinControls.Themes.Office2007Black.dll
        ProductCode: RCWF, LicenseDate: 2026-02-10, ProductName: Telerik UI for WinForms, ProductVersion: 2026.1.210.462, Flags: None
      - \\FEAP1313L\Users\edward.barreras\source\repos\LIVE\MIA SRC\lib\RCWF\2026.1.210.462\Telerik.WinControls.Themes.Office2010Black.dll
        ProductCode: RCWF, LicenseDate: 2026-02-10, ProductName: Telerik UI for WinForms, ProductVersion: 2026.1.210.462, Flags: None
      - \\FEAP1313L\Users\edward.barreras\source\repos\LIVE\MIA SRC\lib\RCWF\2026.1.210.462\Telerik.WinControls.Themes.Office2010Blue.dll
        ProductCode: RCWF, LicenseDate: 2026-02-10, ProductName: Telerik UI for WinForms, ProductVersion: 2026.1.210.462, Flags: None
      - \\FEAP1313L\Users\edward.barreras\source\repos\LIVE\MIA SRC\lib\RCWF\2026.1.210.462\Telerik.WinControls.Themes.Office2010Silver.dll
        ProductCode: RCWF, LicenseDate: 2026-02-10, ProductName: Telerik UI for WinForms, ProductVersion: 2026.1.210.462, Flags: None
      - \\FEAP1313L\Users\edward.barreras\source\repos\LIVE\MIA SRC\lib\RCWF\2026.1.210.462\Telerik.WinControls.Themes.Office2013Dark.dll
        ProductCode: RCWF, LicenseDate: 2026-02-10, ProductName: Telerik UI for WinForms, ProductVersion: 2026.1.210.462, Flags: None
      - \\FEAP1313L\Users\edward.barreras\source\repos\LIVE\MIA SRC\lib\RCWF\2026.1.210.462\Telerik.WinControls.Themes.Office2013Light.dll
        ProductCode: RCWF, LicenseDate: 2026-02-10, ProductName: Telerik UI for WinForms, ProductVersion: 2026.1.210.462, Flags: None
      - \\FEAP1313L\Users\edward.barreras\source\repos\LIVE\MIA SRC\lib\RCWF\2026.1.210.462\Telerik.WinControls.Themes.TelerikMetroBlue.dll
        ProductCode: RCWF, LicenseDate: 2026-02-10, ProductName: Telerik UI for WinForms, ProductVersion: 2026.1.210.462, Flags: None
      - \\FEAP1313L\Users\edward.barreras\source\repos\LIVE\MIA SRC\lib\RCWF\2026.1.210.462\Telerik.WinControls.Themes.VisualStudio2012Dark.dll
        ProductCode: RCWF, LicenseDate: 2026-02-10, ProductName: Telerik UI for WinForms, ProductVersion: 2026.1.210.462, Flags: None
      - \\FEAP1313L\Users\edward.barreras\source\repos\LIVE\MIA SRC\lib\RCWF\2026.1.210.462\Telerik.WinControls.Themes.VisualStudio2012Light.dll
        ProductCode: RCWF, LicenseDate: 2026-02-10, ProductName: Telerik UI for WinForms, ProductVersion: 2026.1.210.462, Flags: None
      - \\FEAP1313L\Users\edward.barreras\source\repos\LIVE\MIA SRC\lib\RCWF\2026.1.210.462\Telerik.WinControls.Themes.Windows7.dll
        ProductCode: RCWF, LicenseDate: 2026-02-10, ProductName: Telerik UI for WinForms, ProductVersion: 2026.1.210.462, Flags: None
      - \\FEAP1313L\Users\edward.barreras\source\repos\LIVE\MIA SRC\lib\RCWF\2026.1.210.462\Telerik.WinControls.Themes.Windows8.dll
        ProductCode: RCWF, LicenseDate: 2026-02-10, ProductName: Telerik UI for WinForms, ProductVersion: 2026.1.210.462, Flags: None
      - \\FEAP1313L\Users\edward.barreras\source\repos\LIVE\MIA SRC\lib\RCWF\2026.1.210.462\Telerik.WinControls.UI.dll
        ProductCode: RCWF, LicenseDate: 2026-02-10, ProductName: Telerik UI for WinForms, ProductVersion: 2026.1.210.462, Flags: None
      - \\FEAP1313L\Users\edward.barreras\source\repos\LIVE\MIA SRC\lib\RCWF\2026.1.210.462\Telerik.Windows.Documents.Core.dll
        ProductCode: DPL, LicenseDate: 2026-02-10, Redistributed By: RCWPF, RCWF, MAUI, UIXAM, WINUI, RCAJAX, KENDOUIMVC, UIASPCORE, BLAZOR, ProductName: Telerik Document Processing Libraries, ProductVersion: 2026.1.210.462, Flags: None
      - \\FEAP1313L\Users\edward.barreras\source\repos\LIVE\MIA SRC\lib\RCWF\2026.1.210.462\Telerik.Windows.Documents.Fixed.dll
        ProductCode: DPL, LicenseDate: 2026-02-10, Redistributed By: RCWPF, RCWF, MAUI, UIXAM, WINUI, RCAJAX, KENDOUIMVC, UIASPCORE, BLAZOR, ProductName: Telerik Document Processing Libraries, ProductVersion: 2026.1.210.462, Flags: None
      - \\FEAP1313L\Users\edward.barreras\source\repos\LIVE\MIA SRC\lib\RCWF\2026.1.210.462\Telerik.Windows.Documents.Spreadsheet.dll
        ProductCode: DPL, LicenseDate: 2026-02-10, Redistributed By: RCWPF, RCWF, MAUI, UIXAM, WINUI, RCAJAX, KENDOUIMVC, UIASPCORE, BLAZOR, ProductName: Telerik Document Processing Libraries, ProductVersion: 2026.1.210.462, Flags: None
      - \\FEAP1313L\Users\edward.barreras\source\repos\LIVE\MIA SRC\lib\RCWF\2026.1.210.462\Telerik.Windows.Documents.Spreadsheet.FormatProviders.Pdf.dll
        ProductCode: DPL, LicenseDate: 2026-02-10, Redistributed By: RCWPF, RCWF, MAUI, UIXAM, WINUI, RCAJAX, KENDOUIMVC, UIASPCORE, BLAZOR, ProductName: Telerik Document Processing Libraries, ProductVersion: 2026.1.210.462, Flags: None
      - \\FEAP1313L\Users\edward.barreras\source\repos\LIVE\MIA SRC\lib\RCWF\2026.1.210.462\Telerik.Windows.Documents.Spreadsheet.FormatProviders.Xls.dll
        ProductCode: DPL, LicenseDate: 2026-02-10, Redistributed By: RCWPF, RCWF, MAUI, UIXAM, WINUI, RCAJAX, KENDOUIMVC, UIASPCORE, BLAZOR, ProductName: Telerik Document Processing Libraries, ProductVersion: 2026.1.210.462, Flags: None
      - \\FEAP1313L\Users\edward.barreras\source\repos\LIVE\MIA SRC\lib\RCWF\2026.1.210.462\Telerik.Windows.Zip.dll
        ProductCode: DPL, LicenseDate: 2026-02-10, Redistributed By: RCWPF, RCWF, MAUI, UIXAM, WINUI, RCAJAX, KENDOUIMVC, UIASPCORE, BLAZOR, ProductName: Telerik Document Processing Libraries, ProductVersion: 2026.1.210.462, Flags: None
      - \\FEAP1313L\Users\edward.barreras\source\repos\LIVE\MIA SRC\lib\RCWF\2026.1.210.462\TelerikCommon.dll
        ProductCode: RCWF, LicenseDate: 2026-02-10, ProductName: Telerik UI for WinForms, ProductVersion: 2026.1.210.462, Flags: None
      - \\FEAP1313L\Users\edward.barreras\source\repos\LIVE\MIA SRC\lib\RCWF\2026.1.210.462\TelerikExport.dll
        ProductCode: RCWF, LicenseDate: 2026-02-10, ProductName: Telerik UI for WinForms, ProductVersion: 2026.1.210.462, Flags: None
      Unique Products:
      - "Telerik Document Processing Libraries" (DPL) 2026.1.210.462 @2026-02-10
      - "Telerik UI for WinForms" (RCWF) 2026.1.210.462 @2026-02-10
      - "Telerik Reporting" (REPORTING) 19.1.25.521 @2025-05-21
      Found a total of 3 referenced Telerik products for 

[2026-03-23 15:50:43.808] [Low]   Provision Licensing
        Looking up license file...
        - EnvironmentVariablePath: TELERIK_LICENSE_PATH (NotAvailable)
        - EnvironmentVariable: TELERIK_LICENSE (NotAvailable)
        - EnvironmentVariable: KENDO_UI_LICENSE (NotAvailable)
        - RecursiveFilePath: \\FEAP1313L\Users\edward.barreras\source\repos\LIVE\MIA SRC\ERP\telerik-license.txt (NotAvailable)
        - RecursiveFilePath: \\FEAP1313L\Users\edward.barreras\source\repos\LIVE\MIA SRC\ERP\kendo-ui-license.txt (NotAvailable)
        - RecursiveFilePath: \\FEAP1313L\Users\edward.barreras\source\repos\LIVE\MIA SRC\telerik-license.txt (LicenseFound)
        - RecursiveFilePath: \\FEAP1313L\Users\edward.barreras\source\repos\LIVE\MIA SRC\kendo-ui-license.txt (Skip)
        - RecursiveFilePath: \\FEAP1313L\Users\edward.barreras\source\repos\LIVE\telerik-license.txt (Skip)
        - RecursiveFilePath: \\FEAP1313L\Users\edward.barreras\source\repos\LIVE\kendo-ui-license.txt (Skip)
        - RecursiveFilePath: \\FEAP1313L\Users\edward.barreras\source\repos\telerik-license.txt (Skip)
        - RecursiveFilePath: \\FEAP1313L\Users\edward.barreras\source\repos\kendo-ui-license.txt (Skip)
        - RecursiveFilePath: \\FEAP1313L\Users\edward.barreras\source\telerik-license.txt (Skip)
        - RecursiveFilePath: \\FEAP1313L\Users\edward.barreras\source\kendo-ui-license.txt (Skip)
        - RecursiveFilePath: \\FEAP1313L\Users\edward.barreras\telerik-license.txt (Skip)
        - RecursiveFilePath: \\FEAP1313L\Users\edward.barreras\kendo-ui-license.txt (Skip)
        - RecursiveFilePath: \\FEAP1313L\Users\telerik-license.txt (Skip)
        - RecursiveFilePath: \\FEAP1313L\Users\kendo-ui-license.txt (Skip)
        - UserDirectory: C:\Users\edward.barreras\AppData\Roaming\Telerik\telerik-license.txt (Skip)
        - UserDirectory: C:\Users\edward.barreras\AppData\Roaming\Telerik\kendo-ui-license.txt (Skip)
        LicenseKey
        - AUD: f***.m**@f***************.com
        - UsedId: ab69b8b5-c84c-45ed-8228-81dac868c759
        - LicenseId: e7eaafda-87c7-42d6-9ce6-49a541b8c4ed
        - IssuedAt: 1/20/2026 6:35:06 AM
        - Licenses
          0) Perpetual BLAZOR, expiration 9/25/2027 12:49:33 PM, type: 'perpetual'
          1) Perpetual JM, expiration 9/25/2027 12:49:33 PM, type: 'perpetual'
          2) Perpetual KENDOUIANGULAR, expiration 9/25/2027 12:49:33 PM, type: 'perpetual'
          3) Perpetual KENDOUICOMPLETE, expiration 9/25/2027 12:49:33 PM, type: 'perpetual'
          4) Perpetual KENDOUIMVC, expiration 9/25/2027 12:49:33 PM, type: 'perpetual'
          5) Perpetual KENDOUIREACT, expiration 9/25/2027 12:49:33 PM, type: 'perpetual'
          6) Perpetual KENDOUIVUE, expiration 9/25/2027 12:49:33 PM, type: 'perpetual'
          7) Perpetual MAUI, expiration 9/25/2027 12:49:33 PM, type: 'perpetual'
          8) Perpetual RCAJAX, expiration 9/25/2027 12:49:33 PM, type: 'perpetual'
          9) Perpetual RCWF, expiration 9/25/2027 12:49:33 PM, type: 'perpetual'
          10) Perpetual RCWPF, expiration 9/25/2027 12:49:33 PM, type: 'perpetual'
          11) Perpetual REPORTING, expiration 9/25/2027 12:49:33 PM, type: 'perpetual'
          12) Perpetual REPORTSERVER, expiration 9/25/2027 12:49:33 PM, type: 'perpetual'
          13) Perpetual UIASPCORE, expiration 9/25/2027 12:49:33 PM, type: 'perpetual'
          14) Perpetual UIXAM, expiration 2/19/2025 6:00:00 AM, type: 'perpetual'
          15) Perpetual WINUI, expiration 9/25/2027 12:49:33 PM, type: 'perpetual'
          16) Usage UserId: ab69b8b5-c84c-45ed-8228-81dac868c759, LicenseId: e7eaafda-87c7-42d6-9ce6-49a541b8c4ed, type: 'usage'

[2026-03-23 15:50:43.817] [Low]   License Resolution
        Messages
          - License OK for "Telerik UI for WinForms" (RCWF) 2026.1.210.462 @2026-02-10 - Perpetual, valid until 2027-09-25.
          - License OK for "Telerik Reporting" (REPORTING) 19.1.25.521 @2025-05-21 - Perpetual, valid until 2027-09-25.
          - License OK for "Telerik Document Processing Libraries" (DPL) 2026.1.210.462 @2026-02-10 - Perpetual for RCWF, valid until 2027-09-25.
        JWTs
          - eyJhbGciOiJSUzI1NiIsInR5cCI6IlRlbGVyaWsgTGljZW5zZSBFdmlkZW5jZSJ9.eyJjb2RlIjoiUkNXRiIsInR5cGUiOiJwZXJwZXR1YWwiLCJleHBpcmF0aW9uIjoxODIxODc2NTczLCJ1c2VySWQiOiJhYjY5YjhiNS1jODRjLTQ1ZWQtODIyOC04MWRhYzg2OGM3NTkiLCJsaWNlbnNlSWQiOiJlN2VhYWZkYS04N2M3LTQyZDYtOWNlNi00OWE1NDFiOGM0ZWQifQ.H8sxX5O2T3i22Uhy0PFV3YDo-lS1iHVocWX9Eu-82PheI3XbKMkEr7QiChWfuNwS9afgR7PMGy4_nx9HXRV5V9cRQ1zWvIkJsG2EbadPtKlygaAkCh-FXSRVflm3WITNHIAYfazZa26sHSnqBW_XRbH3o0GQkqVYkLlxLuLuKa4M7LlA1KtQZcVFhOH2oaXQoxfrkUMQxNFCz0JdI76T1YJNrAwxpXri8KUzfoDwKhY-IhN-bU25hJs19yGvWykTuZqrZ3lv603aQkaCaPnlF_tHROsmC7nbV4aaxaSHRF1PVD5lqsAhkA5OdGmqH8Kq9F5mhRXVVwYWf3WBcxZKkg
          - eyJhbGciOiJSUzI1NiIsInR5cCI6IlRlbGVyaWsgTGljZW5zZSBFdmlkZW5jZSJ9.eyJjb2RlIjoiUkVQT1JUSU5HIiwidHlwZSI6InBlcnBldHVhbCIsImV4cGlyYXRpb24iOjE4MjE4NzY1NzMsInVzZXJJZCI6ImFiNjliOGI1LWM4NGMtNDVlZC04MjI4LTgxZGFjODY4Yzc1OSIsImxpY2Vuc2VJZCI6ImU3ZWFhZmRhLTg3YzctNDJkNi05Y2U2LTQ5YTU0MWI4YzRlZCJ9.vMdezVVvhtRG-iThgXrXFDyr8L394y38spuHWK9Cyc_b9XZ2iHzEwyT9dLgOqBfvEQM3-GKFcOW6O4-_SSwoIjNhm9paVKSVEmeonMfEOgZjOXuqYFCrXmegYUefJNkHmL6P9cB0CPtA_PThVXqg_RGtCMGEoTW_ISG2ymjLnKXwuGf3uQoTxYWCmdBVMAeZHBlzpUh7aJ78fWmWbIvGf_jrykaFhCaWML2yJHyAjHIH1uzf088pGqdOeDvhBQsIva3Hg0KPLptC4ZqxkkVyYHFvvqFgwwkv8O3ex6Df238honjg-11aXIid1Ad6SSsrqEuKqHBUF__HbdhN0AvfLg
        Licenses
          - License OK for "Telerik UI for WinForms" (RCWF) 2026.1.210.462 @2026-02-10 - Perpetual, valid until 2027-09-25.
          - License OK for "Telerik Reporting" (REPORTING) 19.1.25.521 @2025-05-21 - Perpetual, valid until 2027-09-25.
          - License OK for "Telerik Document Processing Libraries" (DPL) 2026.1.210.462 @2026-02-10 - Perpetual for RCWF, valid until 2027-09-25.

[2026-03-23 15:50:43.820] [Low] OutputType: WinExe, ImportXamlTargets: True
[2026-03-23 15:50:43.837] [Low] 
      Call-Home Telerik Products (3 for )
      - "Telerik UI for WinForms" (RCWF) 2026.1.210
      - "DPL" (DPL) 2026.1.210
      - "Telerik Reporting" (REPORTING) 19.1.25

[2026-03-23 15:50:43.837] [Low] 
[2026-03-23 15:50:43.839] [Low] 
      Call-Home Telerik Features (0 for )

[2026-03-23 15:50:43.839] [Low] 
[2026-03-23 15:50:43.883] [Low]   Report Telerik.Licensing
        UserId: ab69b8b5-c84c-45ed-8228-81dac868c759
        LicenseId: e7eaafda-87c7-42d6-9ce6-49a541b8c4ed
        Products
        - LicenseUsed RCWF 2026.1.210.462 SKIPPED
        - LicenseUsed REPORTING 19.1.25.521 SKIPPED
        - LicenseUsed DPL 2026.1.210.462 SKIPPED
      Report finished in 00:00:00.0380210

[2026-03-23 15:50:43.885] [Low]   Sending Telemetry...
[2026-03-23 15:50:43.911] [Low]   Metrics done 00:00:00.0262160
[2026-03-23 15:50:43.913] [Normal] Resolve Telerik Products. Done (00:00:00.4353886) for 
[2026-03-23 15:51:58.033] [Normal] Resolve Telerik Products.
  MSBuildProjectName=2
  MSBuildProjectDirectory=\\FEAP1313L\Users\edward.barreras\source\repos\LIVE\MIA SRC\ERP
  MSBuildProjectExtension=.vbproj
  Language=VB
  OutputPath=bin\Debug\
  Platform=AnyCPU
  TargetFramework=
  TargetFrameworks=
  TargetFrameworkVersion=v4.8
  VisualStudioVersion=17.0
  UsingMicrosoftNETSdk=
  UsingMicrosoftNETSdkRazor=
  UsingMicrosoftNETSdkWeb=
  ImportXamlTargets=True
  OutputType=WinExe
  UseMaui=
  NuGetPackageRoot=

  PackageReferences
  ReferencePaths
  - BouncyCastle.Crypto.dll 1.8.3 at \\FEAP1313L\Users\edward.barreras\source\repos\LIVE\MIA SRC\packages\BouncyCastle.1.8.3.1\lib\BouncyCastle.Crypto.dll
  - BouncyCastle.Cryptography.dll 2.5.1 at \\FEAP1313L\Users\edward.barreras\source\repos\LIVE\MIA SRC\packages\BouncyCastle.Cryptography.2.5.1\lib\net461\BouncyCastle.Cryptography.dll
  - ClosedXML.dll 0.96.0 at \\FEAP1313L\Users\edward.barreras\source\repos\LIVE\MIA SRC\packages\ClosedXML.0.96.0\lib\net40\ClosedXML.dll
  - DocumentFormat.OpenXml.dll 2.16.0 at \\FEAP1313L\Users\edward.barreras\source\repos\LIVE\MIA SRC\packages\DocumentFormat.OpenXml.2.16.0\lib\net40\DocumentFormat.OpenXml.dll
  - ExcelNumberFormat.dll 1.1.0 at \\FEAP1313L\Users\edward.barreras\source\repos\LIVE\MIA SRC\packages\ExcelNumberFormat.1.1.0\lib\net20\ExcelNumberFormat.dll
  - FEAPNS.dll 1.0.0 at \\FEAP1313L\Users\edward.barreras\source\repos\LIVE\MIA SRC\ERP\bin\Debug\FEAPNS.dll
  - Gma.QrCodeNet.Encoding.dll 0.4.1 at \\FEAP1313L\Users\edward.barreras\source\repos\LIVE\MIA SRC\packages\Gma.QrCodeNet.0.4.1.2\lib\net40\Gma.QrCodeNet.Encoding.dll
  - Google.Protobuf.dll 3.30.0 at \\FEAP1313L\Users\edward.barreras\source\repos\LIVE\MIA SRC\packages\Google.Protobuf.3.30.0\lib\net45\Google.Protobuf.dll
  - K4os.Compression.LZ4.dll 1.3.8 at \\FEAP1313L\Users\edward.barreras\source\repos\LIVE\MIA SRC\packages\K4os.Compression.LZ4.1.3.8\lib\net462\K4os.Compression.LZ4.dll
  - K4os.Compression.LZ4.Streams.dll 1.3.8 at \\FEAP1313L\Users\edward.barreras\source\repos\LIVE\MIA SRC\packages\K4os.Compression.LZ4.Streams.1.3.8\lib\net462\K4os.Compression.LZ4.Streams.dll
  - K4os.Hash.xxHash.dll 1.0.8 at \\FEAP1313L\Users\edward.barreras\source\repos\LIVE\MIA SRC\packages\K4os.Hash.xxHash.1.0.8\lib\net462\K4os.Hash.xxHash.dll
  - MIA-Linq.dll 1.0.0 at \\FEAP1313L\Users\edward.barreras\source\repos\LIVE\MIA SRC\ERP\bin\Debug\MIA-Linq.dll
  - MIA-Report.dll 1.0.0 at \\FEAP1313L\Users\edward.barreras\source\repos\LIVE\MIA SRC\ERP\bin\Debug\MIA-Report.dll
  - Microsoft.Bcl.AsyncInterfaces.dll 5.0.0 at \\FEAP1313L\Users\edward.barreras\source\repos\LIVE\MIA SRC\packages\Microsoft.Bcl.AsyncInterfaces.5.0.0\lib\net461\Microsoft.Bcl.AsyncInterfaces.dll
  - Microsoft.CSharp.dll 4.8.3761 at C:\Program Files (x86)\Reference Assemblies\Microsoft\Framework\.NETFramework\v4.8\Microsoft.CSharp.dll
  - MySql.Data.dll 9.4.0 at \\FEAP1313L\Users\edward.barreras\source\repos\LIVE\MIA SRC\packages\MySql.Data.9.4.0\lib\net48\MySql.Data.dll
  - Newtonsoft.Json.dll 13.0.3 at \\FEAP1313L\Users\edward.barreras\source\repos\LIVE\MIA SRC\packages\Newtonsoft.Json.13.0.3\lib\net45\Newtonsoft.Json.dll
  - SRCDailyReportv2.dll 1.0.0 at \\FEAP1313L\Users\edward.barreras\source\repos\LIVE\MIA SRC\ERP\bin\Debug\SRCDailyReportv2.dll
  - System.Buffers.dll 4.6.28619 at \\FEAP1313L\Users\edward.barreras\source\repos\LIVE\MIA SRC\packages\System.Buffers.4.5.1\lib\net461\System.Buffers.dll
  - System.ComponentModel.DataAnnotations.dll 4.8.3761 at C:\Program Files (x86)\Reference Assemblies\Microsoft\Framework\.NETFramework\v4.8\System.ComponentModel.DataAnnotations.dll
  - System.ComponentModel.dll 4.8.3761 at C:\Program Files (x86)\Reference Assemblies\Microsoft\Framework\.NETFramework\v4.8\Facades\System.ComponentModel.dll
  - System.Configuration.ConfigurationManager.dll 8.0.0 at \\FEAP1313L\Users\edward.barreras\source\repos\LIVE\MIA SRC\packages\System.Configuration.ConfigurationManager.8.0.0\lib\net462\System.Configuration.ConfigurationManager.dll
  - System.Configuration.dll 4.8.3761 at C:\Program Files (x86)\Reference Assemblies\Microsoft\Framework\.NETFramework\v4.8\System.Configuration.dll
  - System.Configuration.Install.dll 4.8.3761 at C:\Program Files (x86)\Reference Assemblies\Microsoft\Framework\.NETFramework\v4.8\System.Configuration.Install.dll
  - System.Core.dll 4.8.3761 at C:\Program Files (x86)\Reference Assemblies\Microsoft\Framework\.NETFramework\v4.8\System.Core.dll
  - System.Data.DataSetExtensions.dll 4.8.3761 at C:\Program Files (x86)\Reference Assemblies\Microsoft\Framework\.NETFramework\v4.8\System.Data.DataSetExtensions.dll
  - System.Data.dll 4.8.3761 at C:\Program Files (x86)\Reference Assemblies\Microsoft\Framework\.NETFramework\v4.8\System.Data.dll
  - System.Data.OleDb.dll 9.0.2 at \\FEAP1313L\Users\edward.barreras\source\repos\LIVE\MIA SRC\packages\System.Data.OleDb.9.0.2\lib\net462\System.Data.OleDb.dll
  - System.Deployment.dll 4.8.3761 at C:\Program Files (x86)\Reference Assemblies\Microsoft\Framework\.NETFramework\v4.8\System.Deployment.dll
  - System.Diagnostics.DiagnosticSource.dll 8.0.4 at \\FEAP1313L\Users\edward.barreras\source\repos\LIVE\MIA SRC\packages\System.Diagnostics.DiagnosticSource.8.0.1\lib\net462\System.Diagnostics.DiagnosticSource.dll
  - System.dll 4.8.3761 at C:\Program Files (x86)\Reference Assemblies\Microsoft\Framework\.NETFramework\v4.8\System.dll
  - System.Drawing.Design.dll 4.8.3761 at C:\Program Files (x86)\Reference Assemblies\Microsoft\Framework\.NETFramework\v4.8\System.Drawing.Design.dll
  - System.Drawing.dll 4.8.3761 at C:\Program Files (x86)\Reference Assemblies\Microsoft\Framework\.NETFramework\v4.8\System.Drawing.dll
  - System.IO.Pipelines.dll 5.0.15 at \\FEAP1313L\Users\edward.barreras\source\repos\LIVE\MIA SRC\packages\System.IO.Pipelines.5.0.2\lib\net461\System.IO.Pipelines.dll
  - System.Management.dll 4.8.3761 at C:\Program Files (x86)\Reference Assemblies\Microsoft\Framework\.NETFramework\v4.8\System.Management.dll
  - System.Memory.dll 4.6.31308 at \\FEAP1313L\Users\edward.barreras\source\repos\LIVE\MIA SRC\packages\System.Memory.4.5.5\lib\net461\System.Memory.dll
  - System.Messaging.dll 4.8.3761 at C:\Program Files (x86)\Reference Assemblies\Microsoft\Framework\.NETFramework\v4.8\System.Messaging.dll
  - System.Net.Http.Formatting.dll 5.2.7 at C:\Program Files\Microsoft Visual Studio\2022\Community\Common7\IDE\PublicAssemblies\System.Net.Http.Formatting.dll
  - System.Numerics.dll 4.8.3761 at C:\Program Files (x86)\Reference Assemblies\Microsoft\Framework\.NETFramework\v4.8\System.Numerics.dll
  - System.Numerics.Vectors.dll 4.6.26515 at \\FEAP1313L\Users\edward.barreras\source\repos\LIVE\MIA SRC\packages\System.Numerics.Vectors.4.5.0\lib\net46\System.Numerics.Vectors.dll
  - System.Runtime.CompilerServices.Unsafe.dll 6.1.0 at \\FEAP1313L\Users\edward.barreras\source\repos\LIVE\MIA SRC\packages\System.Runtime.CompilerServices.Unsafe.6.1.0\lib\net462\System.Runtime.CompilerServices.Unsafe.dll
  - System.Threading.Tasks.Extensions.dll 4.6.0 at \\FEAP1313L\Users\edward.barreras\source\repos\LIVE\MIA SRC\packages\System.Threading.Tasks.Extensions.4.6.0\lib\net462\System.Threading.Tasks.Extensions.dll
  - System.Transactions.dll 4.8.3761 at C:\Program Files (x86)\Reference Assemblies\Microsoft\Framework\.NETFramework\v4.8\System.Transactions.dll
  - System.Web.Extensions.dll 4.8.3761 at C:\Program Files (x86)\Reference Assemblies\Microsoft\Framework\.NETFramework\v4.8\System.Web.Extensions.dll
  - System.Windows.Forms.dll 4.8.3761 at C:\Program Files (x86)\Reference Assemblies\Microsoft\Framework\.NETFramework\v4.8\System.Windows.Forms.dll
  - System.Xml.dll 4.8.3761 at C:\Program Files (x86)\Reference Assemblies\Microsoft\Framework\.NETFramework\v4.8\System.Xml.dll
  - System.Xml.Linq.dll 4.8.3761 at C:\Program Files (x86)\Reference Assemblies\Microsoft\Framework\.NETFramework\v4.8\System.Xml.Linq.dll
  - Telerik.Documents.SpreadsheetStreaming.dll 2026.1.210 at \\FEAP1313L\Users\edward.barreras\source\repos\LIVE\MIA SRC\lib\RCWF\2026.1.210.462\Telerik.Documents.SpreadsheetStreaming.dll
  - Telerik.Licensing.Runtime.dll 1.8.2 at \\FEAP1313L\Users\edward.barreras\source\repos\LIVE\MIA SRC\packages\Telerik.Licensing.1.8.2\lib\net462\Telerik.Licensing.Runtime.dll
  - Telerik.Reporting.dll 19.1.25 at \\FEAP1313L\Users\edward.barreras\source\repos\LIVE\MIA SRC\ERP\bin\Debug\Telerik.Reporting.dll
  - Telerik.Reporting.Services.HttpClient.dll 19.1.25 at \\FEAP1313L\Users\edward.barreras\source\repos\LIVE\MIA SRC\ERP\bin\Debug\Telerik.Reporting.Services.HttpClient.dll
  - Telerik.Reporting.Services.ServiceStack.dll 19.1.25 at \\FEAP1313L\Users\edward.barreras\source\repos\LIVE\MIA SRC\ERP\bin\Debug\Telerik.Reporting.Services.ServiceStack.dll
  - Telerik.ReportViewer.WinForms.dll 19.1.25 at \\FEAP1313L\Users\edward.barreras\source\repos\LIVE\MIA SRC\ERP\bin\Debug\Telerik.ReportViewer.WinForms.dll
  - Telerik.ReportViewer.Wpf.dll 19.1.25 at \\FEAP1313L\Users\edward.barreras\source\repos\LIVE\MIA SRC\ERP\bin\Debug\Telerik.ReportViewer.Wpf.dll
  - Telerik.WinControls.dll 2026.1.210 at \\FEAP1313L\Users\edward.barreras\source\repos\LIVE\MIA SRC\lib\RCWF\2026.1.210.462\Telerik.WinControls.dll
  - Telerik.WinControls.GridView.dll 2026.1.210 at \\FEAP1313L\Users\edward.barreras\source\repos\LIVE\MIA SRC\lib\RCWF\2026.1.210.462\Telerik.WinControls.GridView.dll
  - Telerik.WinControls.RadDock.dll 2026.1.210 at \\FEAP1313L\Users\edward.barreras\source\repos\LIVE\MIA SRC\lib\RCWF\2026.1.210.462\Telerik.WinControls.RadDock.dll
  - Telerik.WinControls.Themes.Aqua.dll 2026.1.210 at \\FEAP1313L\Users\edward.barreras\source\repos\LIVE\MIA SRC\lib\RCWF\2026.1.210.462\Telerik.WinControls.Themes.Aqua.dll
  - Telerik.WinControls.Themes.Breeze.dll 2026.1.210 at \\FEAP1313L\Users\edward.barreras\source\repos\LIVE\MIA SRC\lib\RCWF\2026.1.210.462\Telerik.WinControls.Themes.Breeze.dll
  - Telerik.WinControls.Themes.Crystal.dll 2026.1.210 at \\FEAP1313L\Users\edward.barreras\source\repos\LIVE\MIA SRC\lib\RCWF\2026.1.210.462\Telerik.WinControls.Themes.Crystal.dll
  - Telerik.WinControls.Themes.CrystalDark.dll 2026.1.210 at \\FEAP1313L\Users\edward.barreras\source\repos\LIVE\MIA SRC\lib\RCWF\2026.1.210.462\Telerik.WinControls.Themes.CrystalDark.dll
  - Telerik.WinControls.Themes.Desert.dll 2026.1.210 at \\FEAP1313L\Users\edward.barreras\source\repos\LIVE\MIA SRC\lib\RCWF\2026.1.210.462\Telerik.WinControls.Themes.Desert.dll
  - Telerik.WinControls.Themes.Fluent.dll 2026.1.210 at \\FEAP1313L\Users\edward.barreras\source\repos\LIVE\MIA SRC\lib\RCWF\2026.1.210.462\Telerik.WinControls.Themes.Fluent.dll
  - Telerik.WinControls.Themes.FluentDark.dll 2026.1.210 at \\FEAP1313L\Users\edward.barreras\source\repos\LIVE\MIA SRC\lib\RCWF\2026.1.210.462\Telerik.WinControls.Themes.FluentDark.dll
  - Telerik.WinControls.Themes.HighContrastBlack.dll 2026.1.210 at \\FEAP1313L\Users\edward.barreras\source\repos\LIVE\MIA SRC\lib\RCWF\2026.1.210.462\Telerik.WinControls.Themes.HighContrastBlack.dll
  - Telerik.WinControls.Themes.Material.dll 2026.1.210 at \\FEAP1313L\Users\edward.barreras\source\repos\LIVE\MIA SRC\lib\RCWF\2026.1.210.462\Telerik.WinControls.Themes.Material.dll
  - Telerik.WinControls.Themes.MaterialBlueGrey.dll 2026.1.210 at \\FEAP1313L\Users\edward.barreras\source\repos\LIVE\MIA SRC\lib\RCWF\2026.1.210.462\Telerik.WinControls.Themes.MaterialBlueGrey.dll
  - Telerik.WinControls.Themes.MaterialPink.dll 2026.1.210 at \\FEAP1313L\Users\edward.barreras\source\repos\LIVE\MIA SRC\lib\RCWF\2026.1.210.462\Telerik.WinControls.Themes.MaterialPink.dll
  - Telerik.WinControls.Themes.MaterialTeal.dll 2026.1.210 at \\FEAP1313L\Users\edward.barreras\source\repos\LIVE\MIA SRC\lib\RCWF\2026.1.210.462\Telerik.WinControls.Themes.MaterialTeal.dll
  - Telerik.WinControls.Themes.Office2007Black.dll 2026.1.210 at \\FEAP1313L\Users\edward.barreras\source\repos\LIVE\MIA SRC\lib\RCWF\2026.1.210.462\Telerik.WinControls.Themes.Office2007Black.dll
  - Telerik.WinControls.Themes.Office2010Black.dll 2026.1.210 at \\FEAP1313L\Users\edward.barreras\source\repos\LIVE\MIA SRC\lib\RCWF\2026.1.210.462\Telerik.WinControls.Themes.Office2010Black.dll
  - Telerik.WinControls.Themes.Office2010Blue.dll 2026.1.210 at \\FEAP1313L\Users\edward.barreras\source\repos\LIVE\MIA SRC\lib\RCWF\2026.1.210.462\Telerik.WinControls.Themes.Office2010Blue.dll
  - Telerik.WinControls.Themes.Office2010Silver.dll 2026.1.210 at \\FEAP1313L\Users\edward.barreras\source\repos\LIVE\MIA SRC\lib\RCWF\2026.1.210.462\Telerik.WinControls.Themes.Office2010Silver.dll
  - Telerik.WinControls.Themes.Office2013Dark.dll 2026.1.210 at \\FEAP1313L\Users\edward.barreras\source\repos\LIVE\MIA SRC\lib\RCWF\2026.1.210.462\Telerik.WinControls.Themes.Office2013Dark.dll
  - Telerik.WinControls.Themes.Office2013Light.dll 2026.1.210 at \\FEAP1313L\Users\edward.barreras\source\repos\LIVE\MIA SRC\lib\RCWF\2026.1.210.462\Telerik.WinControls.Themes.Office2013Light.dll
  - Telerik.WinControls.Themes.TelerikMetroBlue.dll 2026.1.210 at \\FEAP1313L\Users\edward.barreras\source\repos\LIVE\MIA SRC\lib\RCWF\2026.1.210.462\Telerik.WinControls.Themes.TelerikMetroBlue.dll
  - Telerik.WinControls.Themes.VisualStudio2012Dark.dll 2026.1.210 at \\FEAP1313L\Users\edward.barreras\source\repos\LIVE\MIA SRC\lib\RCWF\2026.1.210.462\Telerik.WinControls.Themes.VisualStudio2012Dark.dll
  - Telerik.WinControls.Themes.VisualStudio2012Light.dll 2026.1.210 at \\FEAP1313L\Users\edward.barreras\source\repos\LIVE\MIA SRC\lib\RCWF\2026.1.210.462\Telerik.WinControls.Themes.VisualStudio2012Light.dll
  - Telerik.WinControls.Themes.Windows7.dll 2026.1.210 at \\FEAP1313L\Users\edward.barreras\source\repos\LIVE\MIA SRC\lib\RCWF\2026.1.210.462\Telerik.WinControls.Themes.Windows7.dll
  - Telerik.WinControls.Themes.Windows8.dll 2026.1.210 at \\FEAP1313L\Users\edward.barreras\source\repos\LIVE\MIA SRC\lib\RCWF\2026.1.210.462\Telerik.WinControls.Themes.Windows8.dll
  - Telerik.WinControls.UI.dll 2026.1.210 at \\FEAP1313L\Users\edward.barreras\source\repos\LIVE\MIA SRC\lib\RCWF\2026.1.210.462\Telerik.WinControls.UI.dll
  - Telerik.Windows.Documents.Core.dll 2026.1.210 at \\FEAP1313L\Users\edward.barreras\source\repos\LIVE\MIA SRC\lib\RCWF\2026.1.210.462\Telerik.Windows.Documents.Core.dll
  - Telerik.Windows.Documents.Fixed.dll 2026.1.210 at \\FEAP1313L\Users\edward.barreras\source\repos\LIVE\MIA SRC\lib\RCWF\2026.1.210.462\Telerik.Windows.Documents.Fixed.dll
  - Telerik.Windows.Documents.Spreadsheet.dll 2026.1.210 at \\FEAP1313L\Users\edward.barreras\source\repos\LIVE\MIA SRC\lib\RCWF\2026.1.210.462\Telerik.Windows.Documents.Spreadsheet.dll
  - Telerik.Windows.Documents.Spreadsheet.FormatProviders.OpenXml.dll 2026.1.210 at \\FEAP1313L\Users\edward.barreras\source\repos\LIVE\MIA SRC\lib\RCWF\2026.1.210.462\Telerik.Windows.Documents.Spreadsheet.FormatProviders.OpenXml.dll
  - Telerik.Windows.Documents.Spreadsheet.FormatProviders.Pdf.dll 2026.1.210 at \\FEAP1313L\Users\edward.barreras\source\repos\LIVE\MIA SRC\lib\RCWF\2026.1.210.462\Telerik.Windows.Documents.Spreadsheet.FormatProviders.Pdf.dll
  - Telerik.Windows.Documents.Spreadsheet.FormatProviders.Xls.dll 2026.1.210 at \\FEAP1313L\Users\edward.barreras\source\repos\LIVE\MIA SRC\lib\RCWF\2026.1.210.462\Telerik.Windows.Documents.Spreadsheet.FormatProviders.Xls.dll
  - Telerik.Windows.Zip.dll 2026.1.210 at \\FEAP1313L\Users\edward.barreras\source\repos\LIVE\MIA SRC\lib\RCWF\2026.1.210.462\Telerik.Windows.Zip.dll
  - TelerikCommon.dll 2026.1.210 at \\FEAP1313L\Users\edward.barreras\source\repos\LIVE\MIA SRC\lib\RCWF\2026.1.210.462\TelerikCommon.dll
  - TelerikExport.dll 2026.1.210 at \\FEAP1313L\Users\edward.barreras\source\repos\LIVE\MIA SRC\lib\RCWF\2026.1.210.462\TelerikExport.dll
  - Ubiety.Dns.Core.dll 2.2.1 at \\FEAP1313L\Users\edward.barreras\source\repos\LIVE\MIA SRC\ERP\bin\Debug\Ubiety.Dns.Core.dll
  - WindowsBase.dll 4.8.3761 at C:\Program Files (x86)\Reference Assemblies\Microsoft\Framework\.NETFramework\v4.8\WindowsBase.dll
  - ZstdSharp.dll 0.8.5 at \\FEAP1313L\Users\edward.barreras\source\repos\LIVE\MIA SRC\packages\ZstdSharp.Port.0.8.5\lib\net462\ZstdSharp.dll
  MachineId=2xQjveFWQf4bUNzPt3x/SIfuym0=

[2026-03-23 15:51:58.120] [Low]   Looking for Telerik product metadata in referenced assemblies
      - \\FEAP1313L\Users\edward.barreras\source\repos\LIVE\MIA SRC\lib\RCWF\2026.1.210.462\Telerik.Documents.SpreadsheetStreaming.dll
        ProductCode: DPL, LicenseDate: 2026-02-10, Redistributed By: RCWPF, RCWF, MAUI, UIXAM, WINUI, RCAJAX, KENDOUIMVC, UIASPCORE, BLAZOR, ProductName: Telerik Document Processing Libraries, ProductVersion: 2026.1.210.462, Flags: None
      - \\FEAP1313L\Users\edward.barreras\source\repos\LIVE\MIA SRC\ERP\bin\Debug\Telerik.Reporting.dll
        ProductCode: REPORTING, LicenseDate: 2025-05-21, ProductName: Telerik Reporting, ProductVersion: 19.1.25.521, Flags: None
      - \\FEAP1313L\Users\edward.barreras\source\repos\LIVE\MIA SRC\lib\RCWF\2026.1.210.462\Telerik.WinControls.dll
        ProductCode: RCWF, LicenseDate: 2026-02-10, ProductName: Telerik UI for WinForms, ProductVersion: 2026.1.210.462, Flags: None
      - \\FEAP1313L\Users\edward.barreras\source\repos\LIVE\MIA SRC\lib\RCWF\2026.1.210.462\Telerik.WinControls.GridView.dll
        ProductCode: RCWF, LicenseDate: 2026-02-10, ProductName: Telerik UI for WinForms, ProductVersion: 2026.1.210.462, Flags: None
      - \\FEAP1313L\Users\edward.barreras\source\repos\LIVE\MIA SRC\lib\RCWF\2026.1.210.462\Telerik.WinControls.RadDock.dll
        ProductCode: RCWF, LicenseDate: 2026-02-10, ProductName: Telerik UI for WinForms, ProductVersion: 2026.1.210.462, Flags: None
      - \\FEAP1313L\Users\edward.barreras\source\repos\LIVE\MIA SRC\lib\RCWF\2026.1.210.462\Telerik.WinControls.Themes.Aqua.dll
        ProductCode: RCWF, LicenseDate: 2026-02-10, ProductName: Telerik UI for WinForms, ProductVersion: 2026.1.210.462, Flags: None
      - \\FEAP1313L\Users\edward.barreras\source\repos\LIVE\MIA SRC\lib\RCWF\2026.1.210.462\Telerik.WinControls.Themes.Breeze.dll
        ProductCode: RCWF, LicenseDate: 2026-02-10, ProductName: Telerik UI for WinForms, ProductVersion: 2026.1.210.462, Flags: None
      - \\FEAP1313L\Users\edward.barreras\source\repos\LIVE\MIA SRC\lib\RCWF\2026.1.210.462\Telerik.WinControls.Themes.Crystal.dll
        ProductCode: RCWF, LicenseDate: 2026-02-10, ProductName: Telerik UI for WinForms, ProductVersion: 2026.1.210.462, Flags: None
      - \\FEAP1313L\Users\edward.barreras\source\repos\LIVE\MIA SRC\lib\RCWF\2026.1.210.462\Telerik.WinControls.Themes.CrystalDark.dll
        ProductCode: RCWF, LicenseDate: 2026-02-10, ProductName: Telerik UI for WinForms, ProductVersion: 2026.1.210.462, Flags: None
      - \\FEAP1313L\Users\edward.barreras\source\repos\LIVE\MIA SRC\lib\RCWF\2026.1.210.462\Telerik.WinControls.Themes.Desert.dll
        ProductCode: RCWF, LicenseDate: 2026-02-10, ProductName: Telerik UI for WinForms, ProductVersion: 2026.1.210.462, Flags: None
      - \\FEAP1313L\Users\edward.barreras\source\repos\LIVE\MIA SRC\lib\RCWF\2026.1.210.462\Telerik.WinControls.Themes.Fluent.dll
        ProductCode: RCWF, LicenseDate: 2026-02-10, ProductName: Telerik UI for WinForms, ProductVersion: 2026.1.210.462, Flags: None
      - \\FEAP1313L\Users\edward.barreras\source\repos\LIVE\MIA SRC\lib\RCWF\2026.1.210.462\Telerik.WinControls.Themes.FluentDark.dll
        ProductCode: RCWF, LicenseDate: 2026-02-10, ProductName: Telerik UI for WinForms, ProductVersion: 2026.1.210.462, Flags: None
      - \\FEAP1313L\Users\edward.barreras\source\repos\LIVE\MIA SRC\lib\RCWF\2026.1.210.462\Telerik.WinControls.Themes.HighContrastBlack.dll
        ProductCode: RCWF, LicenseDate: 2026-02-10, ProductName: Telerik UI for WinForms, ProductVersion: 2026.1.210.462, Flags: None
      - \\FEAP1313L\Users\edward.barreras\source\repos\LIVE\MIA SRC\lib\RCWF\2026.1.210.462\Telerik.WinControls.Themes.Material.dll
        ProductCode: RCWF, LicenseDate: 2026-02-10, ProductName: Telerik UI for WinForms, ProductVersion: 2026.1.210.462, Flags: None
      - \\FEAP1313L\Users\edward.barreras\source\repos\LIVE\MIA SRC\lib\RCWF\2026.1.210.462\Telerik.WinControls.Themes.MaterialBlueGrey.dll
        ProductCode: RCWF, LicenseDate: 2026-02-10, ProductName: Telerik UI for WinForms, ProductVersion: 2026.1.210.462, Flags: None
      - \\FEAP1313L\Users\edward.barreras\source\repos\LIVE\MIA SRC\lib\RCWF\2026.1.210.462\Telerik.WinControls.Themes.MaterialPink.dll
        ProductCode: RCWF, LicenseDate: 2026-02-10, ProductName: Telerik UI for WinForms, ProductVersion: 2026.1.210.462, Flags: None
      - \\FEAP1313L\Users\edward.barreras\source\repos\LIVE\MIA SRC\lib\RCWF\2026.1.210.462\Telerik.WinControls.Themes.MaterialTeal.dll
        ProductCode: RCWF, LicenseDate: 2026-02-10, ProductName: Telerik UI for WinForms, ProductVersion: 2026.1.210.462, Flags: None
      - \\FEAP1313L\Users\edward.barreras\source\repos\LIVE\MIA SRC\lib\RCWF\2026.1.210.462\Telerik.WinControls.Themes.Office2007Black.dll
        ProductCode: RCWF, LicenseDate: 2026-02-10, ProductName: Telerik UI for WinForms, ProductVersion: 2026.1.210.462, Flags: None
      - \\FEAP1313L\Users\edward.barreras\source\repos\LIVE\MIA SRC\lib\RCWF\2026.1.210.462\Telerik.WinControls.Themes.Office2010Black.dll
        ProductCode: RCWF, LicenseDate: 2026-02-10, ProductName: Telerik UI for WinForms, ProductVersion: 2026.1.210.462, Flags: None
      - \\FEAP1313L\Users\edward.barreras\source\repos\LIVE\MIA SRC\lib\RCWF\2026.1.210.462\Telerik.WinControls.Themes.Office2010Blue.dll
        ProductCode: RCWF, LicenseDate: 2026-02-10, ProductName: Telerik UI for WinForms, ProductVersion: 2026.1.210.462, Flags: None
      - \\FEAP1313L\Users\edward.barreras\source\repos\LIVE\MIA SRC\lib\RCWF\2026.1.210.462\Telerik.WinControls.Themes.Office2010Silver.dll
        ProductCode: RCWF, LicenseDate: 2026-02-10, ProductName: Telerik UI for WinForms, ProductVersion: 2026.1.210.462, Flags: None
      - \\FEAP1313L\Users\edward.barreras\source\repos\LIVE\MIA SRC\lib\RCWF\2026.1.210.462\Telerik.WinControls.Themes.Office2013Dark.dll
        ProductCode: RCWF, LicenseDate: 2026-02-10, ProductName: Telerik UI for WinForms, ProductVersion: 2026.1.210.462, Flags: None
      - \\FEAP1313L\Users\edward.barreras\source\repos\LIVE\MIA SRC\lib\RCWF\2026.1.210.462\Telerik.WinControls.Themes.Office2013Light.dll
        ProductCode: RCWF, LicenseDate: 2026-02-10, ProductName: Telerik UI for WinForms, ProductVersion: 2026.1.210.462, Flags: None
      - \\FEAP1313L\Users\edward.barreras\source\repos\LIVE\MIA SRC\lib\RCWF\2026.1.210.462\Telerik.WinControls.Themes.TelerikMetroBlue.dll
        ProductCode: RCWF, LicenseDate: 2026-02-10, ProductName: Telerik UI for WinForms, ProductVersion: 2026.1.210.462, Flags: None
      - \\FEAP1313L\Users\edward.barreras\source\repos\LIVE\MIA SRC\lib\RCWF\2026.1.210.462\Telerik.WinControls.Themes.VisualStudio2012Dark.dll
        ProductCode: RCWF, LicenseDate: 2026-02-10, ProductName: Telerik UI for WinForms, ProductVersion: 2026.1.210.462, Flags: None
      - \\FEAP1313L\Users\edward.barreras\source\repos\LIVE\MIA SRC\lib\RCWF\2026.1.210.462\Telerik.WinControls.Themes.VisualStudio2012Light.dll
        ProductCode: RCWF, LicenseDate: 2026-02-10, ProductName: Telerik UI for WinForms, ProductVersion: 2026.1.210.462, Flags: None
      - \\FEAP1313L\Users\edward.barreras\source\repos\LIVE\MIA SRC\lib\RCWF\2026.1.210.462\Telerik.WinControls.Themes.Windows7.dll
        ProductCode: RCWF, LicenseDate: 2026-02-10, ProductName: Telerik UI for WinForms, ProductVersion: 2026.1.210.462, Flags: None
      - \\FEAP1313L\Users\edward.barreras\source\repos\LIVE\MIA SRC\lib\RCWF\2026.1.210.462\Telerik.WinControls.Themes.Windows8.dll
        ProductCode: RCWF, LicenseDate: 2026-02-10, ProductName: Telerik UI for WinForms, ProductVersion: 2026.1.210.462, Flags: None
      - \\FEAP1313L\Users\edward.barreras\source\repos\LIVE\MIA SRC\lib\RCWF\2026.1.210.462\Telerik.WinControls.UI.dll
        ProductCode: RCWF, LicenseDate: 2026-02-10, ProductName: Telerik UI for WinForms, ProductVersion: 2026.1.210.462, Flags: None
      - \\FEAP1313L\Users\edward.barreras\source\repos\LIVE\MIA SRC\lib\RCWF\2026.1.210.462\Telerik.Windows.Documents.Core.dll
        ProductCode: DPL, LicenseDate: 2026-02-10, Redistributed By: RCWPF, RCWF, MAUI, UIXAM, WINUI, RCAJAX, KENDOUIMVC, UIASPCORE, BLAZOR, ProductName: Telerik Document Processing Libraries, ProductVersion: 2026.1.210.462, Flags: None
      - \\FEAP1313L\Users\edward.barreras\source\repos\LIVE\MIA SRC\lib\RCWF\2026.1.210.462\Telerik.Windows.Documents.Fixed.dll
        ProductCode: DPL, LicenseDate: 2026-02-10, Redistributed By: RCWPF, RCWF, MAUI, UIXAM, WINUI, RCAJAX, KENDOUIMVC, UIASPCORE, BLAZOR, ProductName: Telerik Document Processing Libraries, ProductVersion: 2026.1.210.462, Flags: None
      - \\FEAP1313L\Users\edward.barreras\source\repos\LIVE\MIA SRC\lib\RCWF\2026.1.210.462\Telerik.Windows.Documents.Spreadsheet.dll
        ProductCode: DPL, LicenseDate: 2026-02-10, Redistributed By: RCWPF, RCWF, MAUI, UIXAM, WINUI, RCAJAX, KENDOUIMVC, UIASPCORE, BLAZOR, ProductName: Telerik Document Processing Libraries, ProductVersion: 2026.1.210.462, Flags: None
      - \\FEAP1313L\Users\edward.barreras\source\repos\LIVE\MIA SRC\lib\RCWF\2026.1.210.462\Telerik.Windows.Documents.Spreadsheet.FormatProviders.Pdf.dll
        ProductCode: DPL, LicenseDate: 2026-02-10, Redistributed By: RCWPF, RCWF, MAUI, UIXAM, WINUI, RCAJAX, KENDOUIMVC, UIASPCORE, BLAZOR, ProductName: Telerik Document Processing Libraries, ProductVersion: 2026.1.210.462, Flags: None
      - \\FEAP1313L\Users\edward.barreras\source\repos\LIVE\MIA SRC\lib\RCWF\2026.1.210.462\Telerik.Windows.Documents.Spreadsheet.FormatProviders.Xls.dll
        ProductCode: DPL, LicenseDate: 2026-02-10, Redistributed By: RCWPF, RCWF, MAUI, UIXAM, WINUI, RCAJAX, KENDOUIMVC, UIASPCORE, BLAZOR, ProductName: Telerik Document Processing Libraries, ProductVersion: 2026.1.210.462, Flags: None
      - \\FEAP1313L\Users\edward.barreras\source\repos\LIVE\MIA SRC\lib\RCWF\2026.1.210.462\Telerik.Windows.Zip.dll
        ProductCode: DPL, LicenseDate: 2026-02-10, Redistributed By: RCWPF, RCWF, MAUI, UIXAM, WINUI, RCAJAX, KENDOUIMVC, UIASPCORE, BLAZOR, ProductName: Telerik Document Processing Libraries, ProductVersion: 2026.1.210.462, Flags: None
      - \\FEAP1313L\Users\edward.barreras\source\repos\LIVE\MIA SRC\lib\RCWF\2026.1.210.462\TelerikCommon.dll
        ProductCode: RCWF, LicenseDate: 2026-02-10, ProductName: Telerik UI for WinForms, ProductVersion: 2026.1.210.462, Flags: None
      - \\FEAP1313L\Users\edward.barreras\source\repos\LIVE\MIA SRC\lib\RCWF\2026.1.210.462\TelerikExport.dll
        ProductCode: RCWF, LicenseDate: 2026-02-10, ProductName: Telerik UI for WinForms, ProductVersion: 2026.1.210.462, Flags: None
      Unique Products:
      - "Telerik Document Processing Libraries" (DPL) 2026.1.210.462 @2026-02-10
      - "Telerik UI for WinForms" (RCWF) 2026.1.210.462 @2026-02-10
      - "Telerik Reporting" (REPORTING) 19.1.25.521 @2025-05-21
      Found a total of 3 referenced Telerik products for 

[2026-03-23 15:51:58.154] [Low]   Provision Licensing
        Looking up license file...
        - EnvironmentVariablePath: TELERIK_LICENSE_PATH (NotAvailable)
        - EnvironmentVariable: TELERIK_LICENSE (NotAvailable)
        - EnvironmentVariable: KENDO_UI_LICENSE (NotAvailable)
        - RecursiveFilePath: \\FEAP1313L\Users\edward.barreras\source\repos\LIVE\MIA SRC\ERP\telerik-license.txt (NotAvailable)
        - RecursiveFilePath: \\FEAP1313L\Users\edward.barreras\source\repos\LIVE\MIA SRC\ERP\kendo-ui-license.txt (NotAvailable)
        - RecursiveFilePath: \\FEAP1313L\Users\edward.barreras\source\repos\LIVE\MIA SRC\telerik-license.txt (LicenseFound)
        - RecursiveFilePath: \\FEAP1313L\Users\edward.barreras\source\repos\LIVE\MIA SRC\kendo-ui-license.txt (Skip)
        - RecursiveFilePath: \\FEAP1313L\Users\edward.barreras\source\repos\LIVE\telerik-license.txt (Skip)
        - RecursiveFilePath: \\FEAP1313L\Users\edward.barreras\source\repos\LIVE\kendo-ui-license.txt (Skip)
        - RecursiveFilePath: \\FEAP1313L\Users\edward.barreras\source\repos\telerik-license.txt (Skip)
        - RecursiveFilePath: \\FEAP1313L\Users\edward.barreras\source\repos\kendo-ui-license.txt (Skip)
        - RecursiveFilePath: \\FEAP1313L\Users\edward.barreras\source\telerik-license.txt (Skip)
        - RecursiveFilePath: \\FEAP1313L\Users\edward.barreras\source\kendo-ui-license.txt (Skip)
        - RecursiveFilePath: \\FEAP1313L\Users\edward.barreras\telerik-license.txt (Skip)
        - RecursiveFilePath: \\FEAP1313L\Users\edward.barreras\kendo-ui-license.txt (Skip)
        - RecursiveFilePath: \\FEAP1313L\Users\telerik-license.txt (Skip)
        - RecursiveFilePath: \\FEAP1313L\Users\kendo-ui-license.txt (Skip)
        - UserDirectory: C:\Users\edward.barreras\AppData\Roaming\Telerik\telerik-license.txt (Skip)
        - UserDirectory: C:\Users\edward.barreras\AppData\Roaming\Telerik\kendo-ui-license.txt (Skip)
        LicenseKey
        - AUD: f***.m**@f***************.com
        - UsedId: ab69b8b5-c84c-45ed-8228-81dac868c759
        - LicenseId: e7eaafda-87c7-42d6-9ce6-49a541b8c4ed
        - IssuedAt: 1/20/2026 6:35:06 AM
        - Licenses
          0) Perpetual BLAZOR, expiration 9/25/2027 12:49:33 PM, type: 'perpetual'
          1) Perpetual JM, expiration 9/25/2027 12:49:33 PM, type: 'perpetual'
          2) Perpetual KENDOUIANGULAR, expiration 9/25/2027 12:49:33 PM, type: 'perpetual'
          3) Perpetual KENDOUICOMPLETE, expiration 9/25/2027 12:49:33 PM, type: 'perpetual'
          4) Perpetual KENDOUIMVC, expiration 9/25/2027 12:49:33 PM, type: 'perpetual'
          5) Perpetual KENDOUIREACT, expiration 9/25/2027 12:49:33 PM, type: 'perpetual'
          6) Perpetual KENDOUIVUE, expiration 9/25/2027 12:49:33 PM, type: 'perpetual'
          7) Perpetual MAUI, expiration 9/25/2027 12:49:33 PM, type: 'perpetual'
          8) Perpetual RCAJAX, expiration 9/25/2027 12:49:33 PM, type: 'perpetual'
          9) Perpetual RCWF, expiration 9/25/2027 12:49:33 PM, type: 'perpetual'
          10) Perpetual RCWPF, expiration 9/25/2027 12:49:33 PM, type: 'perpetual'
          11) Perpetual REPORTING, expiration 9/25/2027 12:49:33 PM, type: 'perpetual'
          12) Perpetual REPORTSERVER, expiration 9/25/2027 12:49:33 PM, type: 'perpetual'
          13) Perpetual UIASPCORE, expiration 9/25/2027 12:49:33 PM, type: 'perpetual'
          14) Perpetual UIXAM, expiration 2/19/2025 6:00:00 AM, type: 'perpetual'
          15) Perpetual WINUI, expiration 9/25/2027 12:49:33 PM, type: 'perpetual'
          16) Usage UserId: ab69b8b5-c84c-45ed-8228-81dac868c759, LicenseId: e7eaafda-87c7-42d6-9ce6-49a541b8c4ed, type: 'usage'

[2026-03-23 15:51:58.164] [Low]   License Resolution
        Messages
          - License OK for "Telerik UI for WinForms" (RCWF) 2026.1.210.462 @2026-02-10 - Perpetual, valid until 2027-09-25.
          - License OK for "Telerik Reporting" (REPORTING) 19.1.25.521 @2025-05-21 - Perpetual, valid until 2027-09-25.
          - License OK for "Telerik Document Processing Libraries" (DPL) 2026.1.210.462 @2026-02-10 - Perpetual for RCWF, valid until 2027-09-25.
        JWTs
          - eyJhbGciOiJSUzI1NiIsInR5cCI6IlRlbGVyaWsgTGljZW5zZSBFdmlkZW5jZSJ9.eyJjb2RlIjoiUkNXRiIsInR5cGUiOiJwZXJwZXR1YWwiLCJleHBpcmF0aW9uIjoxODIxODc2NTczLCJ1c2VySWQiOiJhYjY5YjhiNS1jODRjLTQ1ZWQtODIyOC04MWRhYzg2OGM3NTkiLCJsaWNlbnNlSWQiOiJlN2VhYWZkYS04N2M3LTQyZDYtOWNlNi00OWE1NDFiOGM0ZWQifQ.H8sxX5O2T3i22Uhy0PFV3YDo-lS1iHVocWX9Eu-82PheI3XbKMkEr7QiChWfuNwS9afgR7PMGy4_nx9HXRV5V9cRQ1zWvIkJsG2EbadPtKlygaAkCh-FXSRVflm3WITNHIAYfazZa26sHSnqBW_XRbH3o0GQkqVYkLlxLuLuKa4M7LlA1KtQZcVFhOH2oaXQoxfrkUMQxNFCz0JdI76T1YJNrAwxpXri8KUzfoDwKhY-IhN-bU25hJs19yGvWykTuZqrZ3lv603aQkaCaPnlF_tHROsmC7nbV4aaxaSHRF1PVD5lqsAhkA5OdGmqH8Kq9F5mhRXVVwYWf3WBcxZKkg
          - eyJhbGciOiJSUzI1NiIsInR5cCI6IlRlbGVyaWsgTGljZW5zZSBFdmlkZW5jZSJ9.eyJjb2RlIjoiUkVQT1JUSU5HIiwidHlwZSI6InBlcnBldHVhbCIsImV4cGlyYXRpb24iOjE4MjE4NzY1NzMsInVzZXJJZCI6ImFiNjliOGI1LWM4NGMtNDVlZC04MjI4LTgxZGFjODY4Yzc1OSIsImxpY2Vuc2VJZCI6ImU3ZWFhZmRhLTg3YzctNDJkNi05Y2U2LTQ5YTU0MWI4YzRlZCJ9.vMdezVVvhtRG-iThgXrXFDyr8L394y38spuHWK9Cyc_b9XZ2iHzEwyT9dLgOqBfvEQM3-GKFcOW6O4-_SSwoIjNhm9paVKSVEmeonMfEOgZjOXuqYFCrXmegYUefJNkHmL6P9cB0CPtA_PThVXqg_RGtCMGEoTW_ISG2ymjLnKXwuGf3uQoTxYWCmdBVMAeZHBlzpUh7aJ78fWmWbIvGf_jrykaFhCaWML2yJHyAjHIH1uzf088pGqdOeDvhBQsIva3Hg0KPLptC4ZqxkkVyYHFvvqFgwwkv8O3ex6Df238honjg-11aXIid1Ad6SSsrqEuKqHBUF__HbdhN0AvfLg
        Licenses
          - License OK for "Telerik UI for WinForms" (RCWF) 2026.1.210.462 @2026-02-10 - Perpetual, valid until 2027-09-25.
          - License OK for "Telerik Reporting" (REPORTING) 19.1.25.521 @2025-05-21 - Perpetual, valid until 2027-09-25.
          - License OK for "Telerik Document Processing Libraries" (DPL) 2026.1.210.462 @2026-02-10 - Perpetual for RCWF, valid until 2027-09-25.

[2026-03-23 15:51:58.167] [Low] OutputType: WinExe, ImportXamlTargets: True
[2026-03-23 15:51:58.180] [Low] 
      Call-Home Telerik Products (3 for )
      - "Telerik UI for WinForms" (RCWF) 2026.1.210
      - "DPL" (DPL) 2026.1.210
      - "Telerik Reporting" (REPORTING) 19.1.25

[2026-03-23 15:51:58.180] [Low] 
[2026-03-23 15:51:58.182] [Low] 
      Call-Home Telerik Features (0 for )

[2026-03-23 15:51:58.182] [Low] 
[2026-03-23 15:51:58.222] [Low]   Report Telerik.Licensing
        UserId: ab69b8b5-c84c-45ed-8228-81dac868c759
        LicenseId: e7eaafda-87c7-42d6-9ce6-49a541b8c4ed
        Products
        - LicenseUsed RCWF 2026.1.210.462 SKIPPED
        - LicenseUsed REPORTING 19.1.25.521 SKIPPED
        - LicenseUsed DPL 2026.1.210.462 SKIPPED
      Report finished in 00:00:00.0354001

[2026-03-23 15:51:58.224] [Low]   Sending Telemetry...
[2026-03-23 15:51:58.252] [Low]   Metrics done 00:00:00.0275328
[2026-03-23 15:51:58.254] [Normal] Resolve Telerik Products. Done (00:00:00.4745849) for 
[2026-03-23 15:53:35.591] [Normal] Resolve Telerik Products.
  MSBuildProjectName=2
  MSBuildProjectDirectory=\\FEAP1313L\Users\edward.barreras\source\repos\LIVE\MIA SRC\ERP
  MSBuildProjectExtension=.vbproj
  Language=VB
  OutputPath=bin\Debug\
  Platform=AnyCPU
  TargetFramework=
  TargetFrameworks=
  TargetFrameworkVersion=v4.8
  VisualStudioVersion=17.0
  UsingMicrosoftNETSdk=
  UsingMicrosoftNETSdkRazor=
  UsingMicrosoftNETSdkWeb=
  ImportXamlTargets=True
  OutputType=WinExe
  UseMaui=
  NuGetPackageRoot=

  PackageReferences
  ReferencePaths
  - BouncyCastle.Crypto.dll 1.8.3 at \\FEAP1313L\Users\edward.barreras\source\repos\LIVE\MIA SRC\packages\BouncyCastle.1.8.3.1\lib\BouncyCastle.Crypto.dll
  - BouncyCastle.Cryptography.dll 2.5.1 at \\FEAP1313L\Users\edward.barreras\source\repos\LIVE\MIA SRC\packages\BouncyCastle.Cryptography.2.5.1\lib\net461\BouncyCastle.Cryptography.dll
  - ClosedXML.dll 0.96.0 at \\FEAP1313L\Users\edward.barreras\source\repos\LIVE\MIA SRC\packages\ClosedXML.0.96.0\lib\net40\ClosedXML.dll
  - DocumentFormat.OpenXml.dll 2.16.0 at \\FEAP1313L\Users\edward.barreras\source\repos\LIVE\MIA SRC\packages\DocumentFormat.OpenXml.2.16.0\lib\net40\DocumentFormat.OpenXml.dll
  - ExcelNumberFormat.dll 1.1.0 at \\FEAP1313L\Users\edward.barreras\source\repos\LIVE\MIA SRC\packages\ExcelNumberFormat.1.1.0\lib\net20\ExcelNumberFormat.dll
  - FEAPNS.dll 1.0.0 at \\FEAP1313L\Users\edward.barreras\source\repos\LIVE\MIA SRC\ERP\bin\Debug\FEAPNS.dll
  - Gma.QrCodeNet.Encoding.dll 0.4.1 at \\FEAP1313L\Users\edward.barreras\source\repos\LIVE\MIA SRC\packages\Gma.QrCodeNet.0.4.1.2\lib\net40\Gma.QrCodeNet.Encoding.dll
  - Google.Protobuf.dll 3.30.0 at \\FEAP1313L\Users\edward.barreras\source\repos\LIVE\MIA SRC\packages\Google.Protobuf.3.30.0\lib\net45\Google.Protobuf.dll
  - K4os.Compression.LZ4.dll 1.3.8 at \\FEAP1313L\Users\edward.barreras\source\repos\LIVE\MIA SRC\packages\K4os.Compression.LZ4.1.3.8\lib\net462\K4os.Compression.LZ4.dll
  - K4os.Compression.LZ4.Streams.dll 1.3.8 at \\FEAP1313L\Users\edward.barreras\source\repos\LIVE\MIA SRC\packages\K4os.Compression.LZ4.Streams.1.3.8\lib\net462\K4os.Compression.LZ4.Streams.dll
  - K4os.Hash.xxHash.dll 1.0.8 at \\FEAP1313L\Users\edward.barreras\source\repos\LIVE\MIA SRC\packages\K4os.Hash.xxHash.1.0.8\lib\net462\K4os.Hash.xxHash.dll
  - MIA-Linq.dll 1.0.0 at \\FEAP1313L\Users\edward.barreras\source\repos\LIVE\MIA SRC\ERP\bin\Debug\MIA-Linq.dll
  - MIA-Report.dll 1.0.0 at \\FEAP1313L\Users\edward.barreras\source\repos\LIVE\MIA SRC\ERP\bin\Debug\MIA-Report.dll
  - Microsoft.Bcl.AsyncInterfaces.dll 5.0.0 at \\FEAP1313L\Users\edward.barreras\source\repos\LIVE\MIA SRC\packages\Microsoft.Bcl.AsyncInterfaces.5.0.0\lib\net461\Microsoft.Bcl.AsyncInterfaces.dll
  - Microsoft.CSharp.dll 4.8.3761 at C:\Program Files (x86)\Reference Assemblies\Microsoft\Framework\.NETFramework\v4.8\Microsoft.CSharp.dll
  - MySql.Data.dll 9.4.0 at \\FEAP1313L\Users\edward.barreras\source\repos\LIVE\MIA SRC\packages\MySql.Data.9.4.0\lib\net48\MySql.Data.dll
  - Newtonsoft.Json.dll 13.0.3 at \\FEAP1313L\Users\edward.barreras\source\repos\LIVE\MIA SRC\packages\Newtonsoft.Json.13.0.3\lib\net45\Newtonsoft.Json.dll
  - SRCDailyReportv2.dll 1.0.0 at \\FEAP1313L\Users\edward.barreras\source\repos\LIVE\MIA SRC\ERP\bin\Debug\SRCDailyReportv2.dll
  - System.Buffers.dll 4.6.28619 at \\FEAP1313L\Users\edward.barreras\source\repos\LIVE\MIA SRC\packages\System.Buffers.4.5.1\lib\net461\System.Buffers.dll
  - System.ComponentModel.DataAnnotations.dll 4.8.3761 at C:\Program Files (x86)\Reference Assemblies\Microsoft\Framework\.NETFramework\v4.8\System.ComponentModel.DataAnnotations.dll
  - System.ComponentModel.dll 4.8.3761 at C:\Program Files (x86)\Reference Assemblies\Microsoft\Framework\.NETFramework\v4.8\Facades\System.ComponentModel.dll
  - System.Configuration.ConfigurationManager.dll 8.0.0 at \\FEAP1313L\Users\edward.barreras\source\repos\LIVE\MIA SRC\packages\System.Configuration.ConfigurationManager.8.0.0\lib\net462\System.Configuration.ConfigurationManager.dll
  - System.Configuration.dll 4.8.3761 at C:\Program Files (x86)\Reference Assemblies\Microsoft\Framework\.NETFramework\v4.8\System.Configuration.dll
  - System.Configuration.Install.dll 4.8.3761 at C:\Program Files (x86)\Reference Assemblies\Microsoft\Framework\.NETFramework\v4.8\System.Configuration.Install.dll
  - System.Core.dll 4.8.3761 at C:\Program Files (x86)\Reference Assemblies\Microsoft\Framework\.NETFramework\v4.8\System.Core.dll
  - System.Data.DataSetExtensions.dll 4.8.3761 at C:\Program Files (x86)\Reference Assemblies\Microsoft\Framework\.NETFramework\v4.8\System.Data.DataSetExtensions.dll
  - System.Data.dll 4.8.3761 at C:\Program Files (x86)\Reference Assemblies\Microsoft\Framework\.NETFramework\v4.8\System.Data.dll
  - System.Data.OleDb.dll 9.0.2 at \\FEAP1313L\Users\edward.barreras\source\repos\LIVE\MIA SRC\packages\System.Data.OleDb.9.0.2\lib\net462\System.Data.OleDb.dll
  - System.Deployment.dll 4.8.3761 at C:\Program Files (x86)\Reference Assemblies\Microsoft\Framework\.NETFramework\v4.8\System.Deployment.dll
  - System.Diagnostics.DiagnosticSource.dll 8.0.4 at \\FEAP1313L\Users\edward.barreras\source\repos\LIVE\MIA SRC\packages\System.Diagnostics.DiagnosticSource.8.0.1\lib\net462\System.Diagnostics.DiagnosticSource.dll
  - System.dll 4.8.3761 at C:\Program Files (x86)\Reference Assemblies\Microsoft\Framework\.NETFramework\v4.8\System.dll
  - System.Drawing.Design.dll 4.8.3761 at C:\Program Files (x86)\Reference Assemblies\Microsoft\Framework\.NETFramework\v4.8\System.Drawing.Design.dll
  - System.Drawing.dll 4.8.3761 at C:\Program Files (x86)\Reference Assemblies\Microsoft\Framework\.NETFramework\v4.8\System.Drawing.dll
  - System.IO.Pipelines.dll 5.0.15 at \\FEAP1313L\Users\edward.barreras\source\repos\LIVE\MIA SRC\packages\System.IO.Pipelines.5.0.2\lib\net461\System.IO.Pipelines.dll
  - System.Management.dll 4.8.3761 at C:\Program Files (x86)\Reference Assemblies\Microsoft\Framework\.NETFramework\v4.8\System.Management.dll
  - System.Memory.dll 4.6.31308 at \\FEAP1313L\Users\edward.barreras\source\repos\LIVE\MIA SRC\packages\System.Memory.4.5.5\lib\net461\System.Memory.dll
  - System.Messaging.dll 4.8.3761 at C:\Program Files (x86)\Reference Assemblies\Microsoft\Framework\.NETFramework\v4.8\System.Messaging.dll
  - System.Net.Http.Formatting.dll 5.2.7 at C:\Program Files\Microsoft Visual Studio\2022\Community\Common7\IDE\PublicAssemblies\System.Net.Http.Formatting.dll
  - System.Numerics.dll 4.8.3761 at C:\Program Files (x86)\Reference Assemblies\Microsoft\Framework\.NETFramework\v4.8\System.Numerics.dll
  - System.Numerics.Vectors.dll 4.6.26515 at \\FEAP1313L\Users\edward.barreras\source\repos\LIVE\MIA SRC\packages\System.Numerics.Vectors.4.5.0\lib\net46\System.Numerics.Vectors.dll
  - System.Runtime.CompilerServices.Unsafe.dll 6.1.0 at \\FEAP1313L\Users\edward.barreras\source\repos\LIVE\MIA SRC\packages\System.Runtime.CompilerServices.Unsafe.6.1.0\lib\net462\System.Runtime.CompilerServices.Unsafe.dll
  - System.Threading.Tasks.Extensions.dll 4.6.0 at \\FEAP1313L\Users\edward.barreras\source\repos\LIVE\MIA SRC\packages\System.Threading.Tasks.Extensions.4.6.0\lib\net462\System.Threading.Tasks.Extensions.dll
  - System.Transactions.dll 4.8.3761 at C:\Program Files (x86)\Reference Assemblies\Microsoft\Framework\.NETFramework\v4.8\System.Transactions.dll
  - System.Web.Extensions.dll 4.8.3761 at C:\Program Files (x86)\Reference Assemblies\Microsoft\Framework\.NETFramework\v4.8\System.Web.Extensions.dll
  - System.Windows.Forms.dll 4.8.3761 at C:\Program Files (x86)\Reference Assemblies\Microsoft\Framework\.NETFramework\v4.8\System.Windows.Forms.dll
  - System.Xml.dll 4.8.3761 at C:\Program Files (x86)\Reference Assemblies\Microsoft\Framework\.NETFramework\v4.8\System.Xml.dll
  - System.Xml.Linq.dll 4.8.3761 at C:\Program Files (x86)\Reference Assemblies\Microsoft\Framework\.NETFramework\v4.8\System.Xml.Linq.dll
  - Telerik.Documents.SpreadsheetStreaming.dll 2026.1.210 at \\FEAP1313L\Users\edward.barreras\source\repos\LIVE\MIA SRC\lib\RCWF\2026.1.210.462\Telerik.Documents.SpreadsheetStreaming.dll
  - Telerik.Licensing.Runtime.dll 1.8.2 at \\FEAP1313L\Users\edward.barreras\source\repos\LIVE\MIA SRC\packages\Telerik.Licensing.1.8.2\lib\net462\Telerik.Licensing.Runtime.dll
  - Telerik.Reporting.dll 19.1.25 at \\FEAP1313L\Users\edward.barreras\source\repos\LIVE\MIA SRC\ERP\bin\Debug\Telerik.Reporting.dll
  - Telerik.Reporting.Services.HttpClient.dll 19.1.25 at \\FEAP1313L\Users\edward.barreras\source\repos\LIVE\MIA SRC\ERP\bin\Debug\Telerik.Reporting.Services.HttpClient.dll
  - Telerik.Reporting.Services.ServiceStack.dll 19.1.25 at \\FEAP1313L\Users\edward.barreras\source\repos\LIVE\MIA SRC\ERP\bin\Debug\Telerik.Reporting.Services.ServiceStack.dll
  - Telerik.ReportViewer.WinForms.dll 19.1.25 at \\FEAP1313L\Users\edward.barreras\source\repos\LIVE\MIA SRC\ERP\bin\Debug\Telerik.ReportViewer.WinForms.dll
  - Telerik.ReportViewer.Wpf.dll 19.1.25 at \\FEAP1313L\Users\edward.barreras\source\repos\LIVE\MIA SRC\ERP\bin\Debug\Telerik.ReportViewer.Wpf.dll
  - Telerik.WinControls.dll 2026.1.210 at \\FEAP1313L\Users\edward.barreras\source\repos\LIVE\MIA SRC\lib\RCWF\2026.1.210.462\Telerik.WinControls.dll
  - Telerik.WinControls.GridView.dll 2026.1.210 at \\FEAP1313L\Users\edward.barreras\source\repos\LIVE\MIA SRC\lib\RCWF\2026.1.210.462\Telerik.WinControls.GridView.dll
  - Telerik.WinControls.RadDock.dll 2026.1.210 at \\FEAP1313L\Users\edward.barreras\source\repos\LIVE\MIA SRC\lib\RCWF\2026.1.210.462\Telerik.WinControls.RadDock.dll
  - Telerik.WinControls.Themes.Aqua.dll 2026.1.210 at \\FEAP1313L\Users\edward.barreras\source\repos\LIVE\MIA SRC\lib\RCWF\2026.1.210.462\Telerik.WinControls.Themes.Aqua.dll
  - Telerik.WinControls.Themes.Breeze.dll 2026.1.210 at \\FEAP1313L\Users\edward.barreras\source\repos\LIVE\MIA SRC\lib\RCWF\2026.1.210.462\Telerik.WinControls.Themes.Breeze.dll
  - Telerik.WinControls.Themes.Crystal.dll 2026.1.210 at \\FEAP1313L\Users\edward.barreras\source\repos\LIVE\MIA SRC\lib\RCWF\2026.1.210.462\Telerik.WinControls.Themes.Crystal.dll
  - Telerik.WinControls.Themes.CrystalDark.dll 2026.1.210 at \\FEAP1313L\Users\edward.barreras\source\repos\LIVE\MIA SRC\lib\RCWF\2026.1.210.462\Telerik.WinControls.Themes.CrystalDark.dll
  - Telerik.WinControls.Themes.Desert.dll 2026.1.210 at \\FEAP1313L\Users\edward.barreras\source\repos\LIVE\MIA SRC\lib\RCWF\2026.1.210.462\Telerik.WinControls.Themes.Desert.dll
  - Telerik.WinControls.Themes.Fluent.dll 2026.1.210 at \\FEAP1313L\Users\edward.barreras\source\repos\LIVE\MIA SRC\lib\RCWF\2026.1.210.462\Telerik.WinControls.Themes.Fluent.dll
  - Telerik.WinControls.Themes.FluentDark.dll 2026.1.210 at \\FEAP1313L\Users\edward.barreras\source\repos\LIVE\MIA SRC\lib\RCWF\2026.1.210.462\Telerik.WinControls.Themes.FluentDark.dll
  - Telerik.WinControls.Themes.HighContrastBlack.dll 2026.1.210 at \\FEAP1313L\Users\edward.barreras\source\repos\LIVE\MIA SRC\lib\RCWF\2026.1.210.462\Telerik.WinControls.Themes.HighContrastBlack.dll
  - Telerik.WinControls.Themes.Material.dll 2026.1.210 at \\FEAP1313L\Users\edward.barreras\source\repos\LIVE\MIA SRC\lib\RCWF\2026.1.210.462\Telerik.WinControls.Themes.Material.dll
  - Telerik.WinControls.Themes.MaterialBlueGrey.dll 2026.1.210 at \\FEAP1313L\Users\edward.barreras\source\repos\LIVE\MIA SRC\lib\RCWF\2026.1.210.462\Telerik.WinControls.Themes.MaterialBlueGrey.dll
  - Telerik.WinControls.Themes.MaterialPink.dll 2026.1.210 at \\FEAP1313L\Users\edward.barreras\source\repos\LIVE\MIA SRC\lib\RCWF\2026.1.210.462\Telerik.WinControls.Themes.MaterialPink.dll
  - Telerik.WinControls.Themes.MaterialTeal.dll 2026.1.210 at \\FEAP1313L\Users\edward.barreras\source\repos\LIVE\MIA SRC\lib\RCWF\2026.1.210.462\Telerik.WinControls.Themes.MaterialTeal.dll
  - Telerik.WinControls.Themes.Office2007Black.dll 2026.1.210 at \\FEAP1313L\Users\edward.barreras\source\repos\LIVE\MIA SRC\lib\RCWF\2026.1.210.462\Telerik.WinControls.Themes.Office2007Black.dll
  - Telerik.WinControls.Themes.Office2010Black.dll 2026.1.210 at \\FEAP1313L\Users\edward.barreras\source\repos\LIVE\MIA SRC\lib\RCWF\2026.1.210.462\Telerik.WinControls.Themes.Office2010Black.dll
  - Telerik.WinControls.Themes.Office2010Blue.dll 2026.1.210 at \\FEAP1313L\Users\edward.barreras\source\repos\LIVE\MIA SRC\lib\RCWF\2026.1.210.462\Telerik.WinControls.Themes.Office2010Blue.dll
  - Telerik.WinControls.Themes.Office2010Silver.dll 2026.1.210 at \\FEAP1313L\Users\edward.barreras\source\repos\LIVE\MIA SRC\lib\RCWF\2026.1.210.462\Telerik.WinControls.Themes.Office2010Silver.dll
  - Telerik.WinControls.Themes.Office2013Dark.dll 2026.1.210 at \\FEAP1313L\Users\edward.barreras\source\repos\LIVE\MIA SRC\lib\RCWF\2026.1.210.462\Telerik.WinControls.Themes.Office2013Dark.dll
  - Telerik.WinControls.Themes.Office2013Light.dll 2026.1.210 at \\FEAP1313L\Users\edward.barreras\source\repos\LIVE\MIA SRC\lib\RCWF\2026.1.210.462\Telerik.WinControls.Themes.Office2013Light.dll
  - Telerik.WinControls.Themes.TelerikMetroBlue.dll 2026.1.210 at \\FEAP1313L\Users\edward.barreras\source\repos\LIVE\MIA SRC\lib\RCWF\2026.1.210.462\Telerik.WinControls.Themes.TelerikMetroBlue.dll
  - Telerik.WinControls.Themes.VisualStudio2012Dark.dll 2026.1.210 at \\FEAP1313L\Users\edward.barreras\source\repos\LIVE\MIA SRC\lib\RCWF\2026.1.210.462\Telerik.WinControls.Themes.VisualStudio2012Dark.dll
  - Telerik.WinControls.Themes.VisualStudio2012Light.dll 2026.1.210 at \\FEAP1313L\Users\edward.barreras\source\repos\LIVE\MIA SRC\lib\RCWF\2026.1.210.462\Telerik.WinControls.Themes.VisualStudio2012Light.dll
  - Telerik.WinControls.Themes.Windows7.dll 2026.1.210 at \\FEAP1313L\Users\edward.barreras\source\repos\LIVE\MIA SRC\lib\RCWF\2026.1.210.462\Telerik.WinControls.Themes.Windows7.dll
  - Telerik.WinControls.Themes.Windows8.dll 2026.1.210 at \\FEAP1313L\Users\edward.barreras\source\repos\LIVE\MIA SRC\lib\RCWF\2026.1.210.462\Telerik.WinControls.Themes.Windows8.dll
  - Telerik.WinControls.UI.dll 2026.1.210 at \\FEAP1313L\Users\edward.barreras\source\repos\LIVE\MIA SRC\lib\RCWF\2026.1.210.462\Telerik.WinControls.UI.dll
  - Telerik.Windows.Documents.Core.dll 2026.1.210 at \\FEAP1313L\Users\edward.barreras\source\repos\LIVE\MIA SRC\lib\RCWF\2026.1.210.462\Telerik.Windows.Documents.Core.dll
  - Telerik.Windows.Documents.Fixed.dll 2026.1.210 at \\FEAP1313L\Users\edward.barreras\source\repos\LIVE\MIA SRC\lib\RCWF\2026.1.210.462\Telerik.Windows.Documents.Fixed.dll
  - Telerik.Windows.Documents.Spreadsheet.dll 2026.1.210 at \\FEAP1313L\Users\edward.barreras\source\repos\LIVE\MIA SRC\lib\RCWF\2026.1.210.462\Telerik.Windows.Documents.Spreadsheet.dll
  - Telerik.Windows.Documents.Spreadsheet.FormatProviders.OpenXml.dll 2026.1.210 at \\FEAP1313L\Users\edward.barreras\source\repos\LIVE\MIA SRC\lib\RCWF\2026.1.210.462\Telerik.Windows.Documents.Spreadsheet.FormatProviders.OpenXml.dll
  - Telerik.Windows.Documents.Spreadsheet.FormatProviders.Pdf.dll 2026.1.210 at \\FEAP1313L\Users\edward.barreras\source\repos\LIVE\MIA SRC\lib\RCWF\2026.1.210.462\Telerik.Windows.Documents.Spreadsheet.FormatProviders.Pdf.dll
  - Telerik.Windows.Documents.Spreadsheet.FormatProviders.Xls.dll 2026.1.210 at \\FEAP1313L\Users\edward.barreras\source\repos\LIVE\MIA SRC\lib\RCWF\2026.1.210.462\Telerik.Windows.Documents.Spreadsheet.FormatProviders.Xls.dll
  - Telerik.Windows.Zip.dll 2026.1.210 at \\FEAP1313L\Users\edward.barreras\source\repos\LIVE\MIA SRC\lib\RCWF\2026.1.210.462\Telerik.Windows.Zip.dll
  - TelerikCommon.dll 2026.1.210 at \\FEAP1313L\Users\edward.barreras\source\repos\LIVE\MIA SRC\lib\RCWF\2026.1.210.462\TelerikCommon.dll
  - TelerikExport.dll 2026.1.210 at \\FEAP1313L\Users\edward.barreras\source\repos\LIVE\MIA SRC\lib\RCWF\2026.1.210.462\TelerikExport.dll
  - Ubiety.Dns.Core.dll 2.2.1 at \\FEAP1313L\Users\edward.barreras\source\repos\LIVE\MIA SRC\ERP\bin\Debug\Ubiety.Dns.Core.dll
  - WindowsBase.dll 4.8.3761 at C:\Program Files (x86)\Reference Assemblies\Microsoft\Framework\.NETFramework\v4.8\WindowsBase.dll
  - ZstdSharp.dll 0.8.5 at \\FEAP1313L\Users\edward.barreras\source\repos\LIVE\MIA SRC\packages\ZstdSharp.Port.0.8.5\lib\net462\ZstdSharp.dll
  MachineId=2xQjveFWQf4bUNzPt3x/SIfuym0=

[2026-03-23 15:53:35.697] [Low]   Looking for Telerik product metadata in referenced assemblies
      - \\FEAP1313L\Users\edward.barreras\source\repos\LIVE\MIA SRC\lib\RCWF\2026.1.210.462\Telerik.Documents.SpreadsheetStreaming.dll
        ProductCode: DPL, LicenseDate: 2026-02-10, Redistributed By: RCWPF, RCWF, MAUI, UIXAM, WINUI, RCAJAX, KENDOUIMVC, UIASPCORE, BLAZOR, ProductName: Telerik Document Processing Libraries, ProductVersion: 2026.1.210.462, Flags: None
      - \\FEAP1313L\Users\edward.barreras\source\repos\LIVE\MIA SRC\ERP\bin\Debug\Telerik.Reporting.dll
        ProductCode: REPORTING, LicenseDate: 2025-05-21, ProductName: Telerik Reporting, ProductVersion: 19.1.25.521, Flags: None
      - \\FEAP1313L\Users\edward.barreras\source\repos\LIVE\MIA SRC\lib\RCWF\2026.1.210.462\Telerik.WinControls.dll
        ProductCode: RCWF, LicenseDate: 2026-02-10, ProductName: Telerik UI for WinForms, ProductVersion: 2026.1.210.462, Flags: None
      - \\FEAP1313L\Users\edward.barreras\source\repos\LIVE\MIA SRC\lib\RCWF\2026.1.210.462\Telerik.WinControls.GridView.dll
        ProductCode: RCWF, LicenseDate: 2026-02-10, ProductName: Telerik UI for WinForms, ProductVersion: 2026.1.210.462, Flags: None
      - \\FEAP1313L\Users\edward.barreras\source\repos\LIVE\MIA SRC\lib\RCWF\2026.1.210.462\Telerik.WinControls.RadDock.dll
        ProductCode: RCWF, LicenseDate: 2026-02-10, ProductName: Telerik UI for WinForms, ProductVersion: 2026.1.210.462, Flags: None
      - \\FEAP1313L\Users\edward.barreras\source\repos\LIVE\MIA SRC\lib\RCWF\2026.1.210.462\Telerik.WinControls.Themes.Aqua.dll
        ProductCode: RCWF, LicenseDate: 2026-02-10, ProductName: Telerik UI for WinForms, ProductVersion: 2026.1.210.462, Flags: None
      - \\FEAP1313L\Users\edward.barreras\source\repos\LIVE\MIA SRC\lib\RCWF\2026.1.210.462\Telerik.WinControls.Themes.Breeze.dll
        ProductCode: RCWF, LicenseDate: 2026-02-10, ProductName: Telerik UI for WinForms, ProductVersion: 2026.1.210.462, Flags: None
      - \\FEAP1313L\Users\edward.barreras\source\repos\LIVE\MIA SRC\lib\RCWF\2026.1.210.462\Telerik.WinControls.Themes.Crystal.dll
        ProductCode: RCWF, LicenseDate: 2026-02-10, ProductName: Telerik UI for WinForms, ProductVersion: 2026.1.210.462, Flags: None
      - \\FEAP1313L\Users\edward.barreras\source\repos\LIVE\MIA SRC\lib\RCWF\2026.1.210.462\Telerik.WinControls.Themes.CrystalDark.dll
        ProductCode: RCWF, LicenseDate: 2026-02-10, ProductName: Telerik UI for WinForms, ProductVersion: 2026.1.210.462, Flags: None
      - \\FEAP1313L\Users\edward.barreras\source\repos\LIVE\MIA SRC\lib\RCWF\2026.1.210.462\Telerik.WinControls.Themes.Desert.dll
        ProductCode: RCWF, LicenseDate: 2026-02-10, ProductName: Telerik UI for WinForms, ProductVersion: 2026.1.210.462, Flags: None
      - \\FEAP1313L\Users\edward.barreras\source\repos\LIVE\MIA SRC\lib\RCWF\2026.1.210.462\Telerik.WinControls.Themes.Fluent.dll
        ProductCode: RCWF, LicenseDate: 2026-02-10, ProductName: Telerik UI for WinForms, ProductVersion: 2026.1.210.462, Flags: None
      - \\FEAP1313L\Users\edward.barreras\source\repos\LIVE\MIA SRC\lib\RCWF\2026.1.210.462\Telerik.WinControls.Themes.FluentDark.dll
        ProductCode: RCWF, LicenseDate: 2026-02-10, ProductName: Telerik UI for WinForms, ProductVersion: 2026.1.210.462, Flags: None
      - \\FEAP1313L\Users\edward.barreras\source\repos\LIVE\MIA SRC\lib\RCWF\2026.1.210.462\Telerik.WinControls.Themes.HighContrastBlack.dll
        ProductCode: RCWF, LicenseDate: 2026-02-10, ProductName: Telerik UI for WinForms, ProductVersion: 2026.1.210.462, Flags: None
      - \\FEAP1313L\Users\edward.barreras\source\repos\LIVE\MIA SRC\lib\RCWF\2026.1.210.462\Telerik.WinControls.Themes.Material.dll
        ProductCode: RCWF, LicenseDate: 2026-02-10, ProductName: Telerik UI for WinForms, ProductVersion: 2026.1.210.462, Flags: None
      - \\FEAP1313L\Users\edward.barreras\source\repos\LIVE\MIA SRC\lib\RCWF\2026.1.210.462\Telerik.WinControls.Themes.MaterialBlueGrey.dll
        ProductCode: RCWF, LicenseDate: 2026-02-10, ProductName: Telerik UI for WinForms, ProductVersion: 2026.1.210.462, Flags: None
      - \\FEAP1313L\Users\edward.barreras\source\repos\LIVE\MIA SRC\lib\RCWF\2026.1.210.462\Telerik.WinControls.Themes.MaterialPink.dll
        ProductCode: RCWF, LicenseDate: 2026-02-10, ProductName: Telerik UI for WinForms, ProductVersion: 2026.1.210.462, Flags: None
      - \\FEAP1313L\Users\edward.barreras\source\repos\LIVE\MIA SRC\lib\RCWF\2026.1.210.462\Telerik.WinControls.Themes.MaterialTeal.dll
        ProductCode: RCWF, LicenseDate: 2026-02-10, ProductName: Telerik UI for WinForms, ProductVersion: 2026.1.210.462, Flags: None
      - \\FEAP1313L\Users\edward.barreras\source\repos\LIVE\MIA SRC\lib\RCWF\2026.1.210.462\Telerik.WinControls.Themes.Office2007Black.dll
        ProductCode: RCWF, LicenseDate: 2026-02-10, ProductName: Telerik UI for WinForms, ProductVersion: 2026.1.210.462, Flags: None
      - \\FEAP1313L\Users\edward.barreras\source\repos\LIVE\MIA SRC\lib\RCWF\2026.1.210.462\Telerik.WinControls.Themes.Office2010Black.dll
        ProductCode: RCWF, LicenseDate: 2026-02-10, ProductName: Telerik UI for WinForms, ProductVersion: 2026.1.210.462, Flags: None
      - \\FEAP1313L\Users\edward.barreras\source\repos\LIVE\MIA SRC\lib\RCWF\2026.1.210.462\Telerik.WinControls.Themes.Office2010Blue.dll
        ProductCode: RCWF, LicenseDate: 2026-02-10, ProductName: Telerik UI for WinForms, ProductVersion: 2026.1.210.462, Flags: None
      - \\FEAP1313L\Users\edward.barreras\source\repos\LIVE\MIA SRC\lib\RCWF\2026.1.210.462\Telerik.WinControls.Themes.Office2010Silver.dll
        ProductCode: RCWF, LicenseDate: 2026-02-10, ProductName: Telerik UI for WinForms, ProductVersion: 2026.1.210.462, Flags: None
      - \\FEAP1313L\Users\edward.barreras\source\repos\LIVE\MIA SRC\lib\RCWF\2026.1.210.462\Telerik.WinControls.Themes.Office2013Dark.dll
        ProductCode: RCWF, LicenseDate: 2026-02-10, ProductName: Telerik UI for WinForms, ProductVersion: 2026.1.210.462, Flags: None
      - \\FEAP1313L\Users\edward.barreras\source\repos\LIVE\MIA SRC\lib\RCWF\2026.1.210.462\Telerik.WinControls.Themes.Office2013Light.dll
        ProductCode: RCWF, LicenseDate: 2026-02-10, ProductName: Telerik UI for WinForms, ProductVersion: 2026.1.210.462, Flags: None
      - \\FEAP1313L\Users\edward.barreras\source\repos\LIVE\MIA SRC\lib\RCWF\2026.1.210.462\Telerik.WinControls.Themes.TelerikMetroBlue.dll
        ProductCode: RCWF, LicenseDate: 2026-02-10, ProductName: Telerik UI for WinForms, ProductVersion: 2026.1.210.462, Flags: None
      - \\FEAP1313L\Users\edward.barreras\source\repos\LIVE\MIA SRC\lib\RCWF\2026.1.210.462\Telerik.WinControls.Themes.VisualStudio2012Dark.dll
        ProductCode: RCWF, LicenseDate: 2026-02-10, ProductName: Telerik UI for WinForms, ProductVersion: 2026.1.210.462, Flags: None
      - \\FEAP1313L\Users\edward.barreras\source\repos\LIVE\MIA SRC\lib\RCWF\2026.1.210.462\Telerik.WinControls.Themes.VisualStudio2012Light.dll
        ProductCode: RCWF, LicenseDate: 2026-02-10, ProductName: Telerik UI for WinForms, ProductVersion: 2026.1.210.462, Flags: None
      - \\FEAP1313L\Users\edward.barreras\source\repos\LIVE\MIA SRC\lib\RCWF\2026.1.210.462\Telerik.WinControls.Themes.Windows7.dll
        ProductCode: RCWF, LicenseDate: 2026-02-10, ProductName: Telerik UI for WinForms, ProductVersion: 2026.1.210.462, Flags: None
      - \\FEAP1313L\Users\edward.barreras\source\repos\LIVE\MIA SRC\lib\RCWF\2026.1.210.462\Telerik.WinControls.Themes.Windows8.dll
        ProductCode: RCWF, LicenseDate: 2026-02-10, ProductName: Telerik UI for WinForms, ProductVersion: 2026.1.210.462, Flags: None
      - \\FEAP1313L\Users\edward.barreras\source\repos\LIVE\MIA SRC\lib\RCWF\2026.1.210.462\Telerik.WinControls.UI.dll
        ProductCode: RCWF, LicenseDate: 2026-02-10, ProductName: Telerik UI for WinForms, ProductVersion: 2026.1.210.462, Flags: None
      - \\FEAP1313L\Users\edward.barreras\source\repos\LIVE\MIA SRC\lib\RCWF\2026.1.210.462\Telerik.Windows.Documents.Core.dll
        ProductCode: DPL, LicenseDate: 2026-02-10, Redistributed By: RCWPF, RCWF, MAUI, UIXAM, WINUI, RCAJAX, KENDOUIMVC, UIASPCORE, BLAZOR, ProductName: Telerik Document Processing Libraries, ProductVersion: 2026.1.210.462, Flags: None
      - \\FEAP1313L\Users\edward.barreras\source\repos\LIVE\MIA SRC\lib\RCWF\2026.1.210.462\Telerik.Windows.Documents.Fixed.dll
        ProductCode: DPL, LicenseDate: 2026-02-10, Redistributed By: RCWPF, RCWF, MAUI, UIXAM, WINUI, RCAJAX, KENDOUIMVC, UIASPCORE, BLAZOR, ProductName: Telerik Document Processing Libraries, ProductVersion: 2026.1.210.462, Flags: None
      - \\FEAP1313L\Users\edward.barreras\source\repos\LIVE\MIA SRC\lib\RCWF\2026.1.210.462\Telerik.Windows.Documents.Spreadsheet.dll
        ProductCode: DPL, LicenseDate: 2026-02-10, Redistributed By: RCWPF, RCWF, MAUI, UIXAM, WINUI, RCAJAX, KENDOUIMVC, UIASPCORE, BLAZOR, ProductName: Telerik Document Processing Libraries, ProductVersion: 2026.1.210.462, Flags: None
      - \\FEAP1313L\Users\edward.barreras\source\repos\LIVE\MIA SRC\lib\RCWF\2026.1.210.462\Telerik.Windows.Documents.Spreadsheet.FormatProviders.Pdf.dll
        ProductCode: DPL, LicenseDate: 2026-02-10, Redistributed By: RCWPF, RCWF, MAUI, UIXAM, WINUI, RCAJAX, KENDOUIMVC, UIASPCORE, BLAZOR, ProductName: Telerik Document Processing Libraries, ProductVersion: 2026.1.210.462, Flags: None
      - \\FEAP1313L\Users\edward.barreras\source\repos\LIVE\MIA SRC\lib\RCWF\2026.1.210.462\Telerik.Windows.Documents.Spreadsheet.FormatProviders.Xls.dll
        ProductCode: DPL, LicenseDate: 2026-02-10, Redistributed By: RCWPF, RCWF, MAUI, UIXAM, WINUI, RCAJAX, KENDOUIMVC, UIASPCORE, BLAZOR, ProductName: Telerik Document Processing Libraries, ProductVersion: 2026.1.210.462, Flags: None
      - \\FEAP1313L\Users\edward.barreras\source\repos\LIVE\MIA SRC\lib\RCWF\2026.1.210.462\Telerik.Windows.Zip.dll
        ProductCode: DPL, LicenseDate: 2026-02-10, Redistributed By: RCWPF, RCWF, MAUI, UIXAM, WINUI, RCAJAX, KENDOUIMVC, UIASPCORE, BLAZOR, ProductName: Telerik Document Processing Libraries, ProductVersion: 2026.1.210.462, Flags: None
      - \\FEAP1313L\Users\edward.barreras\source\repos\LIVE\MIA SRC\lib\RCWF\2026.1.210.462\TelerikCommon.dll
        ProductCode: RCWF, LicenseDate: 2026-02-10, ProductName: Telerik UI for WinForms, ProductVersion: 2026.1.210.462, Flags: None
      - \\FEAP1313L\Users\edward.barreras\source\repos\LIVE\MIA SRC\lib\RCWF\2026.1.210.462\TelerikExport.dll
        ProductCode: RCWF, LicenseDate: 2026-02-10, ProductName: Telerik UI for WinForms, ProductVersion: 2026.1.210.462, Flags: None
      Unique Products:
      - "Telerik Document Processing Libraries" (DPL) 2026.1.210.462 @2026-02-10
      - "Telerik UI for WinForms" (RCWF) 2026.1.210.462 @2026-02-10
      - "Telerik Reporting" (REPORTING) 19.1.25.521 @2025-05-21
      Found a total of 3 referenced Telerik products for 

[2026-03-23 15:53:35.731] [Low]   Provision Licensing
        Looking up license file...
        - EnvironmentVariablePath: TELERIK_LICENSE_PATH (NotAvailable)
        - EnvironmentVariable: TELERIK_LICENSE (NotAvailable)
        - EnvironmentVariable: KENDO_UI_LICENSE (NotAvailable)
        - RecursiveFilePath: \\FEAP1313L\Users\edward.barreras\source\repos\LIVE\MIA SRC\ERP\telerik-license.txt (NotAvailable)
        - RecursiveFilePath: \\FEAP1313L\Users\edward.barreras\source\repos\LIVE\MIA SRC\ERP\kendo-ui-license.txt (NotAvailable)
        - RecursiveFilePath: \\FEAP1313L\Users\edward.barreras\source\repos\LIVE\MIA SRC\telerik-license.txt (LicenseFound)
        - RecursiveFilePath: \\FEAP1313L\Users\edward.barreras\source\repos\LIVE\MIA SRC\kendo-ui-license.txt (Skip)
        - RecursiveFilePath: \\FEAP1313L\Users\edward.barreras\source\repos\LIVE\telerik-license.txt (Skip)
        - RecursiveFilePath: \\FEAP1313L\Users\edward.barreras\source\repos\LIVE\kendo-ui-license.txt (Skip)
        - RecursiveFilePath: \\FEAP1313L\Users\edward.barreras\source\repos\telerik-license.txt (Skip)
        - RecursiveFilePath: \\FEAP1313L\Users\edward.barreras\source\repos\kendo-ui-license.txt (Skip)
        - RecursiveFilePath: \\FEAP1313L\Users\edward.barreras\source\telerik-license.txt (Skip)
        - RecursiveFilePath: \\FEAP1313L\Users\edward.barreras\source\kendo-ui-license.txt (Skip)
        - RecursiveFilePath: \\FEAP1313L\Users\edward.barreras\telerik-license.txt (Skip)
        - RecursiveFilePath: \\FEAP1313L\Users\edward.barreras\kendo-ui-license.txt (Skip)
        - RecursiveFilePath: \\FEAP1313L\Users\telerik-license.txt (Skip)
        - RecursiveFilePath: \\FEAP1313L\Users\kendo-ui-license.txt (Skip)
        - UserDirectory: C:\Users\edward.barreras\AppData\Roaming\Telerik\telerik-license.txt (Skip)
        - UserDirectory: C:\Users\edward.barreras\AppData\Roaming\Telerik\kendo-ui-license.txt (Skip)
        LicenseKey
        - AUD: f***.m**@f***************.com
        - UsedId: ab69b8b5-c84c-45ed-8228-81dac868c759
        - LicenseId: e7eaafda-87c7-42d6-9ce6-49a541b8c4ed
        - IssuedAt: 1/20/2026 6:35:06 AM
        - Licenses
          0) Perpetual BLAZOR, expiration 9/25/2027 12:49:33 PM, type: 'perpetual'
          1) Perpetual JM, expiration 9/25/2027 12:49:33 PM, type: 'perpetual'
          2) Perpetual KENDOUIANGULAR, expiration 9/25/2027 12:49:33 PM, type: 'perpetual'
          3) Perpetual KENDOUICOMPLETE, expiration 9/25/2027 12:49:33 PM, type: 'perpetual'
          4) Perpetual KENDOUIMVC, expiration 9/25/2027 12:49:33 PM, type: 'perpetual'
          5) Perpetual KENDOUIREACT, expiration 9/25/2027 12:49:33 PM, type: 'perpetual'
          6) Perpetual KENDOUIVUE, expiration 9/25/2027 12:49:33 PM, type: 'perpetual'
          7) Perpetual MAUI, expiration 9/25/2027 12:49:33 PM, type: 'perpetual'
          8) Perpetual RCAJAX, expiration 9/25/2027 12:49:33 PM, type: 'perpetual'
          9) Perpetual RCWF, expiration 9/25/2027 12:49:33 PM, type: 'perpetual'
          10) Perpetual RCWPF, expiration 9/25/2027 12:49:33 PM, type: 'perpetual'
          11) Perpetual REPORTING, expiration 9/25/2027 12:49:33 PM, type: 'perpetual'
          12) Perpetual REPORTSERVER, expiration 9/25/2027 12:49:33 PM, type: 'perpetual'
          13) Perpetual UIASPCORE, expiration 9/25/2027 12:49:33 PM, type: 'perpetual'
          14) Perpetual UIXAM, expiration 2/19/2025 6:00:00 AM, type: 'perpetual'
          15) Perpetual WINUI, expiration 9/25/2027 12:49:33 PM, type: 'perpetual'
          16) Usage UserId: ab69b8b5-c84c-45ed-8228-81dac868c759, LicenseId: e7eaafda-87c7-42d6-9ce6-49a541b8c4ed, type: 'usage'

[2026-03-23 15:53:35.739] [Low]   License Resolution
        Messages
          - License OK for "Telerik UI for WinForms" (RCWF) 2026.1.210.462 @2026-02-10 - Perpetual, valid until 2027-09-25.
          - License OK for "Telerik Reporting" (REPORTING) 19.1.25.521 @2025-05-21 - Perpetual, valid until 2027-09-25.
          - License OK for "Telerik Document Processing Libraries" (DPL) 2026.1.210.462 @2026-02-10 - Perpetual for RCWF, valid until 2027-09-25.
        JWTs
          - eyJhbGciOiJSUzI1NiIsInR5cCI6IlRlbGVyaWsgTGljZW5zZSBFdmlkZW5jZSJ9.eyJjb2RlIjoiUkNXRiIsInR5cGUiOiJwZXJwZXR1YWwiLCJleHBpcmF0aW9uIjoxODIxODc2NTczLCJ1c2VySWQiOiJhYjY5YjhiNS1jODRjLTQ1ZWQtODIyOC04MWRhYzg2OGM3NTkiLCJsaWNlbnNlSWQiOiJlN2VhYWZkYS04N2M3LTQyZDYtOWNlNi00OWE1NDFiOGM0ZWQifQ.H8sxX5O2T3i22Uhy0PFV3YDo-lS1iHVocWX9Eu-82PheI3XbKMkEr7QiChWfuNwS9afgR7PMGy4_nx9HXRV5V9cRQ1zWvIkJsG2EbadPtKlygaAkCh-FXSRVflm3WITNHIAYfazZa26sHSnqBW_XRbH3o0GQkqVYkLlxLuLuKa4M7LlA1KtQZcVFhOH2oaXQoxfrkUMQxNFCz0JdI76T1YJNrAwxpXri8KUzfoDwKhY-IhN-bU25hJs19yGvWykTuZqrZ3lv603aQkaCaPnlF_tHROsmC7nbV4aaxaSHRF1PVD5lqsAhkA5OdGmqH8Kq9F5mhRXVVwYWf3WBcxZKkg
          - eyJhbGciOiJSUzI1NiIsInR5cCI6IlRlbGVyaWsgTGljZW5zZSBFdmlkZW5jZSJ9.eyJjb2RlIjoiUkVQT1JUSU5HIiwidHlwZSI6InBlcnBldHVhbCIsImV4cGlyYXRpb24iOjE4MjE4NzY1NzMsInVzZXJJZCI6ImFiNjliOGI1LWM4NGMtNDVlZC04MjI4LTgxZGFjODY4Yzc1OSIsImxpY2Vuc2VJZCI6ImU3ZWFhZmRhLTg3YzctNDJkNi05Y2U2LTQ5YTU0MWI4YzRlZCJ9.vMdezVVvhtRG-iThgXrXFDyr8L394y38spuHWK9Cyc_b9XZ2iHzEwyT9dLgOqBfvEQM3-GKFcOW6O4-_SSwoIjNhm9paVKSVEmeonMfEOgZjOXuqYFCrXmegYUefJNkHmL6P9cB0CPtA_PThVXqg_RGtCMGEoTW_ISG2ymjLnKXwuGf3uQoTxYWCmdBVMAeZHBlzpUh7aJ78fWmWbIvGf_jrykaFhCaWML2yJHyAjHIH1uzf088pGqdOeDvhBQsIva3Hg0KPLptC4ZqxkkVyYHFvvqFgwwkv8O3ex6Df238honjg-11aXIid1Ad6SSsrqEuKqHBUF__HbdhN0AvfLg
        Licenses
          - License OK for "Telerik UI for WinForms" (RCWF) 2026.1.210.462 @2026-02-10 - Perpetual, valid until 2027-09-25.
          - License OK for "Telerik Reporting" (REPORTING) 19.1.25.521 @2025-05-21 - Perpetual, valid until 2027-09-25.
          - License OK for "Telerik Document Processing Libraries" (DPL) 2026.1.210.462 @2026-02-10 - Perpetual for RCWF, valid until 2027-09-25.

[2026-03-23 15:53:35.742] [Low] OutputType: WinExe, ImportXamlTargets: True
[2026-03-23 15:53:35.755] [Low] 
      Call-Home Telerik Products (3 for )
      - "Telerik UI for WinForms" (RCWF) 2026.1.210
      - "DPL" (DPL) 2026.1.210
      - "Telerik Reporting" (REPORTING) 19.1.25

[2026-03-23 15:53:35.755] [Low] 
[2026-03-23 15:53:35.758] [Low] 
      Call-Home Telerik Features (0 for )

[2026-03-23 15:53:35.758] [Low] 
[2026-03-23 15:53:35.804] [Low]   Report Telerik.Licensing
        UserId: ab69b8b5-c84c-45ed-8228-81dac868c759
        LicenseId: e7eaafda-87c7-42d6-9ce6-49a541b8c4ed
        Products
        - LicenseUsed RCWF 2026.1.210.462 SKIPPED
        - LicenseUsed REPORTING 19.1.25.521 SKIPPED
        - LicenseUsed DPL 2026.1.210.462 SKIPPED
      Report finished in 00:00:00.0399992

[2026-03-23 15:53:35.804] [Low]   Sending Telemetry...
[2026-03-23 15:53:35.832] [Low]   Metrics done 00:00:00.0278913
[2026-03-23 15:53:35.834] [Normal] Resolve Telerik Products. Done (00:00:00.5173537) for 
[2026-03-23 15:54:34.199] [Normal] Resolve Telerik Products.
  MSBuildProjectName=2
  MSBuildProjectDirectory=\\FEAP1313L\Users\edward.barreras\source\repos\LIVE\MIA SRC\ERP
  MSBuildProjectExtension=.vbproj
  Language=VB
  OutputPath=bin\Debug\
  Platform=AnyCPU
  TargetFramework=
  TargetFrameworks=
  TargetFrameworkVersion=v4.8
  VisualStudioVersion=17.0
  UsingMicrosoftNETSdk=
  UsingMicrosoftNETSdkRazor=
  UsingMicrosoftNETSdkWeb=
  ImportXamlTargets=True
  OutputType=WinExe
  UseMaui=
  NuGetPackageRoot=

  PackageReferences
  ReferencePaths
  - BouncyCastle.Crypto.dll 1.8.3 at \\FEAP1313L\Users\edward.barreras\source\repos\LIVE\MIA SRC\packages\BouncyCastle.1.8.3.1\lib\BouncyCastle.Crypto.dll
  - BouncyCastle.Cryptography.dll 2.5.1 at \\FEAP1313L\Users\edward.barreras\source\repos\LIVE\MIA SRC\packages\BouncyCastle.Cryptography.2.5.1\lib\net461\BouncyCastle.Cryptography.dll
  - ClosedXML.dll 0.96.0 at \\FEAP1313L\Users\edward.barreras\source\repos\LIVE\MIA SRC\packages\ClosedXML.0.96.0\lib\net40\ClosedXML.dll
  - DocumentFormat.OpenXml.dll 2.16.0 at \\FEAP1313L\Users\edward.barreras\source\repos\LIVE\MIA SRC\packages\DocumentFormat.OpenXml.2.16.0\lib\net40\DocumentFormat.OpenXml.dll
  - ExcelNumberFormat.dll 1.1.0 at \\FEAP1313L\Users\edward.barreras\source\repos\LIVE\MIA SRC\packages\ExcelNumberFormat.1.1.0\lib\net20\ExcelNumberFormat.dll
  - FEAPNS.dll 1.0.0 at \\FEAP1313L\Users\edward.barreras\source\repos\LIVE\MIA SRC\ERP\bin\Debug\FEAPNS.dll
  - Gma.QrCodeNet.Encoding.dll 0.4.1 at \\FEAP1313L\Users\edward.barreras\source\repos\LIVE\MIA SRC\packages\Gma.QrCodeNet.0.4.1.2\lib\net40\Gma.QrCodeNet.Encoding.dll
  - Google.Protobuf.dll 3.30.0 at \\FEAP1313L\Users\edward.barreras\source\repos\LIVE\MIA SRC\packages\Google.Protobuf.3.30.0\lib\net45\Google.Protobuf.dll
  - K4os.Compression.LZ4.dll 1.3.8 at \\FEAP1313L\Users\edward.barreras\source\repos\LIVE\MIA SRC\packages\K4os.Compression.LZ4.1.3.8\lib\net462\K4os.Compression.LZ4.dll
  - K4os.Compression.LZ4.Streams.dll 1.3.8 at \\FEAP1313L\Users\edward.barreras\source\repos\LIVE\MIA SRC\packages\K4os.Compression.LZ4.Streams.1.3.8\lib\net462\K4os.Compression.LZ4.Streams.dll
  - K4os.Hash.xxHash.dll 1.0.8 at \\FEAP1313L\Users\edward.barreras\source\repos\LIVE\MIA SRC\packages\K4os.Hash.xxHash.1.0.8\lib\net462\K4os.Hash.xxHash.dll
  - MIA-Linq.dll 1.0.0 at \\FEAP1313L\Users\edward.barreras\source\repos\LIVE\MIA SRC\ERP\bin\Debug\MIA-Linq.dll
  - MIA-Report.dll 1.0.0 at \\FEAP1313L\Users\edward.barreras\source\repos\LIVE\MIA SRC\ERP\bin\Debug\MIA-Report.dll
  - Microsoft.Bcl.AsyncInterfaces.dll 5.0.0 at \\FEAP1313L\Users\edward.barreras\source\repos\LIVE\MIA SRC\packages\Microsoft.Bcl.AsyncInterfaces.5.0.0\lib\net461\Microsoft.Bcl.AsyncInterfaces.dll
  - Microsoft.CSharp.dll 4.8.3761 at C:\Program Files (x86)\Reference Assemblies\Microsoft\Framework\.NETFramework\v4.8\Microsoft.CSharp.dll
  - MySql.Data.dll 9.4.0 at \\FEAP1313L\Users\edward.barreras\source\repos\LIVE\MIA SRC\packages\MySql.Data.9.4.0\lib\net48\MySql.Data.dll
  - Newtonsoft.Json.dll 13.0.3 at \\FEAP1313L\Users\edward.barreras\source\repos\LIVE\MIA SRC\packages\Newtonsoft.Json.13.0.3\lib\net45\Newtonsoft.Json.dll
  - SRCDailyReportv2.dll 1.0.0 at \\FEAP1313L\Users\edward.barreras\source\repos\LIVE\MIA SRC\ERP\bin\Debug\SRCDailyReportv2.dll
  - System.Buffers.dll 4.6.28619 at \\FEAP1313L\Users\edward.barreras\source\repos\LIVE\MIA SRC\packages\System.Buffers.4.5.1\lib\net461\System.Buffers.dll
  - System.ComponentModel.DataAnnotations.dll 4.8.3761 at C:\Program Files (x86)\Reference Assemblies\Microsoft\Framework\.NETFramework\v4.8\System.ComponentModel.DataAnnotations.dll
  - System.ComponentModel.dll 4.8.3761 at C:\Program Files (x86)\Reference Assemblies\Microsoft\Framework\.NETFramework\v4.8\Facades\System.ComponentModel.dll
  - System.Configuration.ConfigurationManager.dll 8.0.0 at \\FEAP1313L\Users\edward.barreras\source\repos\LIVE\MIA SRC\packages\System.Configuration.ConfigurationManager.8.0.0\lib\net462\System.Configuration.ConfigurationManager.dll
  - System.Configuration.dll 4.8.3761 at C:\Program Files (x86)\Reference Assemblies\Microsoft\Framework\.NETFramework\v4.8\System.Configuration.dll
  - System.Configuration.Install.dll 4.8.3761 at C:\Program Files (x86)\Reference Assemblies\Microsoft\Framework\.NETFramework\v4.8\System.Configuration.Install.dll
  - System.Core.dll 4.8.3761 at C:\Program Files (x86)\Reference Assemblies\Microsoft\Framework\.NETFramework\v4.8\System.Core.dll
  - System.Data.DataSetExtensions.dll 4.8.3761 at C:\Program Files (x86)\Reference Assemblies\Microsoft\Framework\.NETFramework\v4.8\System.Data.DataSetExtensions.dll
  - System.Data.dll 4.8.3761 at C:\Program Files (x86)\Reference Assemblies\Microsoft\Framework\.NETFramework\v4.8\System.Data.dll
  - System.Data.OleDb.dll 9.0.2 at \\FEAP1313L\Users\edward.barreras\source\repos\LIVE\MIA SRC\packages\System.Data.OleDb.9.0.2\lib\net462\System.Data.OleDb.dll
  - System.Deployment.dll 4.8.3761 at C:\Program Files (x86)\Reference Assemblies\Microsoft\Framework\.NETFramework\v4.8\System.Deployment.dll
  - System.Diagnostics.DiagnosticSource.dll 8.0.4 at \\FEAP1313L\Users\edward.barreras\source\repos\LIVE\MIA SRC\packages\System.Diagnostics.DiagnosticSource.8.0.1\lib\net462\System.Diagnostics.DiagnosticSource.dll
  - System.dll 4.8.3761 at C:\Program Files (x86)\Reference Assemblies\Microsoft\Framework\.NETFramework\v4.8\System.dll
  - System.Drawing.Design.dll 4.8.3761 at C:\Program Files (x86)\Reference Assemblies\Microsoft\Framework\.NETFramework\v4.8\System.Drawing.Design.dll
  - System.Drawing.dll 4.8.3761 at C:\Program Files (x86)\Reference Assemblies\Microsoft\Framework\.NETFramework\v4.8\System.Drawing.dll
  - System.IO.Pipelines.dll 5.0.15 at \\FEAP1313L\Users\edward.barreras\source\repos\LIVE\MIA SRC\packages\System.IO.Pipelines.5.0.2\lib\net461\System.IO.Pipelines.dll
  - System.Management.dll 4.8.3761 at C:\Program Files (x86)\Reference Assemblies\Microsoft\Framework\.NETFramework\v4.8\System.Management.dll
  - System.Memory.dll 4.6.31308 at \\FEAP1313L\Users\edward.barreras\source\repos\LIVE\MIA SRC\packages\System.Memory.4.5.5\lib\net461\System.Memory.dll
  - System.Messaging.dll 4.8.3761 at C:\Program Files (x86)\Reference Assemblies\Microsoft\Framework\.NETFramework\v4.8\System.Messaging.dll
  - System.Net.Http.Formatting.dll 5.2.7 at C:\Program Files\Microsoft Visual Studio\2022\Community\Common7\IDE\PublicAssemblies\System.Net.Http.Formatting.dll
  - System.Numerics.dll 4.8.3761 at C:\Program Files (x86)\Reference Assemblies\Microsoft\Framework\.NETFramework\v4.8\System.Numerics.dll
  - System.Numerics.Vectors.dll 4.6.26515 at \\FEAP1313L\Users\edward.barreras\source\repos\LIVE\MIA SRC\packages\System.Numerics.Vectors.4.5.0\lib\net46\System.Numerics.Vectors.dll
  - System.Runtime.CompilerServices.Unsafe.dll 6.1.0 at \\FEAP1313L\Users\edward.barreras\source\repos\LIVE\MIA SRC\packages\System.Runtime.CompilerServices.Unsafe.6.1.0\lib\net462\System.Runtime.CompilerServices.Unsafe.dll
  - System.Threading.Tasks.Extensions.dll 4.6.0 at \\FEAP1313L\Users\edward.barreras\source\repos\LIVE\MIA SRC\packages\System.Threading.Tasks.Extensions.4.6.0\lib\net462\System.Threading.Tasks.Extensions.dll
  - System.Transactions.dll 4.8.3761 at C:\Program Files (x86)\Reference Assemblies\Microsoft\Framework\.NETFramework\v4.8\System.Transactions.dll
  - System.Web.Extensions.dll 4.8.3761 at C:\Program Files (x86)\Reference Assemblies\Microsoft\Framework\.NETFramework\v4.8\System.Web.Extensions.dll
  - System.Windows.Forms.dll 4.8.3761 at C:\Program Files (x86)\Reference Assemblies\Microsoft\Framework\.NETFramework\v4.8\System.Windows.Forms.dll
  - System.Xml.dll 4.8.3761 at C:\Program Files (x86)\Reference Assemblies\Microsoft\Framework\.NETFramework\v4.8\System.Xml.dll
  - System.Xml.Linq.dll 4.8.3761 at C:\Program Files (x86)\Reference Assemblies\Microsoft\Framework\.NETFramework\v4.8\System.Xml.Linq.dll
  - Telerik.Documents.SpreadsheetStreaming.dll 2026.1.210 at \\FEAP1313L\Users\edward.barreras\source\repos\LIVE\MIA SRC\lib\RCWF\2026.1.210.462\Telerik.Documents.SpreadsheetStreaming.dll
  - Telerik.Licensing.Runtime.dll 1.8.2 at \\FEAP1313L\Users\edward.barreras\source\repos\LIVE\MIA SRC\packages\Telerik.Licensing.1.8.2\lib\net462\Telerik.Licensing.Runtime.dll
  - Telerik.Reporting.dll 19.1.25 at \\FEAP1313L\Users\edward.barreras\source\repos\LIVE\MIA SRC\ERP\bin\Debug\Telerik.Reporting.dll
  - Telerik.Reporting.Services.HttpClient.dll 19.1.25 at \\FEAP1313L\Users\edward.barreras\source\repos\LIVE\MIA SRC\ERP\bin\Debug\Telerik.Reporting.Services.HttpClient.dll
  - Telerik.Reporting.Services.ServiceStack.dll 19.1.25 at \\FEAP1313L\Users\edward.barreras\source\repos\LIVE\MIA SRC\ERP\bin\Debug\Telerik.Reporting.Services.ServiceStack.dll
  - Telerik.ReportViewer.WinForms.dll 19.1.25 at \\FEAP1313L\Users\edward.barreras\source\repos\LIVE\MIA SRC\ERP\bin\Debug\Telerik.ReportViewer.WinForms.dll
  - Telerik.ReportViewer.Wpf.dll 19.1.25 at \\FEAP1313L\Users\edward.barreras\source\repos\LIVE\MIA SRC\ERP\bin\Debug\Telerik.ReportViewer.Wpf.dll
  - Telerik.WinControls.dll 2026.1.210 at \\FEAP1313L\Users\edward.barreras\source\repos\LIVE\MIA SRC\lib\RCWF\2026.1.210.462\Telerik.WinControls.dll
  - Telerik.WinControls.GridView.dll 2026.1.210 at \\FEAP1313L\Users\edward.barreras\source\repos\LIVE\MIA SRC\lib\RCWF\2026.1.210.462\Telerik.WinControls.GridView.dll
  - Telerik.WinControls.RadDock.dll 2026.1.210 at \\FEAP1313L\Users\edward.barreras\source\repos\LIVE\MIA SRC\lib\RCWF\2026.1.210.462\Telerik.WinControls.RadDock.dll
  - Telerik.WinControls.Themes.Aqua.dll 2026.1.210 at \\FEAP1313L\Users\edward.barreras\source\repos\LIVE\MIA SRC\lib\RCWF\2026.1.210.462\Telerik.WinControls.Themes.Aqua.dll
  - Telerik.WinControls.Themes.Breeze.dll 2026.1.210 at \\FEAP1313L\Users\edward.barreras\source\repos\LIVE\MIA SRC\lib\RCWF\2026.1.210.462\Telerik.WinControls.Themes.Breeze.dll
  - Telerik.WinControls.Themes.Crystal.dll 2026.1.210 at \\FEAP1313L\Users\edward.barreras\source\repos\LIVE\MIA SRC\lib\RCWF\2026.1.210.462\Telerik.WinControls.Themes.Crystal.dll
  - Telerik.WinControls.Themes.CrystalDark.dll 2026.1.210 at \\FEAP1313L\Users\edward.barreras\source\repos\LIVE\MIA SRC\lib\RCWF\2026.1.210.462\Telerik.WinControls.Themes.CrystalDark.dll
  - Telerik.WinControls.Themes.Desert.dll 2026.1.210 at \\FEAP1313L\Users\edward.barreras\source\repos\LIVE\MIA SRC\lib\RCWF\2026.1.210.462\Telerik.WinControls.Themes.Desert.dll
  - Telerik.WinControls.Themes.Fluent.dll 2026.1.210 at \\FEAP1313L\Users\edward.barreras\source\repos\LIVE\MIA SRC\lib\RCWF\2026.1.210.462\Telerik.WinControls.Themes.Fluent.dll
  - Telerik.WinControls.Themes.FluentDark.dll 2026.1.210 at \\FEAP1313L\Users\edward.barreras\source\repos\LIVE\MIA SRC\lib\RCWF\2026.1.210.462\Telerik.WinControls.Themes.FluentDark.dll
  - Telerik.WinControls.Themes.HighContrastBlack.dll 2026.1.210 at \\FEAP1313L\Users\edward.barreras\source\repos\LIVE\MIA SRC\lib\RCWF\2026.1.210.462\Telerik.WinControls.Themes.HighContrastBlack.dll
  - Telerik.WinControls.Themes.Material.dll 2026.1.210 at \\FEAP1313L\Users\edward.barreras\source\repos\LIVE\MIA SRC\lib\RCWF\2026.1.210.462\Telerik.WinControls.Themes.Material.dll
  - Telerik.WinControls.Themes.MaterialBlueGrey.dll 2026.1.210 at \\FEAP1313L\Users\edward.barreras\source\repos\LIVE\MIA SRC\lib\RCWF\2026.1.210.462\Telerik.WinControls.Themes.MaterialBlueGrey.dll
  - Telerik.WinControls.Themes.MaterialPink.dll 2026.1.210 at \\FEAP1313L\Users\edward.barreras\source\repos\LIVE\MIA SRC\lib\RCWF\2026.1.210.462\Telerik.WinControls.Themes.MaterialPink.dll
  - Telerik.WinControls.Themes.MaterialTeal.dll 2026.1.210 at \\FEAP1313L\Users\edward.barreras\source\repos\LIVE\MIA SRC\lib\RCWF\2026.1.210.462\Telerik.WinControls.Themes.MaterialTeal.dll
  - Telerik.WinControls.Themes.Office2007Black.dll 2026.1.210 at \\FEAP1313L\Users\edward.barreras\source\repos\LIVE\MIA SRC\lib\RCWF\2026.1.210.462\Telerik.WinControls.Themes.Office2007Black.dll
  - Telerik.WinControls.Themes.Office2010Black.dll 2026.1.210 at \\FEAP1313L\Users\edward.barreras\source\repos\LIVE\MIA SRC\lib\RCWF\2026.1.210.462\Telerik.WinControls.Themes.Office2010Black.dll
  - Telerik.WinControls.Themes.Office2010Blue.dll 2026.1.210 at \\FEAP1313L\Users\edward.barreras\source\repos\LIVE\MIA SRC\lib\RCWF\2026.1.210.462\Telerik.WinControls.Themes.Office2010Blue.dll
  - Telerik.WinControls.Themes.Office2010Silver.dll 2026.1.210 at \\FEAP1313L\Users\edward.barreras\source\repos\LIVE\MIA SRC\lib\RCWF\2026.1.210.462\Telerik.WinControls.Themes.Office2010Silver.dll
  - Telerik.WinControls.Themes.Office2013Dark.dll 2026.1.210 at \\FEAP1313L\Users\edward.barreras\source\repos\LIVE\MIA SRC\lib\RCWF\2026.1.210.462\Telerik.WinControls.Themes.Office2013Dark.dll
  - Telerik.WinControls.Themes.Office2013Light.dll 2026.1.210 at \\FEAP1313L\Users\edward.barreras\source\repos\LIVE\MIA SRC\lib\RCWF\2026.1.210.462\Telerik.WinControls.Themes.Office2013Light.dll
  - Telerik.WinControls.Themes.TelerikMetroBlue.dll 2026.1.210 at \\FEAP1313L\Users\edward.barreras\source\repos\LIVE\MIA SRC\lib\RCWF\2026.1.210.462\Telerik.WinControls.Themes.TelerikMetroBlue.dll
  - Telerik.WinControls.Themes.VisualStudio2012Dark.dll 2026.1.210 at \\FEAP1313L\Users\edward.barreras\source\repos\LIVE\MIA SRC\lib\RCWF\2026.1.210.462\Telerik.WinControls.Themes.VisualStudio2012Dark.dll
  - Telerik.WinControls.Themes.VisualStudio2012Light.dll 2026.1.210 at \\FEAP1313L\Users\edward.barreras\source\repos\LIVE\MIA SRC\lib\RCWF\2026.1.210.462\Telerik.WinControls.Themes.VisualStudio2012Light.dll
  - Telerik.WinControls.Themes.Windows7.dll 2026.1.210 at \\FEAP1313L\Users\edward.barreras\source\repos\LIVE\MIA SRC\lib\RCWF\2026.1.210.462\Telerik.WinControls.Themes.Windows7.dll
  - Telerik.WinControls.Themes.Windows8.dll 2026.1.210 at \\FEAP1313L\Users\edward.barreras\source\repos\LIVE\MIA SRC\lib\RCWF\2026.1.210.462\Telerik.WinControls.Themes.Windows8.dll
  - Telerik.WinControls.UI.dll 2026.1.210 at \\FEAP1313L\Users\edward.barreras\source\repos\LIVE\MIA SRC\lib\RCWF\2026.1.210.462\Telerik.WinControls.UI.dll
  - Telerik.Windows.Documents.Core.dll 2026.1.210 at \\FEAP1313L\Users\edward.barreras\source\repos\LIVE\MIA SRC\lib\RCWF\2026.1.210.462\Telerik.Windows.Documents.Core.dll
  - Telerik.Windows.Documents.Fixed.dll 2026.1.210 at \\FEAP1313L\Users\edward.barreras\source\repos\LIVE\MIA SRC\lib\RCWF\2026.1.210.462\Telerik.Windows.Documents.Fixed.dll
  - Telerik.Windows.Documents.Spreadsheet.dll 2026.1.210 at \\FEAP1313L\Users\edward.barreras\source\repos\LIVE\MIA SRC\lib\RCWF\2026.1.210.462\Telerik.Windows.Documents.Spreadsheet.dll
  - Telerik.Windows.Documents.Spreadsheet.FormatProviders.OpenXml.dll 2026.1.210 at \\FEAP1313L\Users\edward.barreras\source\repos\LIVE\MIA SRC\lib\RCWF\2026.1.210.462\Telerik.Windows.Documents.Spreadsheet.FormatProviders.OpenXml.dll
  - Telerik.Windows.Documents.Spreadsheet.FormatProviders.Pdf.dll 2026.1.210 at \\FEAP1313L\Users\edward.barreras\source\repos\LIVE\MIA SRC\lib\RCWF\2026.1.210.462\Telerik.Windows.Documents.Spreadsheet.FormatProviders.Pdf.dll
  - Telerik.Windows.Documents.Spreadsheet.FormatProviders.Xls.dll 2026.1.210 at \\FEAP1313L\Users\edward.barreras\source\repos\LIVE\MIA SRC\lib\RCWF\2026.1.210.462\Telerik.Windows.Documents.Spreadsheet.FormatProviders.Xls.dll
  - Telerik.Windows.Zip.dll 2026.1.210 at \\FEAP1313L\Users\edward.barreras\source\repos\LIVE\MIA SRC\lib\RCWF\2026.1.210.462\Telerik.Windows.Zip.dll
  - TelerikCommon.dll 2026.1.210 at \\FEAP1313L\Users\edward.barreras\source\repos\LIVE\MIA SRC\lib\RCWF\2026.1.210.462\TelerikCommon.dll
  - TelerikExport.dll 2026.1.210 at \\FEAP1313L\Users\edward.barreras\source\repos\LIVE\MIA SRC\lib\RCWF\2026.1.210.462\TelerikExport.dll
  - Ubiety.Dns.Core.dll 2.2.1 at \\FEAP1313L\Users\edward.barreras\source\repos\LIVE\MIA SRC\ERP\bin\Debug\Ubiety.Dns.Core.dll
  - WindowsBase.dll 4.8.3761 at C:\Program Files (x86)\Reference Assemblies\Microsoft\Framework\.NETFramework\v4.8\WindowsBase.dll
  - ZstdSharp.dll 0.8.5 at \\FEAP1313L\Users\edward.barreras\source\repos\LIVE\MIA SRC\packages\ZstdSharp.Port.0.8.5\lib\net462\ZstdSharp.dll
  MachineId=2xQjveFWQf4bUNzPt3x/SIfuym0=

[2026-03-23 15:54:34.292] [Low]   Looking for Telerik product metadata in referenced assemblies
      - \\FEAP1313L\Users\edward.barreras\source\repos\LIVE\MIA SRC\lib\RCWF\2026.1.210.462\Telerik.Documents.SpreadsheetStreaming.dll
        ProductCode: DPL, LicenseDate: 2026-02-10, Redistributed By: RCWPF, RCWF, MAUI, UIXAM, WINUI, RCAJAX, KENDOUIMVC, UIASPCORE, BLAZOR, ProductName: Telerik Document Processing Libraries, ProductVersion: 2026.1.210.462, Flags: None
      - \\FEAP1313L\Users\edward.barreras\source\repos\LIVE\MIA SRC\ERP\bin\Debug\Telerik.Reporting.dll
        ProductCode: REPORTING, LicenseDate: 2025-05-21, ProductName: Telerik Reporting, ProductVersion: 19.1.25.521, Flags: None
      - \\FEAP1313L\Users\edward.barreras\source\repos\LIVE\MIA SRC\lib\RCWF\2026.1.210.462\Telerik.WinControls.dll
        ProductCode: RCWF, LicenseDate: 2026-02-10, ProductName: Telerik UI for WinForms, ProductVersion: 2026.1.210.462, Flags: None
      - \\FEAP1313L\Users\edward.barreras\source\repos\LIVE\MIA SRC\lib\RCWF\2026.1.210.462\Telerik.WinControls.GridView.dll
        ProductCode: RCWF, LicenseDate: 2026-02-10, ProductName: Telerik UI for WinForms, ProductVersion: 2026.1.210.462, Flags: None
      - \\FEAP1313L\Users\edward.barreras\source\repos\LIVE\MIA SRC\lib\RCWF\2026.1.210.462\Telerik.WinControls.RadDock.dll
        ProductCode: RCWF, LicenseDate: 2026-02-10, ProductName: Telerik UI for WinForms, ProductVersion: 2026.1.210.462, Flags: None
      - \\FEAP1313L\Users\edward.barreras\source\repos\LIVE\MIA SRC\lib\RCWF\2026.1.210.462\Telerik.WinControls.Themes.Aqua.dll
        ProductCode: RCWF, LicenseDate: 2026-02-10, ProductName: Telerik UI for WinForms, ProductVersion: 2026.1.210.462, Flags: None
      - \\FEAP1313L\Users\edward.barreras\source\repos\LIVE\MIA SRC\lib\RCWF\2026.1.210.462\Telerik.WinControls.Themes.Breeze.dll
        ProductCode: RCWF, LicenseDate: 2026-02-10, ProductName: Telerik UI for WinForms, ProductVersion: 2026.1.210.462, Flags: None
      - \\FEAP1313L\Users\edward.barreras\source\repos\LIVE\MIA SRC\lib\RCWF\2026.1.210.462\Telerik.WinControls.Themes.Crystal.dll
        ProductCode: RCWF, LicenseDate: 2026-02-10, ProductName: Telerik UI for WinForms, ProductVersion: 2026.1.210.462, Flags: None
      - \\FEAP1313L\Users\edward.barreras\source\repos\LIVE\MIA SRC\lib\RCWF\2026.1.210.462\Telerik.WinControls.Themes.CrystalDark.dll
        ProductCode: RCWF, LicenseDate: 2026-02-10, ProductName: Telerik UI for WinForms, ProductVersion: 2026.1.210.462, Flags: None
      - \\FEAP1313L\Users\edward.barreras\source\repos\LIVE\MIA SRC\lib\RCWF\2026.1.210.462\Telerik.WinControls.Themes.Desert.dll
        ProductCode: RCWF, LicenseDate: 2026-02-10, ProductName: Telerik UI for WinForms, ProductVersion: 2026.1.210.462, Flags: None
      - \\FEAP1313L\Users\edward.barreras\source\repos\LIVE\MIA SRC\lib\RCWF\2026.1.210.462\Telerik.WinControls.Themes.Fluent.dll
        ProductCode: RCWF, LicenseDate: 2026-02-10, ProductName: Telerik UI for WinForms, ProductVersion: 2026.1.210.462, Flags: None
      - \\FEAP1313L\Users\edward.barreras\source\repos\LIVE\MIA SRC\lib\RCWF\2026.1.210.462\Telerik.WinControls.Themes.FluentDark.dll
        ProductCode: RCWF, LicenseDate: 2026-02-10, ProductName: Telerik UI for WinForms, ProductVersion: 2026.1.210.462, Flags: None
      - \\FEAP1313L\Users\edward.barreras\source\repos\LIVE\MIA SRC\lib\RCWF\2026.1.210.462\Telerik.WinControls.Themes.HighContrastBlack.dll
        ProductCode: RCWF, LicenseDate: 2026-02-10, ProductName: Telerik UI for WinForms, ProductVersion: 2026.1.210.462, Flags: None
      - \\FEAP1313L\Users\edward.barreras\source\repos\LIVE\MIA SRC\lib\RCWF\2026.1.210.462\Telerik.WinControls.Themes.Material.dll
        ProductCode: RCWF, LicenseDate: 2026-02-10, ProductName: Telerik UI for WinForms, ProductVersion: 2026.1.210.462, Flags: None
      - \\FEAP1313L\Users\edward.barreras\source\repos\LIVE\MIA SRC\lib\RCWF\2026.1.210.462\Telerik.WinControls.Themes.MaterialBlueGrey.dll
        ProductCode: RCWF, LicenseDate: 2026-02-10, ProductName: Telerik UI for WinForms, ProductVersion: 2026.1.210.462, Flags: None
      - \\FEAP1313L\Users\edward.barreras\source\repos\LIVE\MIA SRC\lib\RCWF\2026.1.210.462\Telerik.WinControls.Themes.MaterialPink.dll
        ProductCode: RCWF, LicenseDate: 2026-02-10, ProductName: Telerik UI for WinForms, ProductVersion: 2026.1.210.462, Flags: None
      - \\FEAP1313L\Users\edward.barreras\source\repos\LIVE\MIA SRC\lib\RCWF\2026.1.210.462\Telerik.WinControls.Themes.MaterialTeal.dll
        ProductCode: RCWF, LicenseDate: 2026-02-10, ProductName: Telerik UI for WinForms, ProductVersion: 2026.1.210.462, Flags: None
      - \\FEAP1313L\Users\edward.barreras\source\repos\LIVE\MIA SRC\lib\RCWF\2026.1.210.462\Telerik.WinControls.Themes.Office2007Black.dll
        ProductCode: RCWF, LicenseDate: 2026-02-10, ProductName: Telerik UI for WinForms, ProductVersion: 2026.1.210.462, Flags: None
      - \\FEAP1313L\Users\edward.barreras\source\repos\LIVE\MIA SRC\lib\RCWF\2026.1.210.462\Telerik.WinControls.Themes.Office2010Black.dll
        ProductCode: RCWF, LicenseDate: 2026-02-10, ProductName: Telerik UI for WinForms, ProductVersion: 2026.1.210.462, Flags: None
      - \\FEAP1313L\Users\edward.barreras\source\repos\LIVE\MIA SRC\lib\RCWF\2026.1.210.462\Telerik.WinControls.Themes.Office2010Blue.dll
        ProductCode: RCWF, LicenseDate: 2026-02-10, ProductName: Telerik UI for WinForms, ProductVersion: 2026.1.210.462, Flags: None
      - \\FEAP1313L\Users\edward.barreras\source\repos\LIVE\MIA SRC\lib\RCWF\2026.1.210.462\Telerik.WinControls.Themes.Office2010Silver.dll
        ProductCode: RCWF, LicenseDate: 2026-02-10, ProductName: Telerik UI for WinForms, ProductVersion: 2026.1.210.462, Flags: None
      - \\FEAP1313L\Users\edward.barreras\source\repos\LIVE\MIA SRC\lib\RCWF\2026.1.210.462\Telerik.WinControls.Themes.Office2013Dark.dll
        ProductCode: RCWF, LicenseDate: 2026-02-10, ProductName: Telerik UI for WinForms, ProductVersion: 2026.1.210.462, Flags: None
      - \\FEAP1313L\Users\edward.barreras\source\repos\LIVE\MIA SRC\lib\RCWF\2026.1.210.462\Telerik.WinControls.Themes.Office2013Light.dll
        ProductCode: RCWF, LicenseDate: 2026-02-10, ProductName: Telerik UI for WinForms, ProductVersion: 2026.1.210.462, Flags: None
      - \\FEAP1313L\Users\edward.barreras\source\repos\LIVE\MIA SRC\lib\RCWF\2026.1.210.462\Telerik.WinControls.Themes.TelerikMetroBlue.dll
        ProductCode: RCWF, LicenseDate: 2026-02-10, ProductName: Telerik UI for WinForms, ProductVersion: 2026.1.210.462, Flags: None
      - \\FEAP1313L\Users\edward.barreras\source\repos\LIVE\MIA SRC\lib\RCWF\2026.1.210.462\Telerik.WinControls.Themes.VisualStudio2012Dark.dll
        ProductCode: RCWF, LicenseDate: 2026-02-10, ProductName: Telerik UI for WinForms, ProductVersion: 2026.1.210.462, Flags: None
      - \\FEAP1313L\Users\edward.barreras\source\repos\LIVE\MIA SRC\lib\RCWF\2026.1.210.462\Telerik.WinControls.Themes.VisualStudio2012Light.dll
        ProductCode: RCWF, LicenseDate: 2026-02-10, ProductName: Telerik UI for WinForms, ProductVersion: 2026.1.210.462, Flags: None
      - \\FEAP1313L\Users\edward.barreras\source\repos\LIVE\MIA SRC\lib\RCWF\2026.1.210.462\Telerik.WinControls.Themes.Windows7.dll
        ProductCode: RCWF, LicenseDate: 2026-02-10, ProductName: Telerik UI for WinForms, ProductVersion: 2026.1.210.462, Flags: None
      - \\FEAP1313L\Users\edward.barreras\source\repos\LIVE\MIA SRC\lib\RCWF\2026.1.210.462\Telerik.WinControls.Themes.Windows8.dll
        ProductCode: RCWF, LicenseDate: 2026-02-10, ProductName: Telerik UI for WinForms, ProductVersion: 2026.1.210.462, Flags: None
      - \\FEAP1313L\Users\edward.barreras\source\repos\LIVE\MIA SRC\lib\RCWF\2026.1.210.462\Telerik.WinControls.UI.dll
        ProductCode: RCWF, LicenseDate: 2026-02-10, ProductName: Telerik UI for WinForms, ProductVersion: 2026.1.210.462, Flags: None
      - \\FEAP1313L\Users\edward.barreras\source\repos\LIVE\MIA SRC\lib\RCWF\2026.1.210.462\Telerik.Windows.Documents.Core.dll
        ProductCode: DPL, LicenseDate: 2026-02-10, Redistributed By: RCWPF, RCWF, MAUI, UIXAM, WINUI, RCAJAX, KENDOUIMVC, UIASPCORE, BLAZOR, ProductName: Telerik Document Processing Libraries, ProductVersion: 2026.1.210.462, Flags: None
      - \\FEAP1313L\Users\edward.barreras\source\repos\LIVE\MIA SRC\lib\RCWF\2026.1.210.462\Telerik.Windows.Documents.Fixed.dll
        ProductCode: DPL, LicenseDate: 2026-02-10, Redistributed By: RCWPF, RCWF, MAUI, UIXAM, WINUI, RCAJAX, KENDOUIMVC, UIASPCORE, BLAZOR, ProductName: Telerik Document Processing Libraries, ProductVersion: 2026.1.210.462, Flags: None
      - \\FEAP1313L\Users\edward.barreras\source\repos\LIVE\MIA SRC\lib\RCWF\2026.1.210.462\Telerik.Windows.Documents.Spreadsheet.dll
        ProductCode: DPL, LicenseDate: 2026-02-10, Redistributed By: RCWPF, RCWF, MAUI, UIXAM, WINUI, RCAJAX, KENDOUIMVC, UIASPCORE, BLAZOR, ProductName: Telerik Document Processing Libraries, ProductVersion: 2026.1.210.462, Flags: None
      - \\FEAP1313L\Users\edward.barreras\source\repos\LIVE\MIA SRC\lib\RCWF\2026.1.210.462\Telerik.Windows.Documents.Spreadsheet.FormatProviders.Pdf.dll
        ProductCode: DPL, LicenseDate: 2026-02-10, Redistributed By: RCWPF, RCWF, MAUI, UIXAM, WINUI, RCAJAX, KENDOUIMVC, UIASPCORE, BLAZOR, ProductName: Telerik Document Processing Libraries, ProductVersion: 2026.1.210.462, Flags: None
      - \\FEAP1313L\Users\edward.barreras\source\repos\LIVE\MIA SRC\lib\RCWF\2026.1.210.462\Telerik.Windows.Documents.Spreadsheet.FormatProviders.Xls.dll
        ProductCode: DPL, LicenseDate: 2026-02-10, Redistributed By: RCWPF, RCWF, MAUI, UIXAM, WINUI, RCAJAX, KENDOUIMVC, UIASPCORE, BLAZOR, ProductName: Telerik Document Processing Libraries, ProductVersion: 2026.1.210.462, Flags: None
      - \\FEAP1313L\Users\edward.barreras\source\repos\LIVE\MIA SRC\lib\RCWF\2026.1.210.462\Telerik.Windows.Zip.dll
        ProductCode: DPL, LicenseDate: 2026-02-10, Redistributed By: RCWPF, RCWF, MAUI, UIXAM, WINUI, RCAJAX, KENDOUIMVC, UIASPCORE, BLAZOR, ProductName: Telerik Document Processing Libraries, ProductVersion: 2026.1.210.462, Flags: None
      - \\FEAP1313L\Users\edward.barreras\source\repos\LIVE\MIA SRC\lib\RCWF\2026.1.210.462\TelerikCommon.dll
        ProductCode: RCWF, LicenseDate: 2026-02-10, ProductName: Telerik UI for WinForms, ProductVersion: 2026.1.210.462, Flags: None
      - \\FEAP1313L\Users\edward.barreras\source\repos\LIVE\MIA SRC\lib\RCWF\2026.1.210.462\TelerikExport.dll
        ProductCode: RCWF, LicenseDate: 2026-02-10, ProductName: Telerik UI for WinForms, ProductVersion: 2026.1.210.462, Flags: None
      Unique Products:
      - "Telerik Document Processing Libraries" (DPL) 2026.1.210.462 @2026-02-10
      - "Telerik UI for WinForms" (RCWF) 2026.1.210.462 @2026-02-10
      - "Telerik Reporting" (REPORTING) 19.1.25.521 @2025-05-21
      Found a total of 3 referenced Telerik products for 

[2026-03-23 15:54:34.327] [Low]   Provision Licensing
        Looking up license file...
        - EnvironmentVariablePath: TELERIK_LICENSE_PATH (NotAvailable)
        - EnvironmentVariable: TELERIK_LICENSE (NotAvailable)
        - EnvironmentVariable: KENDO_UI_LICENSE (NotAvailable)
        - RecursiveFilePath: \\FEAP1313L\Users\edward.barreras\source\repos\LIVE\MIA SRC\ERP\telerik-license.txt (NotAvailable)
        - RecursiveFilePath: \\FEAP1313L\Users\edward.barreras\source\repos\LIVE\MIA SRC\ERP\kendo-ui-license.txt (NotAvailable)
        - RecursiveFilePath: \\FEAP1313L\Users\edward.barreras\source\repos\LIVE\MIA SRC\telerik-license.txt (LicenseFound)
        - RecursiveFilePath: \\FEAP1313L\Users\edward.barreras\source\repos\LIVE\MIA SRC\kendo-ui-license.txt (Skip)
        - RecursiveFilePath: \\FEAP1313L\Users\edward.barreras\source\repos\LIVE\telerik-license.txt (Skip)
        - RecursiveFilePath: \\FEAP1313L\Users\edward.barreras\source\repos\LIVE\kendo-ui-license.txt (Skip)
        - RecursiveFilePath: \\FEAP1313L\Users\edward.barreras\source\repos\telerik-license.txt (Skip)
        - RecursiveFilePath: \\FEAP1313L\Users\edward.barreras\source\repos\kendo-ui-license.txt (Skip)
        - RecursiveFilePath: \\FEAP1313L\Users\edward.barreras\source\telerik-license.txt (Skip)
        - RecursiveFilePath: \\FEAP1313L\Users\edward.barreras\source\kendo-ui-license.txt (Skip)
        - RecursiveFilePath: \\FEAP1313L\Users\edward.barreras\telerik-license.txt (Skip)
        - RecursiveFilePath: \\FEAP1313L\Users\edward.barreras\kendo-ui-license.txt (Skip)
        - RecursiveFilePath: \\FEAP1313L\Users\telerik-license.txt (Skip)
        - RecursiveFilePath: \\FEAP1313L\Users\kendo-ui-license.txt (Skip)
        - UserDirectory: C:\Users\edward.barreras\AppData\Roaming\Telerik\telerik-license.txt (Skip)
        - UserDirectory: C:\Users\edward.barreras\AppData\Roaming\Telerik\kendo-ui-license.txt (Skip)
        LicenseKey
        - AUD: f***.m**@f***************.com
        - UsedId: ab69b8b5-c84c-45ed-8228-81dac868c759
        - LicenseId: e7eaafda-87c7-42d6-9ce6-49a541b8c4ed
        - IssuedAt: 1/20/2026 6:35:06 AM
        - Licenses
          0) Perpetual BLAZOR, expiration 9/25/2027 12:49:33 PM, type: 'perpetual'
          1) Perpetual JM, expiration 9/25/2027 12:49:33 PM, type: 'perpetual'
          2) Perpetual KENDOUIANGULAR, expiration 9/25/2027 12:49:33 PM, type: 'perpetual'
          3) Perpetual KENDOUICOMPLETE, expiration 9/25/2027 12:49:33 PM, type: 'perpetual'
          4) Perpetual KENDOUIMVC, expiration 9/25/2027 12:49:33 PM, type: 'perpetual'
          5) Perpetual KENDOUIREACT, expiration 9/25/2027 12:49:33 PM, type: 'perpetual'
          6) Perpetual KENDOUIVUE, expiration 9/25/2027 12:49:33 PM, type: 'perpetual'
          7) Perpetual MAUI, expiration 9/25/2027 12:49:33 PM, type: 'perpetual'
          8) Perpetual RCAJAX, expiration 9/25/2027 12:49:33 PM, type: 'perpetual'
          9) Perpetual RCWF, expiration 9/25/2027 12:49:33 PM, type: 'perpetual'
          10) Perpetual RCWPF, expiration 9/25/2027 12:49:33 PM, type: 'perpetual'
          11) Perpetual REPORTING, expiration 9/25/2027 12:49:33 PM, type: 'perpetual'
          12) Perpetual REPORTSERVER, expiration 9/25/2027 12:49:33 PM, type: 'perpetual'
          13) Perpetual UIASPCORE, expiration 9/25/2027 12:49:33 PM, type: 'perpetual'
          14) Perpetual UIXAM, expiration 2/19/2025 6:00:00 AM, type: 'perpetual'
          15) Perpetual WINUI, expiration 9/25/2027 12:49:33 PM, type: 'perpetual'
          16) Usage UserId: ab69b8b5-c84c-45ed-8228-81dac868c759, LicenseId: e7eaafda-87c7-42d6-9ce6-49a541b8c4ed, type: 'usage'

[2026-03-23 15:54:34.334] [Low]   License Resolution
        Messages
          - License OK for "Telerik UI for WinForms" (RCWF) 2026.1.210.462 @2026-02-10 - Perpetual, valid until 2027-09-25.
          - License OK for "Telerik Reporting" (REPORTING) 19.1.25.521 @2025-05-21 - Perpetual, valid until 2027-09-25.
          - License OK for "Telerik Document Processing Libraries" (DPL) 2026.1.210.462 @2026-02-10 - Perpetual for RCWF, valid until 2027-09-25.
        JWTs
          - eyJhbGciOiJSUzI1NiIsInR5cCI6IlRlbGVyaWsgTGljZW5zZSBFdmlkZW5jZSJ9.eyJjb2RlIjoiUkNXRiIsInR5cGUiOiJwZXJwZXR1YWwiLCJleHBpcmF0aW9uIjoxODIxODc2NTczLCJ1c2VySWQiOiJhYjY5YjhiNS1jODRjLTQ1ZWQtODIyOC04MWRhYzg2OGM3NTkiLCJsaWNlbnNlSWQiOiJlN2VhYWZkYS04N2M3LTQyZDYtOWNlNi00OWE1NDFiOGM0ZWQifQ.H8sxX5O2T3i22Uhy0PFV3YDo-lS1iHVocWX9Eu-82PheI3XbKMkEr7QiChWfuNwS9afgR7PMGy4_nx9HXRV5V9cRQ1zWvIkJsG2EbadPtKlygaAkCh-FXSRVflm3WITNHIAYfazZa26sHSnqBW_XRbH3o0GQkqVYkLlxLuLuKa4M7LlA1KtQZcVFhOH2oaXQoxfrkUMQxNFCz0JdI76T1YJNrAwxpXri8KUzfoDwKhY-IhN-bU25hJs19yGvWykTuZqrZ3lv603aQkaCaPnlF_tHROsmC7nbV4aaxaSHRF1PVD5lqsAhkA5OdGmqH8Kq9F5mhRXVVwYWf3WBcxZKkg
          - eyJhbGciOiJSUzI1NiIsInR5cCI6IlRlbGVyaWsgTGljZW5zZSBFdmlkZW5jZSJ9.eyJjb2RlIjoiUkVQT1JUSU5HIiwidHlwZSI6InBlcnBldHVhbCIsImV4cGlyYXRpb24iOjE4MjE4NzY1NzMsInVzZXJJZCI6ImFiNjliOGI1LWM4NGMtNDVlZC04MjI4LTgxZGFjODY4Yzc1OSIsImxpY2Vuc2VJZCI6ImU3ZWFhZmRhLTg3YzctNDJkNi05Y2U2LTQ5YTU0MWI4YzRlZCJ9.vMdezVVvhtRG-iThgXrXFDyr8L394y38spuHWK9Cyc_b9XZ2iHzEwyT9dLgOqBfvEQM3-GKFcOW6O4-_SSwoIjNhm9paVKSVEmeonMfEOgZjOXuqYFCrXmegYUefJNkHmL6P9cB0CPtA_PThVXqg_RGtCMGEoTW_ISG2ymjLnKXwuGf3uQoTxYWCmdBVMAeZHBlzpUh7aJ78fWmWbIvGf_jrykaFhCaWML2yJHyAjHIH1uzf088pGqdOeDvhBQsIva3Hg0KPLptC4ZqxkkVyYHFvvqFgwwkv8O3ex6Df238honjg-11aXIid1Ad6SSsrqEuKqHBUF__HbdhN0AvfLg
        Licenses
          - License OK for "Telerik UI for WinForms" (RCWF) 2026.1.210.462 @2026-02-10 - Perpetual, valid until 2027-09-25.
          - License OK for "Telerik Reporting" (REPORTING) 19.1.25.521 @2025-05-21 - Perpetual, valid until 2027-09-25.
          - License OK for "Telerik Document Processing Libraries" (DPL) 2026.1.210.462 @2026-02-10 - Perpetual for RCWF, valid until 2027-09-25.

[2026-03-23 15:54:34.338] [Low] OutputType: WinExe, ImportXamlTargets: True
[2026-03-23 15:54:34.350] [Low] 
      Call-Home Telerik Products (3 for )
      - "Telerik UI for WinForms" (RCWF) 2026.1.210
      - "DPL" (DPL) 2026.1.210
      - "Telerik Reporting" (REPORTING) 19.1.25

[2026-03-23 15:54:34.350] [Low] 
[2026-03-23 15:54:34.353] [Low] 
      Call-Home Telerik Features (0 for )

[2026-03-23 15:54:34.353] [Low] 
[2026-03-23 15:54:34.400] [Low]   Report Telerik.Licensing
        UserId: ab69b8b5-c84c-45ed-8228-81dac868c759
        LicenseId: e7eaafda-87c7-42d6-9ce6-49a541b8c4ed
        Products
        - LicenseUsed RCWF 2026.1.210.462 SKIPPED
        - LicenseUsed REPORTING 19.1.25.521 SKIPPED
        - LicenseUsed DPL 2026.1.210.462 SKIPPED
      Report finished in 00:00:00.0417264

[2026-03-23 15:54:34.402] [Low]   Sending Telemetry...
[2026-03-23 15:54:34.429] [Low]   Metrics done 00:00:00.0259020
[2026-03-23 15:54:34.431] [Normal] Resolve Telerik Products. Done (00:00:00.4627510) for 
[2026-03-23 15:54:59.809] [Normal] Resolve Telerik Products.
  MSBuildProjectName=2
  MSBuildProjectDirectory=\\FEAP1313L\Users\edward.barreras\source\repos\LIVE\MIA SRC\ERP
  MSBuildProjectExtension=.vbproj
  Language=VB
  OutputPath=bin\Debug\
  Platform=AnyCPU
  TargetFramework=
  TargetFrameworks=
  TargetFrameworkVersion=v4.8
  VisualStudioVersion=17.0
  UsingMicrosoftNETSdk=
  UsingMicrosoftNETSdkRazor=
  UsingMicrosoftNETSdkWeb=
  ImportXamlTargets=True
  OutputType=WinExe
  UseMaui=
  NuGetPackageRoot=

  PackageReferences
  ReferencePaths
  - BouncyCastle.Crypto.dll 1.8.3 at \\FEAP1313L\Users\edward.barreras\source\repos\LIVE\MIA SRC\packages\BouncyCastle.1.8.3.1\lib\BouncyCastle.Crypto.dll
  - BouncyCastle.Cryptography.dll 2.5.1 at \\FEAP1313L\Users\edward.barreras\source\repos\LIVE\MIA SRC\packages\BouncyCastle.Cryptography.2.5.1\lib\net461\BouncyCastle.Cryptography.dll
  - ClosedXML.dll 0.96.0 at \\FEAP1313L\Users\edward.barreras\source\repos\LIVE\MIA SRC\packages\ClosedXML.0.96.0\lib\net40\ClosedXML.dll
  - DocumentFormat.OpenXml.dll 2.16.0 at \\FEAP1313L\Users\edward.barreras\source\repos\LIVE\MIA SRC\packages\DocumentFormat.OpenXml.2.16.0\lib\net40\DocumentFormat.OpenXml.dll
  - ExcelNumberFormat.dll 1.1.0 at \\FEAP1313L\Users\edward.barreras\source\repos\LIVE\MIA SRC\packages\ExcelNumberFormat.1.1.0\lib\net20\ExcelNumberFormat.dll
  - FEAPNS.dll 1.0.0 at \\FEAP1313L\Users\edward.barreras\source\repos\LIVE\MIA SRC\ERP\bin\Debug\FEAPNS.dll
  - Gma.QrCodeNet.Encoding.dll 0.4.1 at \\FEAP1313L\Users\edward.barreras\source\repos\LIVE\MIA SRC\packages\Gma.QrCodeNet.0.4.1.2\lib\net40\Gma.QrCodeNet.Encoding.dll
  - Google.Protobuf.dll 3.30.0 at \\FEAP1313L\Users\edward.barreras\source\repos\LIVE\MIA SRC\packages\Google.Protobuf.3.30.0\lib\net45\Google.Protobuf.dll
  - K4os.Compression.LZ4.dll 1.3.8 at \\FEAP1313L\Users\edward.barreras\source\repos\LIVE\MIA SRC\packages\K4os.Compression.LZ4.1.3.8\lib\net462\K4os.Compression.LZ4.dll
  - K4os.Compression.LZ4.Streams.dll 1.3.8 at \\FEAP1313L\Users\edward.barreras\source\repos\LIVE\MIA SRC\packages\K4os.Compression.LZ4.Streams.1.3.8\lib\net462\K4os.Compression.LZ4.Streams.dll
  - K4os.Hash.xxHash.dll 1.0.8 at \\FEAP1313L\Users\edward.barreras\source\repos\LIVE\MIA SRC\packages\K4os.Hash.xxHash.1.0.8\lib\net462\K4os.Hash.xxHash.dll
  - MIA-Linq.dll 1.0.0 at \\FEAP1313L\Users\edward.barreras\source\repos\LIVE\MIA SRC\ERP\bin\Debug\MIA-Linq.dll
  - MIA-Report.dll 1.0.0 at \\FEAP1313L\Users\edward.barreras\source\repos\LIVE\MIA SRC\ERP\bin\Debug\MIA-Report.dll
  - Microsoft.Bcl.AsyncInterfaces.dll 5.0.0 at \\FEAP1313L\Users\edward.barreras\source\repos\LIVE\MIA SRC\packages\Microsoft.Bcl.AsyncInterfaces.5.0.0\lib\net461\Microsoft.Bcl.AsyncInterfaces.dll
  - Microsoft.CSharp.dll 4.8.3761 at C:\Program Files (x86)\Reference Assemblies\Microsoft\Framework\.NETFramework\v4.8\Microsoft.CSharp.dll
  - MySql.Data.dll 9.4.0 at \\FEAP1313L\Users\edward.barreras\source\repos\LIVE\MIA SRC\packages\MySql.Data.9.4.0\lib\net48\MySql.Data.dll
  - Newtonsoft.Json.dll 13.0.3 at \\FEAP1313L\Users\edward.barreras\source\repos\LIVE\MIA SRC\packages\Newtonsoft.Json.13.0.3\lib\net45\Newtonsoft.Json.dll
  - SRCDailyReportv2.dll 1.0.0 at \\FEAP1313L\Users\edward.barreras\source\repos\LIVE\MIA SRC\ERP\bin\Debug\SRCDailyReportv2.dll
  - System.Buffers.dll 4.6.28619 at \\FEAP1313L\Users\edward.barreras\source\repos\LIVE\MIA SRC\packages\System.Buffers.4.5.1\lib\net461\System.Buffers.dll
  - System.ComponentModel.DataAnnotations.dll 4.8.3761 at C:\Program Files (x86)\Reference Assemblies\Microsoft\Framework\.NETFramework\v4.8\System.ComponentModel.DataAnnotations.dll
  - System.ComponentModel.dll 4.8.3761 at C:\Program Files (x86)\Reference Assemblies\Microsoft\Framework\.NETFramework\v4.8\Facades\System.ComponentModel.dll
  - System.Configuration.ConfigurationManager.dll 8.0.0 at \\FEAP1313L\Users\edward.barreras\source\repos\LIVE\MIA SRC\packages\System.Configuration.ConfigurationManager.8.0.0\lib\net462\System.Configuration.ConfigurationManager.dll
  - System.Configuration.dll 4.8.3761 at C:\Program Files (x86)\Reference Assemblies\Microsoft\Framework\.NETFramework\v4.8\System.Configuration.dll
  - System.Configuration.Install.dll 4.8.3761 at C:\Program Files (x86)\Reference Assemblies\Microsoft\Framework\.NETFramework\v4.8\System.Configuration.Install.dll
  - System.Core.dll 4.8.3761 at C:\Program Files (x86)\Reference Assemblies\Microsoft\Framework\.NETFramework\v4.8\System.Core.dll
  - System.Data.DataSetExtensions.dll 4.8.3761 at C:\Program Files (x86)\Reference Assemblies\Microsoft\Framework\.NETFramework\v4.8\System.Data.DataSetExtensions.dll
  - System.Data.dll 4.8.3761 at C:\Program Files (x86)\Reference Assemblies\Microsoft\Framework\.NETFramework\v4.8\System.Data.dll
  - System.Data.OleDb.dll 9.0.2 at \\FEAP1313L\Users\edward.barreras\source\repos\LIVE\MIA SRC\packages\System.Data.OleDb.9.0.2\lib\net462\System.Data.OleDb.dll
  - System.Deployment.dll 4.8.3761 at C:\Program Files (x86)\Reference Assemblies\Microsoft\Framework\.NETFramework\v4.8\System.Deployment.dll
  - System.Diagnostics.DiagnosticSource.dll 8.0.4 at \\FEAP1313L\Users\edward.barreras\source\repos\LIVE\MIA SRC\packages\System.Diagnostics.DiagnosticSource.8.0.1\lib\net462\System.Diagnostics.DiagnosticSource.dll
  - System.dll 4.8.3761 at C:\Program Files (x86)\Reference Assemblies\Microsoft\Framework\.NETFramework\v4.8\System.dll
  - System.Drawing.Design.dll 4.8.3761 at C:\Program Files (x86)\Reference Assemblies\Microsoft\Framework\.NETFramework\v4.8\System.Drawing.Design.dll
  - System.Drawing.dll 4.8.3761 at C:\Program Files (x86)\Reference Assemblies\Microsoft\Framework\.NETFramework\v4.8\System.Drawing.dll
  - System.IO.Pipelines.dll 5.0.15 at \\FEAP1313L\Users\edward.barreras\source\repos\LIVE\MIA SRC\packages\System.IO.Pipelines.5.0.2\lib\net461\System.IO.Pipelines.dll
  - System.Management.dll 4.8.3761 at C:\Program Files (x86)\Reference Assemblies\Microsoft\Framework\.NETFramework\v4.8\System.Management.dll
  - System.Memory.dll 4.6.31308 at \\FEAP1313L\Users\edward.barreras\source\repos\LIVE\MIA SRC\packages\System.Memory.4.5.5\lib\net461\System.Memory.dll
  - System.Messaging.dll 4.8.3761 at C:\Program Files (x86)\Reference Assemblies\Microsoft\Framework\.NETFramework\v4.8\System.Messaging.dll
  - System.Net.Http.Formatting.dll 5.2.7 at C:\Program Files\Microsoft Visual Studio\2022\Community\Common7\IDE\PublicAssemblies\System.Net.Http.Formatting.dll
  - System.Numerics.dll 4.8.3761 at C:\Program Files (x86)\Reference Assemblies\Microsoft\Framework\.NETFramework\v4.8\System.Numerics.dll
  - System.Numerics.Vectors.dll 4.6.26515 at \\FEAP1313L\Users\edward.barreras\source\repos\LIVE\MIA SRC\packages\System.Numerics.Vectors.4.5.0\lib\net46\System.Numerics.Vectors.dll
  - System.Runtime.CompilerServices.Unsafe.dll 6.1.0 at \\FEAP1313L\Users\edward.barreras\source\repos\LIVE\MIA SRC\packages\System.Runtime.CompilerServices.Unsafe.6.1.0\lib\net462\System.Runtime.CompilerServices.Unsafe.dll
  - System.Threading.Tasks.Extensions.dll 4.6.0 at \\FEAP1313L\Users\edward.barreras\source\repos\LIVE\MIA SRC\packages\System.Threading.Tasks.Extensions.4.6.0\lib\net462\System.Threading.Tasks.Extensions.dll
  - System.Transactions.dll 4.8.3761 at C:\Program Files (x86)\Reference Assemblies\Microsoft\Framework\.NETFramework\v4.8\System.Transactions.dll
  - System.Web.Extensions.dll 4.8.3761 at C:\Program Files (x86)\Reference Assemblies\Microsoft\Framework\.NETFramework\v4.8\System.Web.Extensions.dll
  - System.Windows.Forms.dll 4.8.3761 at C:\Program Files (x86)\Reference Assemblies\Microsoft\Framework\.NETFramework\v4.8\System.Windows.Forms.dll
  - System.Xml.dll 4.8.3761 at C:\Program Files (x86)\Reference Assemblies\Microsoft\Framework\.NETFramework\v4.8\System.Xml.dll
  - System.Xml.Linq.dll 4.8.3761 at C:\Program Files (x86)\Reference Assemblies\Microsoft\Framework\.NETFramework\v4.8\System.Xml.Linq.dll
  - Telerik.Documents.SpreadsheetStreaming.dll 2026.1.210 at \\FEAP1313L\Users\edward.barreras\source\repos\LIVE\MIA SRC\lib\RCWF\2026.1.210.462\Telerik.Documents.SpreadsheetStreaming.dll
  - Telerik.Licensing.Runtime.dll 1.8.2 at \\FEAP1313L\Users\edward.barreras\source\repos\LIVE\MIA SRC\packages\Telerik.Licensing.1.8.2\lib\net462\Telerik.Licensing.Runtime.dll
  - Telerik.Reporting.dll 19.1.25 at \\FEAP1313L\Users\edward.barreras\source\repos\LIVE\MIA SRC\ERP\bin\Debug\Telerik.Reporting.dll
  - Telerik.Reporting.Services.HttpClient.dll 19.1.25 at \\FEAP1313L\Users\edward.barreras\source\repos\LIVE\MIA SRC\ERP\bin\Debug\Telerik.Reporting.Services.HttpClient.dll
  - Telerik.Reporting.Services.ServiceStack.dll 19.1.25 at \\FEAP1313L\Users\edward.barreras\source\repos\LIVE\MIA SRC\ERP\bin\Debug\Telerik.Reporting.Services.ServiceStack.dll
  - Telerik.ReportViewer.WinForms.dll 19.1.25 at \\FEAP1313L\Users\edward.barreras\source\repos\LIVE\MIA SRC\ERP\bin\Debug\Telerik.ReportViewer.WinForms.dll
  - Telerik.ReportViewer.Wpf.dll 19.1.25 at \\FEAP1313L\Users\edward.barreras\source\repos\LIVE\MIA SRC\ERP\bin\Debug\Telerik.ReportViewer.Wpf.dll
  - Telerik.WinControls.dll 2026.1.210 at \\FEAP1313L\Users\edward.barreras\source\repos\LIVE\MIA SRC\lib\RCWF\2026.1.210.462\Telerik.WinControls.dll
  - Telerik.WinControls.GridView.dll 2026.1.210 at \\FEAP1313L\Users\edward.barreras\source\repos\LIVE\MIA SRC\lib\RCWF\2026.1.210.462\Telerik.WinControls.GridView.dll
  - Telerik.WinControls.RadDock.dll 2026.1.210 at \\FEAP1313L\Users\edward.barreras\source\repos\LIVE\MIA SRC\lib\RCWF\2026.1.210.462\Telerik.WinControls.RadDock.dll
  - Telerik.WinControls.Themes.Aqua.dll 2026.1.210 at \\FEAP1313L\Users\edward.barreras\source\repos\LIVE\MIA SRC\lib\RCWF\2026.1.210.462\Telerik.WinControls.Themes.Aqua.dll
  - Telerik.WinControls.Themes.Breeze.dll 2026.1.210 at \\FEAP1313L\Users\edward.barreras\source\repos\LIVE\MIA SRC\lib\RCWF\2026.1.210.462\Telerik.WinControls.Themes.Breeze.dll
  - Telerik.WinControls.Themes.Crystal.dll 2026.1.210 at \\FEAP1313L\Users\edward.barreras\source\repos\LIVE\MIA SRC\lib\RCWF\2026.1.210.462\Telerik.WinControls.Themes.Crystal.dll
  - Telerik.WinControls.Themes.CrystalDark.dll 2026.1.210 at \\FEAP1313L\Users\edward.barreras\source\repos\LIVE\MIA SRC\lib\RCWF\2026.1.210.462\Telerik.WinControls.Themes.CrystalDark.dll
  - Telerik.WinControls.Themes.Desert.dll 2026.1.210 at \\FEAP1313L\Users\edward.barreras\source\repos\LIVE\MIA SRC\lib\RCWF\2026.1.210.462\Telerik.WinControls.Themes.Desert.dll
  - Telerik.WinControls.Themes.Fluent.dll 2026.1.210 at \\FEAP1313L\Users\edward.barreras\source\repos\LIVE\MIA SRC\lib\RCWF\2026.1.210.462\Telerik.WinControls.Themes.Fluent.dll
  - Telerik.WinControls.Themes.FluentDark.dll 2026.1.210 at \\FEAP1313L\Users\edward.barreras\source\repos\LIVE\MIA SRC\lib\RCWF\2026.1.210.462\Telerik.WinControls.Themes.FluentDark.dll
  - Telerik.WinControls.Themes.HighContrastBlack.dll 2026.1.210 at \\FEAP1313L\Users\edward.barreras\source\repos\LIVE\MIA SRC\lib\RCWF\2026.1.210.462\Telerik.WinControls.Themes.HighContrastBlack.dll
  - Telerik.WinControls.Themes.Material.dll 2026.1.210 at \\FEAP1313L\Users\edward.barreras\source\repos\LIVE\MIA SRC\lib\RCWF\2026.1.210.462\Telerik.WinControls.Themes.Material.dll
  - Telerik.WinControls.Themes.MaterialBlueGrey.dll 2026.1.210 at \\FEAP1313L\Users\edward.barreras\source\repos\LIVE\MIA SRC\lib\RCWF\2026.1.210.462\Telerik.WinControls.Themes.MaterialBlueGrey.dll
  - Telerik.WinControls.Themes.MaterialPink.dll 2026.1.210 at \\FEAP1313L\Users\edward.barreras\source\repos\LIVE\MIA SRC\lib\RCWF\2026.1.210.462\Telerik.WinControls.Themes.MaterialPink.dll
  - Telerik.WinControls.Themes.MaterialTeal.dll 2026.1.210 at \\FEAP1313L\Users\edward.barreras\source\repos\LIVE\MIA SRC\lib\RCWF\2026.1.210.462\Telerik.WinControls.Themes.MaterialTeal.dll
  - Telerik.WinControls.Themes.Office2007Black.dll 2026.1.210 at \\FEAP1313L\Users\edward.barreras\source\repos\LIVE\MIA SRC\lib\RCWF\2026.1.210.462\Telerik.WinControls.Themes.Office2007Black.dll
  - Telerik.WinControls.Themes.Office2010Black.dll 2026.1.210 at \\FEAP1313L\Users\edward.barreras\source\repos\LIVE\MIA SRC\lib\RCWF\2026.1.210.462\Telerik.WinControls.Themes.Office2010Black.dll
  - Telerik.WinControls.Themes.Office2010Blue.dll 2026.1.210 at \\FEAP1313L\Users\edward.barreras\source\repos\LIVE\MIA SRC\lib\RCWF\2026.1.210.462\Telerik.WinControls.Themes.Office2010Blue.dll
  - Telerik.WinControls.Themes.Office2010Silver.dll 2026.1.210 at \\FEAP1313L\Users\edward.barreras\source\repos\LIVE\MIA SRC\lib\RCWF\2026.1.210.462\Telerik.WinControls.Themes.Office2010Silver.dll
  - Telerik.WinControls.Themes.Office2013Dark.dll 2026.1.210 at \\FEAP1313L\Users\edward.barreras\source\repos\LIVE\MIA SRC\lib\RCWF\2026.1.210.462\Telerik.WinControls.Themes.Office2013Dark.dll
  - Telerik.WinControls.Themes.Office2013Light.dll 2026.1.210 at \\FEAP1313L\Users\edward.barreras\source\repos\LIVE\MIA SRC\lib\RCWF\2026.1.210.462\Telerik.WinControls.Themes.Office2013Light.dll
  - Telerik.WinControls.Themes.TelerikMetroBlue.dll 2026.1.210 at \\FEAP1313L\Users\edward.barreras\source\repos\LIVE\MIA SRC\lib\RCWF\2026.1.210.462\Telerik.WinControls.Themes.TelerikMetroBlue.dll
  - Telerik.WinControls.Themes.VisualStudio2012Dark.dll 2026.1.210 at \\FEAP1313L\Users\edward.barreras\source\repos\LIVE\MIA SRC\lib\RCWF\2026.1.210.462\Telerik.WinControls.Themes.VisualStudio2012Dark.dll
  - Telerik.WinControls.Themes.VisualStudio2012Light.dll 2026.1.210 at \\FEAP1313L\Users\edward.barreras\source\repos\LIVE\MIA SRC\lib\RCWF\2026.1.210.462\Telerik.WinControls.Themes.VisualStudio2012Light.dll
  - Telerik.WinControls.Themes.Windows7.dll 2026.1.210 at \\FEAP1313L\Users\edward.barreras\source\repos\LIVE\MIA SRC\lib\RCWF\2026.1.210.462\Telerik.WinControls.Themes.Windows7.dll
  - Telerik.WinControls.Themes.Windows8.dll 2026.1.210 at \\FEAP1313L\Users\edward.barreras\source\repos\LIVE\MIA SRC\lib\RCWF\2026.1.210.462\Telerik.WinControls.Themes.Windows8.dll
  - Telerik.WinControls.UI.dll 2026.1.210 at \\FEAP1313L\Users\edward.barreras\source\repos\LIVE\MIA SRC\lib\RCWF\2026.1.210.462\Telerik.WinControls.UI.dll
  - Telerik.Windows.Documents.Core.dll 2026.1.210 at \\FEAP1313L\Users\edward.barreras\source\repos\LIVE\MIA SRC\lib\RCWF\2026.1.210.462\Telerik.Windows.Documents.Core.dll
  - Telerik.Windows.Documents.Fixed.dll 2026.1.210 at \\FEAP1313L\Users\edward.barreras\source\repos\LIVE\MIA SRC\lib\RCWF\2026.1.210.462\Telerik.Windows.Documents.Fixed.dll
  - Telerik.Windows.Documents.Spreadsheet.dll 2026.1.210 at \\FEAP1313L\Users\edward.barreras\source\repos\LIVE\MIA SRC\lib\RCWF\2026.1.210.462\Telerik.Windows.Documents.Spreadsheet.dll
  - Telerik.Windows.Documents.Spreadsheet.FormatProviders.OpenXml.dll 2026.1.210 at \\FEAP1313L\Users\edward.barreras\source\repos\LIVE\MIA SRC\lib\RCWF\2026.1.210.462\Telerik.Windows.Documents.Spreadsheet.FormatProviders.OpenXml.dll
  - Telerik.Windows.Documents.Spreadsheet.FormatProviders.Pdf.dll 2026.1.210 at \\FEAP1313L\Users\edward.barreras\source\repos\LIVE\MIA SRC\lib\RCWF\2026.1.210.462\Telerik.Windows.Documents.Spreadsheet.FormatProviders.Pdf.dll
  - Telerik.Windows.Documents.Spreadsheet.FormatProviders.Xls.dll 2026.1.210 at \\FEAP1313L\Users\edward.barreras\source\repos\LIVE\MIA SRC\lib\RCWF\2026.1.210.462\Telerik.Windows.Documents.Spreadsheet.FormatProviders.Xls.dll
  - Telerik.Windows.Zip.dll 2026.1.210 at \\FEAP1313L\Users\edward.barreras\source\repos\LIVE\MIA SRC\lib\RCWF\2026.1.210.462\Telerik.Windows.Zip.dll
  - TelerikCommon.dll 2026.1.210 at \\FEAP1313L\Users\edward.barreras\source\repos\LIVE\MIA SRC\lib\RCWF\2026.1.210.462\TelerikCommon.dll
  - TelerikExport.dll 2026.1.210 at \\FEAP1313L\Users\edward.barreras\source\repos\LIVE\MIA SRC\lib\RCWF\2026.1.210.462\TelerikExport.dll
  - Ubiety.Dns.Core.dll 2.2.1 at \\FEAP1313L\Users\edward.barreras\source\repos\LIVE\MIA SRC\ERP\bin\Debug\Ubiety.Dns.Core.dll
  - WindowsBase.dll 4.8.3761 at C:\Program Files (x86)\Reference Assemblies\Microsoft\Framework\.NETFramework\v4.8\WindowsBase.dll
  - ZstdSharp.dll 0.8.5 at \\FEAP1313L\Users\edward.barreras\source\repos\LIVE\MIA SRC\packages\ZstdSharp.Port.0.8.5\lib\net462\ZstdSharp.dll
  MachineId=2xQjveFWQf4bUNzPt3x/SIfuym0=

[2026-03-23 15:54:59.969] [Low]   Looking for Telerik product metadata in referenced assemblies
      - \\FEAP1313L\Users\edward.barreras\source\repos\LIVE\MIA SRC\lib\RCWF\2026.1.210.462\Telerik.Documents.SpreadsheetStreaming.dll
        ProductCode: DPL, LicenseDate: 2026-02-10, Redistributed By: RCWPF, RCWF, MAUI, UIXAM, WINUI, RCAJAX, KENDOUIMVC, UIASPCORE, BLAZOR, ProductName: Telerik Document Processing Libraries, ProductVersion: 2026.1.210.462, Flags: None
      - \\FEAP1313L\Users\edward.barreras\source\repos\LIVE\MIA SRC\ERP\bin\Debug\Telerik.Reporting.dll
        ProductCode: REPORTING, LicenseDate: 2025-05-21, ProductName: Telerik Reporting, ProductVersion: 19.1.25.521, Flags: None
      - \\FEAP1313L\Users\edward.barreras\source\repos\LIVE\MIA SRC\lib\RCWF\2026.1.210.462\Telerik.WinControls.dll
        ProductCode: RCWF, LicenseDate: 2026-02-10, ProductName: Telerik UI for WinForms, ProductVersion: 2026.1.210.462, Flags: None
      - \\FEAP1313L\Users\edward.barreras\source\repos\LIVE\MIA SRC\lib\RCWF\2026.1.210.462\Telerik.WinControls.GridView.dll
        ProductCode: RCWF, LicenseDate: 2026-02-10, ProductName: Telerik UI for WinForms, ProductVersion: 2026.1.210.462, Flags: None
      - \\FEAP1313L\Users\edward.barreras\source\repos\LIVE\MIA SRC\lib\RCWF\2026.1.210.462\Telerik.WinControls.RadDock.dll
        ProductCode: RCWF, LicenseDate: 2026-02-10, ProductName: Telerik UI for WinForms, ProductVersion: 2026.1.210.462, Flags: None
      - \\FEAP1313L\Users\edward.barreras\source\repos\LIVE\MIA SRC\lib\RCWF\2026.1.210.462\Telerik.WinControls.Themes.Aqua.dll
        ProductCode: RCWF, LicenseDate: 2026-02-10, ProductName: Telerik UI for WinForms, ProductVersion: 2026.1.210.462, Flags: None
      - \\FEAP1313L\Users\edward.barreras\source\repos\LIVE\MIA SRC\lib\RCWF\2026.1.210.462\Telerik.WinControls.Themes.Breeze.dll
        ProductCode: RCWF, LicenseDate: 2026-02-10, ProductName: Telerik UI for WinForms, ProductVersion: 2026.1.210.462, Flags: None
      - \\FEAP1313L\Users\edward.barreras\source\repos\LIVE\MIA SRC\lib\RCWF\2026.1.210.462\Telerik.WinControls.Themes.Crystal.dll
        ProductCode: RCWF, LicenseDate: 2026-02-10, ProductName: Telerik UI for WinForms, ProductVersion: 2026.1.210.462, Flags: None
      - \\FEAP1313L\Users\edward.barreras\source\repos\LIVE\MIA SRC\lib\RCWF\2026.1.210.462\Telerik.WinControls.Themes.CrystalDark.dll
        ProductCode: RCWF, LicenseDate: 2026-02-10, ProductName: Telerik UI for WinForms, ProductVersion: 2026.1.210.462, Flags: None
      - \\FEAP1313L\Users\edward.barreras\source\repos\LIVE\MIA SRC\lib\RCWF\2026.1.210.462\Telerik.WinControls.Themes.Desert.dll
        ProductCode: RCWF, LicenseDate: 2026-02-10, ProductName: Telerik UI for WinForms, ProductVersion: 2026.1.210.462, Flags: None
      - \\FEAP1313L\Users\edward.barreras\source\repos\LIVE\MIA SRC\lib\RCWF\2026.1.210.462\Telerik.WinControls.Themes.Fluent.dll
        ProductCode: RCWF, LicenseDate: 2026-02-10, ProductName: Telerik UI for WinForms, ProductVersion: 2026.1.210.462, Flags: None
      - \\FEAP1313L\Users\edward.barreras\source\repos\LIVE\MIA SRC\lib\RCWF\2026.1.210.462\Telerik.WinControls.Themes.FluentDark.dll
        ProductCode: RCWF, LicenseDate: 2026-02-10, ProductName: Telerik UI for WinForms, ProductVersion: 2026.1.210.462, Flags: None
      - \\FEAP1313L\Users\edward.barreras\source\repos\LIVE\MIA SRC\lib\RCWF\2026.1.210.462\Telerik.WinControls.Themes.HighContrastBlack.dll
        ProductCode: RCWF, LicenseDate: 2026-02-10, ProductName: Telerik UI for WinForms, ProductVersion: 2026.1.210.462, Flags: None
      - \\FEAP1313L\Users\edward.barreras\source\repos\LIVE\MIA SRC\lib\RCWF\2026.1.210.462\Telerik.WinControls.Themes.Material.dll
        ProductCode: RCWF, LicenseDate: 2026-02-10, ProductName: Telerik UI for WinForms, ProductVersion: 2026.1.210.462, Flags: None
      - \\FEAP1313L\Users\edward.barreras\source\repos\LIVE\MIA SRC\lib\RCWF\2026.1.210.462\Telerik.WinControls.Themes.MaterialBlueGrey.dll
        ProductCode: RCWF, LicenseDate: 2026-02-10, ProductName: Telerik UI for WinForms, ProductVersion: 2026.1.210.462, Flags: None
      - \\FEAP1313L\Users\edward.barreras\source\repos\LIVE\MIA SRC\lib\RCWF\2026.1.210.462\Telerik.WinControls.Themes.MaterialPink.dll
        ProductCode: RCWF, LicenseDate: 2026-02-10, ProductName: Telerik UI for WinForms, ProductVersion: 2026.1.210.462, Flags: None
      - \\FEAP1313L\Users\edward.barreras\source\repos\LIVE\MIA SRC\lib\RCWF\2026.1.210.462\Telerik.WinControls.Themes.MaterialTeal.dll
        ProductCode: RCWF, LicenseDate: 2026-02-10, ProductName: Telerik UI for WinForms, ProductVersion: 2026.1.210.462, Flags: None
      - \\FEAP1313L\Users\edward.barreras\source\repos\LIVE\MIA SRC\lib\RCWF\2026.1.210.462\Telerik.WinControls.Themes.Office2007Black.dll
        ProductCode: RCWF, LicenseDate: 2026-02-10, ProductName: Telerik UI for WinForms, ProductVersion: 2026.1.210.462, Flags: None
      - \\FEAP1313L\Users\edward.barreras\source\repos\LIVE\MIA SRC\lib\RCWF\2026.1.210.462\Telerik.WinControls.Themes.Office2010Black.dll
        ProductCode: RCWF, LicenseDate: 2026-02-10, ProductName: Telerik UI for WinForms, ProductVersion: 2026.1.210.462, Flags: None
      - \\FEAP1313L\Users\edward.barreras\source\repos\LIVE\MIA SRC\lib\RCWF\2026.1.210.462\Telerik.WinControls.Themes.Office2010Blue.dll
        ProductCode: RCWF, LicenseDate: 2026-02-10, ProductName: Telerik UI for WinForms, ProductVersion: 2026.1.210.462, Flags: None
      - \\FEAP1313L\Users\edward.barreras\source\repos\LIVE\MIA SRC\lib\RCWF\2026.1.210.462\Telerik.WinControls.Themes.Office2010Silver.dll
        ProductCode: RCWF, LicenseDate: 2026-02-10, ProductName: Telerik UI for WinForms, ProductVersion: 2026.1.210.462, Flags: None
      - \\FEAP1313L\Users\edward.barreras\source\repos\LIVE\MIA SRC\lib\RCWF\2026.1.210.462\Telerik.WinControls.Themes.Office2013Dark.dll
        ProductCode: RCWF, LicenseDate: 2026-02-10, ProductName: Telerik UI for WinForms, ProductVersion: 2026.1.210.462, Flags: None
      - \\FEAP1313L\Users\edward.barreras\source\repos\LIVE\MIA SRC\lib\RCWF\2026.1.210.462\Telerik.WinControls.Themes.Office2013Light.dll
        ProductCode: RCWF, LicenseDate: 2026-02-10, ProductName: Telerik UI for WinForms, ProductVersion: 2026.1.210.462, Flags: None
      - \\FEAP1313L\Users\edward.barreras\source\repos\LIVE\MIA SRC\lib\RCWF\2026.1.210.462\Telerik.WinControls.Themes.TelerikMetroBlue.dll
        ProductCode: RCWF, LicenseDate: 2026-02-10, ProductName: Telerik UI for WinForms, ProductVersion: 2026.1.210.462, Flags: None
      - \\FEAP1313L\Users\edward.barreras\source\repos\LIVE\MIA SRC\lib\RCWF\2026.1.210.462\Telerik.WinControls.Themes.VisualStudio2012Dark.dll
        ProductCode: RCWF, LicenseDate: 2026-02-10, ProductName: Telerik UI for WinForms, ProductVersion: 2026.1.210.462, Flags: None
      - \\FEAP1313L\Users\edward.barreras\source\repos\LIVE\MIA SRC\lib\RCWF\2026.1.210.462\Telerik.WinControls.Themes.VisualStudio2012Light.dll
        ProductCode: RCWF, LicenseDate: 2026-02-10, ProductName: Telerik UI for WinForms, ProductVersion: 2026.1.210.462, Flags: None
      - \\FEAP1313L\Users\edward.barreras\source\repos\LIVE\MIA SRC\lib\RCWF\2026.1.210.462\Telerik.WinControls.Themes.Windows7.dll
        ProductCode: RCWF, LicenseDate: 2026-02-10, ProductName: Telerik UI for WinForms, ProductVersion: 2026.1.210.462, Flags: None
      - \\FEAP1313L\Users\edward.barreras\source\repos\LIVE\MIA SRC\lib\RCWF\2026.1.210.462\Telerik.WinControls.Themes.Windows8.dll
        ProductCode: RCWF, LicenseDate: 2026-02-10, ProductName: Telerik UI for WinForms, ProductVersion: 2026.1.210.462, Flags: None
      - \\FEAP1313L\Users\edward.barreras\source\repos\LIVE\MIA SRC\lib\RCWF\2026.1.210.462\Telerik.WinControls.UI.dll
        ProductCode: RCWF, LicenseDate: 2026-02-10, ProductName: Telerik UI for WinForms, ProductVersion: 2026.1.210.462, Flags: None
      - \\FEAP1313L\Users\edward.barreras\source\repos\LIVE\MIA SRC\lib\RCWF\2026.1.210.462\Telerik.Windows.Documents.Core.dll
        ProductCode: DPL, LicenseDate: 2026-02-10, Redistributed By: RCWPF, RCWF, MAUI, UIXAM, WINUI, RCAJAX, KENDOUIMVC, UIASPCORE, BLAZOR, ProductName: Telerik Document Processing Libraries, ProductVersion: 2026.1.210.462, Flags: None
      - \\FEAP1313L\Users\edward.barreras\source\repos\LIVE\MIA SRC\lib\RCWF\2026.1.210.462\Telerik.Windows.Documents.Fixed.dll
        ProductCode: DPL, LicenseDate: 2026-02-10, Redistributed By: RCWPF, RCWF, MAUI, UIXAM, WINUI, RCAJAX, KENDOUIMVC, UIASPCORE, BLAZOR, ProductName: Telerik Document Processing Libraries, ProductVersion: 2026.1.210.462, Flags: None
      - \\FEAP1313L\Users\edward.barreras\source\repos\LIVE\MIA SRC\lib\RCWF\2026.1.210.462\Telerik.Windows.Documents.Spreadsheet.dll
        ProductCode: DPL, LicenseDate: 2026-02-10, Redistributed By: RCWPF, RCWF, MAUI, UIXAM, WINUI, RCAJAX, KENDOUIMVC, UIASPCORE, BLAZOR, ProductName: Telerik Document Processing Libraries, ProductVersion: 2026.1.210.462, Flags: None
      - \\FEAP1313L\Users\edward.barreras\source\repos\LIVE\MIA SRC\lib\RCWF\2026.1.210.462\Telerik.Windows.Documents.Spreadsheet.FormatProviders.Pdf.dll
        ProductCode: DPL, LicenseDate: 2026-02-10, Redistributed By: RCWPF, RCWF, MAUI, UIXAM, WINUI, RCAJAX, KENDOUIMVC, UIASPCORE, BLAZOR, ProductName: Telerik Document Processing Libraries, ProductVersion: 2026.1.210.462, Flags: None
      - \\FEAP1313L\Users\edward.barreras\source\repos\LIVE\MIA SRC\lib\RCWF\2026.1.210.462\Telerik.Windows.Documents.Spreadsheet.FormatProviders.Xls.dll
        ProductCode: DPL, LicenseDate: 2026-02-10, Redistributed By: RCWPF, RCWF, MAUI, UIXAM, WINUI, RCAJAX, KENDOUIMVC, UIASPCORE, BLAZOR, ProductName: Telerik Document Processing Libraries, ProductVersion: 2026.1.210.462, Flags: None
      - \\FEAP1313L\Users\edward.barreras\source\repos\LIVE\MIA SRC\lib\RCWF\2026.1.210.462\Telerik.Windows.Zip.dll
        ProductCode: DPL, LicenseDate: 2026-02-10, Redistributed By: RCWPF, RCWF, MAUI, UIXAM, WINUI, RCAJAX, KENDOUIMVC, UIASPCORE, BLAZOR, ProductName: Telerik Document Processing Libraries, ProductVersion: 2026.1.210.462, Flags: None
      - \\FEAP1313L\Users\edward.barreras\source\repos\LIVE\MIA SRC\lib\RCWF\2026.1.210.462\TelerikCommon.dll
        ProductCode: RCWF, LicenseDate: 2026-02-10, ProductName: Telerik UI for WinForms, ProductVersion: 2026.1.210.462, Flags: None
      - \\FEAP1313L\Users\edward.barreras\source\repos\LIVE\MIA SRC\lib\RCWF\2026.1.210.462\TelerikExport.dll
        ProductCode: RCWF, LicenseDate: 2026-02-10, ProductName: Telerik UI for WinForms, ProductVersion: 2026.1.210.462, Flags: None
      Unique Products:
      - "Telerik Document Processing Libraries" (DPL) 2026.1.210.462 @2026-02-10
      - "Telerik UI for WinForms" (RCWF) 2026.1.210.462 @2026-02-10
      - "Telerik Reporting" (REPORTING) 19.1.25.521 @2025-05-21
      Found a total of 3 referenced Telerik products for 

[2026-03-23 15:55:00.014] [Low]   Provision Licensing
        Looking up license file...
        - EnvironmentVariablePath: TELERIK_LICENSE_PATH (NotAvailable)
        - EnvironmentVariable: TELERIK_LICENSE (NotAvailable)
        - EnvironmentVariable: KENDO_UI_LICENSE (NotAvailable)
        - RecursiveFilePath: \\FEAP1313L\Users\edward.barreras\source\repos\LIVE\MIA SRC\ERP\telerik-license.txt (NotAvailable)
        - RecursiveFilePath: \\FEAP1313L\Users\edward.barreras\source\repos\LIVE\MIA SRC\ERP\kendo-ui-license.txt (NotAvailable)
        - RecursiveFilePath: \\FEAP1313L\Users\edward.barreras\source\repos\LIVE\MIA SRC\telerik-license.txt (LicenseFound)
        - RecursiveFilePath: \\FEAP1313L\Users\edward.barreras\source\repos\LIVE\MIA SRC\kendo-ui-license.txt (Skip)
        - RecursiveFilePath: \\FEAP1313L\Users\edward.barreras\source\repos\LIVE\telerik-license.txt (Skip)
        - RecursiveFilePath: \\FEAP1313L\Users\edward.barreras\source\repos\LIVE\kendo-ui-license.txt (Skip)
        - RecursiveFilePath: \\FEAP1313L\Users\edward.barreras\source\repos\telerik-license.txt (Skip)
        - RecursiveFilePath: \\FEAP1313L\Users\edward.barreras\source\repos\kendo-ui-license.txt (Skip)
        - RecursiveFilePath: \\FEAP1313L\Users\edward.barreras\source\telerik-license.txt (Skip)
        - RecursiveFilePath: \\FEAP1313L\Users\edward.barreras\source\kendo-ui-license.txt (Skip)
        - RecursiveFilePath: \\FEAP1313L\Users\edward.barreras\telerik-license.txt (Skip)
        - RecursiveFilePath: \\FEAP1313L\Users\edward.barreras\kendo-ui-license.txt (Skip)
        - RecursiveFilePath: \\FEAP1313L\Users\telerik-license.txt (Skip)
        - RecursiveFilePath: \\FEAP1313L\Users\kendo-ui-license.txt (Skip)
        - UserDirectory: C:\Users\edward.barreras\AppData\Roaming\Telerik\telerik-license.txt (Skip)
        - UserDirectory: C:\Users\edward.barreras\AppData\Roaming\Telerik\kendo-ui-license.txt (Skip)
        LicenseKey
        - AUD: f***.m**@f***************.com
        - UsedId: ab69b8b5-c84c-45ed-8228-81dac868c759
        - LicenseId: e7eaafda-87c7-42d6-9ce6-49a541b8c4ed
        - IssuedAt: 1/20/2026 6:35:06 AM
        - Licenses
          0) Perpetual BLAZOR, expiration 9/25/2027 12:49:33 PM, type: 'perpetual'
          1) Perpetual JM, expiration 9/25/2027 12:49:33 PM, type: 'perpetual'
          2) Perpetual KENDOUIANGULAR, expiration 9/25/2027 12:49:33 PM, type: 'perpetual'
          3) Perpetual KENDOUICOMPLETE, expiration 9/25/2027 12:49:33 PM, type: 'perpetual'
          4) Perpetual KENDOUIMVC, expiration 9/25/2027 12:49:33 PM, type: 'perpetual'
          5) Perpetual KENDOUIREACT, expiration 9/25/2027 12:49:33 PM, type: 'perpetual'
          6) Perpetual KENDOUIVUE, expiration 9/25/2027 12:49:33 PM, type: 'perpetual'
          7) Perpetual MAUI, expiration 9/25/2027 12:49:33 PM, type: 'perpetual'
          8) Perpetual RCAJAX, expiration 9/25/2027 12:49:33 PM, type: 'perpetual'
          9) Perpetual RCWF, expiration 9/25/2027 12:49:33 PM, type: 'perpetual'
          10) Perpetual RCWPF, expiration 9/25/2027 12:49:33 PM, type: 'perpetual'
          11) Perpetual REPORTING, expiration 9/25/2027 12:49:33 PM, type: 'perpetual'
          12) Perpetual REPORTSERVER, expiration 9/25/2027 12:49:33 PM, type: 'perpetual'
          13) Perpetual UIASPCORE, expiration 9/25/2027 12:49:33 PM, type: 'perpetual'
          14) Perpetual UIXAM, expiration 2/19/2025 6:00:00 AM, type: 'perpetual'
          15) Perpetual WINUI, expiration 9/25/2027 12:49:33 PM, type: 'perpetual'
          16) Usage UserId: ab69b8b5-c84c-45ed-8228-81dac868c759, LicenseId: e7eaafda-87c7-42d6-9ce6-49a541b8c4ed, type: 'usage'

[2026-03-23 15:55:00.025] [Low]   License Resolution
        Messages
          - License OK for "Telerik UI for WinForms" (RCWF) 2026.1.210.462 @2026-02-10 - Perpetual, valid until 2027-09-25.
          - License OK for "Telerik Reporting" (REPORTING) 19.1.25.521 @2025-05-21 - Perpetual, valid until 2027-09-25.
          - License OK for "Telerik Document Processing Libraries" (DPL) 2026.1.210.462 @2026-02-10 - Perpetual for RCWF, valid until 2027-09-25.
        JWTs
          - eyJhbGciOiJSUzI1NiIsInR5cCI6IlRlbGVyaWsgTGljZW5zZSBFdmlkZW5jZSJ9.eyJjb2RlIjoiUkNXRiIsInR5cGUiOiJwZXJwZXR1YWwiLCJleHBpcmF0aW9uIjoxODIxODc2NTczLCJ1c2VySWQiOiJhYjY5YjhiNS1jODRjLTQ1ZWQtODIyOC04MWRhYzg2OGM3NTkiLCJsaWNlbnNlSWQiOiJlN2VhYWZkYS04N2M3LTQyZDYtOWNlNi00OWE1NDFiOGM0ZWQifQ.H8sxX5O2T3i22Uhy0PFV3YDo-lS1iHVocWX9Eu-82PheI3XbKMkEr7QiChWfuNwS9afgR7PMGy4_nx9HXRV5V9cRQ1zWvIkJsG2EbadPtKlygaAkCh-FXSRVflm3WITNHIAYfazZa26sHSnqBW_XRbH3o0GQkqVYkLlxLuLuKa4M7LlA1KtQZcVFhOH2oaXQoxfrkUMQxNFCz0JdI76T1YJNrAwxpXri8KUzfoDwKhY-IhN-bU25hJs19yGvWykTuZqrZ3lv603aQkaCaPnlF_tHROsmC7nbV4aaxaSHRF1PVD5lqsAhkA5OdGmqH8Kq9F5mhRXVVwYWf3WBcxZKkg
          - eyJhbGciOiJSUzI1NiIsInR5cCI6IlRlbGVyaWsgTGljZW5zZSBFdmlkZW5jZSJ9.eyJjb2RlIjoiUkVQT1JUSU5HIiwidHlwZSI6InBlcnBldHVhbCIsImV4cGlyYXRpb24iOjE4MjE4NzY1NzMsInVzZXJJZCI6ImFiNjliOGI1LWM4NGMtNDVlZC04MjI4LTgxZGFjODY4Yzc1OSIsImxpY2Vuc2VJZCI6ImU3ZWFhZmRhLTg3YzctNDJkNi05Y2U2LTQ5YTU0MWI4YzRlZCJ9.vMdezVVvhtRG-iThgXrXFDyr8L394y38spuHWK9Cyc_b9XZ2iHzEwyT9dLgOqBfvEQM3-GKFcOW6O4-_SSwoIjNhm9paVKSVEmeonMfEOgZjOXuqYFCrXmegYUefJNkHmL6P9cB0CPtA_PThVXqg_RGtCMGEoTW_ISG2ymjLnKXwuGf3uQoTxYWCmdBVMAeZHBlzpUh7aJ78fWmWbIvGf_jrykaFhCaWML2yJHyAjHIH1uzf088pGqdOeDvhBQsIva3Hg0KPLptC4ZqxkkVyYHFvvqFgwwkv8O3ex6Df238honjg-11aXIid1Ad6SSsrqEuKqHBUF__HbdhN0AvfLg
        Licenses
          - License OK for "Telerik UI for WinForms" (RCWF) 2026.1.210.462 @2026-02-10 - Perpetual, valid until 2027-09-25.
          - License OK for "Telerik Reporting" (REPORTING) 19.1.25.521 @2025-05-21 - Perpetual, valid until 2027-09-25.
          - License OK for "Telerik Document Processing Libraries" (DPL) 2026.1.210.462 @2026-02-10 - Perpetual for RCWF, valid until 2027-09-25.

[2026-03-23 15:55:00.030] [Low] OutputType: WinExe, ImportXamlTargets: True
[2026-03-23 15:55:00.047] [Low] 
      Call-Home Telerik Products (3 for )
      - "Telerik UI for WinForms" (RCWF) 2026.1.210
      - "DPL" (DPL) 2026.1.210
      - "Telerik Reporting" (REPORTING) 19.1.25

[2026-03-23 15:55:00.047] [Low] 
[2026-03-23 15:55:00.050] [Low] 
      Call-Home Telerik Features (0 for )

[2026-03-23 15:55:00.050] [Low] 
[2026-03-23 15:55:00.103] [Low]   Report Telerik.Licensing
        UserId: ab69b8b5-c84c-45ed-8228-81dac868c759
        LicenseId: e7eaafda-87c7-42d6-9ce6-49a541b8c4ed
        Products
        - LicenseUsed RCWF 2026.1.210.462 SKIPPED
        - LicenseUsed REPORTING 19.1.25.521 SKIPPED
        - LicenseUsed DPL 2026.1.210.462 SKIPPED
      Report finished in 00:00:00.0445189

[2026-03-23 15:55:00.104] [Low]   Sending Telemetry...
[2026-03-23 15:55:00.135] [Low]   Metrics done 00:00:00.0309946
[2026-03-23 15:55:00.140] [Normal] Resolve Telerik Products. Done (00:00:00.6042789) for 
[2026-03-23 15:55:19.507] [Normal] Resolve Telerik Products.
  MSBuildProjectName=2
  MSBuildProjectDirectory=\\FEAP1313L\Users\edward.barreras\source\repos\LIVE\MIA SRC\ERP
  MSBuildProjectExtension=.vbproj
  Language=VB
  OutputPath=bin\Debug\
  Platform=AnyCPU
  TargetFramework=
  TargetFrameworks=
  TargetFrameworkVersion=v4.8
  VisualStudioVersion=17.0
  UsingMicrosoftNETSdk=
  UsingMicrosoftNETSdkRazor=
  UsingMicrosoftNETSdkWeb=
  ImportXamlTargets=True
  OutputType=WinExe
  UseMaui=
  NuGetPackageRoot=

  PackageReferences
  ReferencePaths
  - BouncyCastle.Crypto.dll 1.8.3 at \\FEAP1313L\Users\edward.barreras\source\repos\LIVE\MIA SRC\packages\BouncyCastle.1.8.3.1\lib\BouncyCastle.Crypto.dll
  - BouncyCastle.Cryptography.dll 2.5.1 at \\FEAP1313L\Users\edward.barreras\source\repos\LIVE\MIA SRC\packages\BouncyCastle.Cryptography.2.5.1\lib\net461\BouncyCastle.Cryptography.dll
  - ClosedXML.dll 0.96.0 at \\FEAP1313L\Users\edward.barreras\source\repos\LIVE\MIA SRC\packages\ClosedXML.0.96.0\lib\net40\ClosedXML.dll
  - DocumentFormat.OpenXml.dll 2.16.0 at \\FEAP1313L\Users\edward.barreras\source\repos\LIVE\MIA SRC\packages\DocumentFormat.OpenXml.2.16.0\lib\net40\DocumentFormat.OpenXml.dll
  - ExcelNumberFormat.dll 1.1.0 at \\FEAP1313L\Users\edward.barreras\source\repos\LIVE\MIA SRC\packages\ExcelNumberFormat.1.1.0\lib\net20\ExcelNumberFormat.dll
  - FEAPNS.dll 1.0.0 at \\FEAP1313L\Users\edward.barreras\source\repos\LIVE\MIA SRC\ERP\bin\Debug\FEAPNS.dll
  - Gma.QrCodeNet.Encoding.dll 0.4.1 at \\FEAP1313L\Users\edward.barreras\source\repos\LIVE\MIA SRC\packages\Gma.QrCodeNet.0.4.1.2\lib\net40\Gma.QrCodeNet.Encoding.dll
  - Google.Protobuf.dll 3.30.0 at \\FEAP1313L\Users\edward.barreras\source\repos\LIVE\MIA SRC\packages\Google.Protobuf.3.30.0\lib\net45\Google.Protobuf.dll
  - K4os.Compression.LZ4.dll 1.3.8 at \\FEAP1313L\Users\edward.barreras\source\repos\LIVE\MIA SRC\packages\K4os.Compression.LZ4.1.3.8\lib\net462\K4os.Compression.LZ4.dll
  - K4os.Compression.LZ4.Streams.dll 1.3.8 at \\FEAP1313L\Users\edward.barreras\source\repos\LIVE\MIA SRC\packages\K4os.Compression.LZ4.Streams.1.3.8\lib\net462\K4os.Compression.LZ4.Streams.dll
  - K4os.Hash.xxHash.dll 1.0.8 at \\FEAP1313L\Users\edward.barreras\source\repos\LIVE\MIA SRC\packages\K4os.Hash.xxHash.1.0.8\lib\net462\K4os.Hash.xxHash.dll
  - MIA-Linq.dll 1.0.0 at \\FEAP1313L\Users\edward.barreras\source\repos\LIVE\MIA SRC\ERP\bin\Debug\MIA-Linq.dll
  - MIA-Report.dll 1.0.0 at \\FEAP1313L\Users\edward.barreras\source\repos\LIVE\MIA SRC\ERP\bin\Debug\MIA-Report.dll
  - Microsoft.Bcl.AsyncInterfaces.dll 5.0.0 at \\FEAP1313L\Users\edward.barreras\source\repos\LIVE\MIA SRC\packages\Microsoft.Bcl.AsyncInterfaces.5.0.0\lib\net461\Microsoft.Bcl.AsyncInterfaces.dll
  - Microsoft.CSharp.dll 4.8.3761 at C:\Program Files (x86)\Reference Assemblies\Microsoft\Framework\.NETFramework\v4.8\Microsoft.CSharp.dll
  - MySql.Data.dll 9.4.0 at \\FEAP1313L\Users\edward.barreras\source\repos\LIVE\MIA SRC\packages\MySql.Data.9.4.0\lib\net48\MySql.Data.dll
  - Newtonsoft.Json.dll 13.0.3 at \\FEAP1313L\Users\edward.barreras\source\repos\LIVE\MIA SRC\packages\Newtonsoft.Json.13.0.3\lib\net45\Newtonsoft.Json.dll
  - SRCDailyReportv2.dll 1.0.0 at \\FEAP1313L\Users\edward.barreras\source\repos\LIVE\MIA SRC\ERP\bin\Debug\SRCDailyReportv2.dll
  - System.Buffers.dll 4.6.28619 at \\FEAP1313L\Users\edward.barreras\source\repos\LIVE\MIA SRC\packages\System.Buffers.4.5.1\lib\net461\System.Buffers.dll
  - System.ComponentModel.DataAnnotations.dll 4.8.3761 at C:\Program Files (x86)\Reference Assemblies\Microsoft\Framework\.NETFramework\v4.8\System.ComponentModel.DataAnnotations.dll
  - System.ComponentModel.dll 4.8.3761 at C:\Program Files (x86)\Reference Assemblies\Microsoft\Framework\.NETFramework\v4.8\Facades\System.ComponentModel.dll
  - System.Configuration.ConfigurationManager.dll 8.0.0 at \\FEAP1313L\Users\edward.barreras\source\repos\LIVE\MIA SRC\packages\System.Configuration.ConfigurationManager.8.0.0\lib\net462\System.Configuration.ConfigurationManager.dll
  - System.Configuration.dll 4.8.3761 at C:\Program Files (x86)\Reference Assemblies\Microsoft\Framework\.NETFramework\v4.8\System.Configuration.dll
  - System.Configuration.Install.dll 4.8.3761 at C:\Program Files (x86)\Reference Assemblies\Microsoft\Framework\.NETFramework\v4.8\System.Configuration.Install.dll
  - System.Core.dll 4.8.3761 at C:\Program Files (x86)\Reference Assemblies\Microsoft\Framework\.NETFramework\v4.8\System.Core.dll
  - System.Data.DataSetExtensions.dll 4.8.3761 at C:\Program Files (x86)\Reference Assemblies\Microsoft\Framework\.NETFramework\v4.8\System.Data.DataSetExtensions.dll
  - System.Data.dll 4.8.3761 at C:\Program Files (x86)\Reference Assemblies\Microsoft\Framework\.NETFramework\v4.8\System.Data.dll
  - System.Data.OleDb.dll 9.0.2 at \\FEAP1313L\Users\edward.barreras\source\repos\LIVE\MIA SRC\packages\System.Data.OleDb.9.0.2\lib\net462\System.Data.OleDb.dll
  - System.Deployment.dll 4.8.3761 at C:\Program Files (x86)\Reference Assemblies\Microsoft\Framework\.NETFramework\v4.8\System.Deployment.dll
  - System.Diagnostics.DiagnosticSource.dll 8.0.4 at \\FEAP1313L\Users\edward.barreras\source\repos\LIVE\MIA SRC\packages\System.Diagnostics.DiagnosticSource.8.0.1\lib\net462\System.Diagnostics.DiagnosticSource.dll
  - System.dll 4.8.3761 at C:\Program Files (x86)\Reference Assemblies\Microsoft\Framework\.NETFramework\v4.8\System.dll
  - System.Drawing.Design.dll 4.8.3761 at C:\Program Files (x86)\Reference Assemblies\Microsoft\Framework\.NETFramework\v4.8\System.Drawing.Design.dll
  - System.Drawing.dll 4.8.3761 at C:\Program Files (x86)\Reference Assemblies\Microsoft\Framework\.NETFramework\v4.8\System.Drawing.dll
  - System.IO.Pipelines.dll 5.0.15 at \\FEAP1313L\Users\edward.barreras\source\repos\LIVE\MIA SRC\packages\System.IO.Pipelines.5.0.2\lib\net461\System.IO.Pipelines.dll
  - System.Management.dll 4.8.3761 at C:\Program Files (x86)\Reference Assemblies\Microsoft\Framework\.NETFramework\v4.8\System.Management.dll
  - System.Memory.dll 4.6.31308 at \\FEAP1313L\Users\edward.barreras\source\repos\LIVE\MIA SRC\packages\System.Memory.4.5.5\lib\net461\System.Memory.dll
  - System.Messaging.dll 4.8.3761 at C:\Program Files (x86)\Reference Assemblies\Microsoft\Framework\.NETFramework\v4.8\System.Messaging.dll
  - System.Net.Http.Formatting.dll 5.2.7 at C:\Program Files\Microsoft Visual Studio\2022\Community\Common7\IDE\PublicAssemblies\System.Net.Http.Formatting.dll
  - System.Numerics.dll 4.8.3761 at C:\Program Files (x86)\Reference Assemblies\Microsoft\Framework\.NETFramework\v4.8\System.Numerics.dll
  - System.Numerics.Vectors.dll 4.6.26515 at \\FEAP1313L\Users\edward.barreras\source\repos\LIVE\MIA SRC\packages\System.Numerics.Vectors.4.5.0\lib\net46\System.Numerics.Vectors.dll
  - System.Runtime.CompilerServices.Unsafe.dll 6.1.0 at \\FEAP1313L\Users\edward.barreras\source\repos\LIVE\MIA SRC\packages\System.Runtime.CompilerServices.Unsafe.6.1.0\lib\net462\System.Runtime.CompilerServices.Unsafe.dll
  - System.Threading.Tasks.Extensions.dll 4.6.0 at \\FEAP1313L\Users\edward.barreras\source\repos\LIVE\MIA SRC\packages\System.Threading.Tasks.Extensions.4.6.0\lib\net462\System.Threading.Tasks.Extensions.dll
  - System.Transactions.dll 4.8.3761 at C:\Program Files (x86)\Reference Assemblies\Microsoft\Framework\.NETFramework\v4.8\System.Transactions.dll
  - System.Web.Extensions.dll 4.8.3761 at C:\Program Files (x86)\Reference Assemblies\Microsoft\Framework\.NETFramework\v4.8\System.Web.Extensions.dll
  - System.Windows.Forms.dll 4.8.3761 at C:\Program Files (x86)\Reference Assemblies\Microsoft\Framework\.NETFramework\v4.8\System.Windows.Forms.dll
  - System.Xml.dll 4.8.3761 at C:\Program Files (x86)\Reference Assemblies\Microsoft\Framework\.NETFramework\v4.8\System.Xml.dll
  - System.Xml.Linq.dll 4.8.3761 at C:\Program Files (x86)\Reference Assemblies\Microsoft\Framework\.NETFramework\v4.8\System.Xml.Linq.dll
  - Telerik.Documents.SpreadsheetStreaming.dll 2026.1.210 at \\FEAP1313L\Users\edward.barreras\source\repos\LIVE\MIA SRC\lib\RCWF\2026.1.210.462\Telerik.Documents.SpreadsheetStreaming.dll
  - Telerik.Licensing.Runtime.dll 1.8.2 at \\FEAP1313L\Users\edward.barreras\source\repos\LIVE\MIA SRC\packages\Telerik.Licensing.1.8.2\lib\net462\Telerik.Licensing.Runtime.dll
  - Telerik.Reporting.dll 19.1.25 at \\FEAP1313L\Users\edward.barreras\source\repos\LIVE\MIA SRC\ERP\bin\Debug\Telerik.Reporting.dll
  - Telerik.Reporting.Services.HttpClient.dll 19.1.25 at \\FEAP1313L\Users\edward.barreras\source\repos\LIVE\MIA SRC\ERP\bin\Debug\Telerik.Reporting.Services.HttpClient.dll
  - Telerik.Reporting.Services.ServiceStack.dll 19.1.25 at \\FEAP1313L\Users\edward.barreras\source\repos\LIVE\MIA SRC\ERP\bin\Debug\Telerik.Reporting.Services.ServiceStack.dll
  - Telerik.ReportViewer.WinForms.dll 19.1.25 at \\FEAP1313L\Users\edward.barreras\source\repos\LIVE\MIA SRC\ERP\bin\Debug\Telerik.ReportViewer.WinForms.dll
  - Telerik.ReportViewer.Wpf.dll 19.1.25 at \\FEAP1313L\Users\edward.barreras\source\repos\LIVE\MIA SRC\ERP\bin\Debug\Telerik.ReportViewer.Wpf.dll
  - Telerik.WinControls.dll 2026.1.210 at \\FEAP1313L\Users\edward.barreras\source\repos\LIVE\MIA SRC\lib\RCWF\2026.1.210.462\Telerik.WinControls.dll
  - Telerik.WinControls.GridView.dll 2026.1.210 at \\FEAP1313L\Users\edward.barreras\source\repos\LIVE\MIA SRC\lib\RCWF\2026.1.210.462\Telerik.WinControls.GridView.dll
  - Telerik.WinControls.RadDock.dll 2026.1.210 at \\FEAP1313L\Users\edward.barreras\source\repos\LIVE\MIA SRC\lib\RCWF\2026.1.210.462\Telerik.WinControls.RadDock.dll
  - Telerik.WinControls.Themes.Aqua.dll 2026.1.210 at \\FEAP1313L\Users\edward.barreras\source\repos\LIVE\MIA SRC\lib\RCWF\2026.1.210.462\Telerik.WinControls.Themes.Aqua.dll
  - Telerik.WinControls.Themes.Breeze.dll 2026.1.210 at \\FEAP1313L\Users\edward.barreras\source\repos\LIVE\MIA SRC\lib\RCWF\2026.1.210.462\Telerik.WinControls.Themes.Breeze.dll
  - Telerik.WinControls.Themes.Crystal.dll 2026.1.210 at \\FEAP1313L\Users\edward.barreras\source\repos\LIVE\MIA SRC\lib\RCWF\2026.1.210.462\Telerik.WinControls.Themes.Crystal.dll
  - Telerik.WinControls.Themes.CrystalDark.dll 2026.1.210 at \\FEAP1313L\Users\edward.barreras\source\repos\LIVE\MIA SRC\lib\RCWF\2026.1.210.462\Telerik.WinControls.Themes.CrystalDark.dll
  - Telerik.WinControls.Themes.Desert.dll 2026.1.210 at \\FEAP1313L\Users\edward.barreras\source\repos\LIVE\MIA SRC\lib\RCWF\2026.1.210.462\Telerik.WinControls.Themes.Desert.dll
  - Telerik.WinControls.Themes.Fluent.dll 2026.1.210 at \\FEAP1313L\Users\edward.barreras\source\repos\LIVE\MIA SRC\lib\RCWF\2026.1.210.462\Telerik.WinControls.Themes.Fluent.dll
  - Telerik.WinControls.Themes.FluentDark.dll 2026.1.210 at \\FEAP1313L\Users\edward.barreras\source\repos\LIVE\MIA SRC\lib\RCWF\2026.1.210.462\Telerik.WinControls.Themes.FluentDark.dll
  - Telerik.WinControls.Themes.HighContrastBlack.dll 2026.1.210 at \\FEAP1313L\Users\edward.barreras\source\repos\LIVE\MIA SRC\lib\RCWF\2026.1.210.462\Telerik.WinControls.Themes.HighContrastBlack.dll
  - Telerik.WinControls.Themes.Material.dll 2026.1.210 at \\FEAP1313L\Users\edward.barreras\source\repos\LIVE\MIA SRC\lib\RCWF\2026.1.210.462\Telerik.WinControls.Themes.Material.dll
  - Telerik.WinControls.Themes.MaterialBlueGrey.dll 2026.1.210 at \\FEAP1313L\Users\edward.barreras\source\repos\LIVE\MIA SRC\lib\RCWF\2026.1.210.462\Telerik.WinControls.Themes.MaterialBlueGrey.dll
  - Telerik.WinControls.Themes.MaterialPink.dll 2026.1.210 at \\FEAP1313L\Users\edward.barreras\source\repos\LIVE\MIA SRC\lib\RCWF\2026.1.210.462\Telerik.WinControls.Themes.MaterialPink.dll
  - Telerik.WinControls.Themes.MaterialTeal.dll 2026.1.210 at \\FEAP1313L\Users\edward.barreras\source\repos\LIVE\MIA SRC\lib\RCWF\2026.1.210.462\Telerik.WinControls.Themes.MaterialTeal.dll
  - Telerik.WinControls.Themes.Office2007Black.dll 2026.1.210 at \\FEAP1313L\Users\edward.barreras\source\repos\LIVE\MIA SRC\lib\RCWF\2026.1.210.462\Telerik.WinControls.Themes.Office2007Black.dll
  - Telerik.WinControls.Themes.Office2010Black.dll 2026.1.210 at \\FEAP1313L\Users\edward.barreras\source\repos\LIVE\MIA SRC\lib\RCWF\2026.1.210.462\Telerik.WinControls.Themes.Office2010Black.dll
  - Telerik.WinControls.Themes.Office2010Blue.dll 2026.1.210 at \\FEAP1313L\Users\edward.barreras\source\repos\LIVE\MIA SRC\lib\RCWF\2026.1.210.462\Telerik.WinControls.Themes.Office2010Blue.dll
  - Telerik.WinControls.Themes.Office2010Silver.dll 2026.1.210 at \\FEAP1313L\Users\edward.barreras\source\repos\LIVE\MIA SRC\lib\RCWF\2026.1.210.462\Telerik.WinControls.Themes.Office2010Silver.dll
  - Telerik.WinControls.Themes.Office2013Dark.dll 2026.1.210 at \\FEAP1313L\Users\edward.barreras\source\repos\LIVE\MIA SRC\lib\RCWF\2026.1.210.462\Telerik.WinControls.Themes.Office2013Dark.dll
  - Telerik.WinControls.Themes.Office2013Light.dll 2026.1.210 at \\FEAP1313L\Users\edward.barreras\source\repos\LIVE\MIA SRC\lib\RCWF\2026.1.210.462\Telerik.WinControls.Themes.Office2013Light.dll
  - Telerik.WinControls.Themes.TelerikMetroBlue.dll 2026.1.210 at \\FEAP1313L\Users\edward.barreras\source\repos\LIVE\MIA SRC\lib\RCWF\2026.1.210.462\Telerik.WinControls.Themes.TelerikMetroBlue.dll
  - Telerik.WinControls.Themes.VisualStudio2012Dark.dll 2026.1.210 at \\FEAP1313L\Users\edward.barreras\source\repos\LIVE\MIA SRC\lib\RCWF\2026.1.210.462\Telerik.WinControls.Themes.VisualStudio2012Dark.dll
  - Telerik.WinControls.Themes.VisualStudio2012Light.dll 2026.1.210 at \\FEAP1313L\Users\edward.barreras\source\repos\LIVE\MIA SRC\lib\RCWF\2026.1.210.462\Telerik.WinControls.Themes.VisualStudio2012Light.dll
  - Telerik.WinControls.Themes.Windows7.dll 2026.1.210 at \\FEAP1313L\Users\edward.barreras\source\repos\LIVE\MIA SRC\lib\RCWF\2026.1.210.462\Telerik.WinControls.Themes.Windows7.dll
  - Telerik.WinControls.Themes.Windows8.dll 2026.1.210 at \\FEAP1313L\Users\edward.barreras\source\repos\LIVE\MIA SRC\lib\RCWF\2026.1.210.462\Telerik.WinControls.Themes.Windows8.dll
  - Telerik.WinControls.UI.dll 2026.1.210 at \\FEAP1313L\Users\edward.barreras\source\repos\LIVE\MIA SRC\lib\RCWF\2026.1.210.462\Telerik.WinControls.UI.dll
  - Telerik.Windows.Documents.Core.dll 2026.1.210 at \\FEAP1313L\Users\edward.barreras\source\repos\LIVE\MIA SRC\lib\RCWF\2026.1.210.462\Telerik.Windows.Documents.Core.dll
  - Telerik.Windows.Documents.Fixed.dll 2026.1.210 at \\FEAP1313L\Users\edward.barreras\source\repos\LIVE\MIA SRC\lib\RCWF\2026.1.210.462\Telerik.Windows.Documents.Fixed.dll
  - Telerik.Windows.Documents.Spreadsheet.dll 2026.1.210 at \\FEAP1313L\Users\edward.barreras\source\repos\LIVE\MIA SRC\lib\RCWF\2026.1.210.462\Telerik.Windows.Documents.Spreadsheet.dll
  - Telerik.Windows.Documents.Spreadsheet.FormatProviders.OpenXml.dll 2026.1.210 at \\FEAP1313L\Users\edward.barreras\source\repos\LIVE\MIA SRC\lib\RCWF\2026.1.210.462\Telerik.Windows.Documents.Spreadsheet.FormatProviders.OpenXml.dll
  - Telerik.Windows.Documents.Spreadsheet.FormatProviders.Pdf.dll 2026.1.210 at \\FEAP1313L\Users\edward.barreras\source\repos\LIVE\MIA SRC\lib\RCWF\2026.1.210.462\Telerik.Windows.Documents.Spreadsheet.FormatProviders.Pdf.dll
  - Telerik.Windows.Documents.Spreadsheet.FormatProviders.Xls.dll 2026.1.210 at \\FEAP1313L\Users\edward.barreras\source\repos\LIVE\MIA SRC\lib\RCWF\2026.1.210.462\Telerik.Windows.Documents.Spreadsheet.FormatProviders.Xls.dll
  - Telerik.Windows.Zip.dll 2026.1.210 at \\FEAP1313L\Users\edward.barreras\source\repos\LIVE\MIA SRC\lib\RCWF\2026.1.210.462\Telerik.Windows.Zip.dll
  - TelerikCommon.dll 2026.1.210 at \\FEAP1313L\Users\edward.barreras\source\repos\LIVE\MIA SRC\lib\RCWF\2026.1.210.462\TelerikCommon.dll
  - TelerikExport.dll 2026.1.210 at \\FEAP1313L\Users\edward.barreras\source\repos\LIVE\MIA SRC\lib\RCWF\2026.1.210.462\TelerikExport.dll
  - Ubiety.Dns.Core.dll 2.2.1 at \\FEAP1313L\Users\edward.barreras\source\repos\LIVE\MIA SRC\ERP\bin\Debug\Ubiety.Dns.Core.dll
  - WindowsBase.dll 4.8.3761 at C:\Program Files (x86)\Reference Assemblies\Microsoft\Framework\.NETFramework\v4.8\WindowsBase.dll
  - ZstdSharp.dll 0.8.5 at \\FEAP1313L\Users\edward.barreras\source\repos\LIVE\MIA SRC\packages\ZstdSharp.Port.0.8.5\lib\net462\ZstdSharp.dll
  MachineId=2xQjveFWQf4bUNzPt3x/SIfuym0=

[2026-03-23 15:55:19.594] [Low]   Looking for Telerik product metadata in referenced assemblies
      - \\FEAP1313L\Users\edward.barreras\source\repos\LIVE\MIA SRC\lib\RCWF\2026.1.210.462\Telerik.Documents.SpreadsheetStreaming.dll
        ProductCode: DPL, LicenseDate: 2026-02-10, Redistributed By: RCWPF, RCWF, MAUI, UIXAM, WINUI, RCAJAX, KENDOUIMVC, UIASPCORE, BLAZOR, ProductName: Telerik Document Processing Libraries, ProductVersion: 2026.1.210.462, Flags: None
      - \\FEAP1313L\Users\edward.barreras\source\repos\LIVE\MIA SRC\ERP\bin\Debug\Telerik.Reporting.dll
        ProductCode: REPORTING, LicenseDate: 2025-05-21, ProductName: Telerik Reporting, ProductVersion: 19.1.25.521, Flags: None
      - \\FEAP1313L\Users\edward.barreras\source\repos\LIVE\MIA SRC\lib\RCWF\2026.1.210.462\Telerik.WinControls.dll
        ProductCode: RCWF, LicenseDate: 2026-02-10, ProductName: Telerik UI for WinForms, ProductVersion: 2026.1.210.462, Flags: None
      - \\FEAP1313L\Users\edward.barreras\source\repos\LIVE\MIA SRC\lib\RCWF\2026.1.210.462\Telerik.WinControls.GridView.dll
        ProductCode: RCWF, LicenseDate: 2026-02-10, ProductName: Telerik UI for WinForms, ProductVersion: 2026.1.210.462, Flags: None
      - \\FEAP1313L\Users\edward.barreras\source\repos\LIVE\MIA SRC\lib\RCWF\2026.1.210.462\Telerik.WinControls.RadDock.dll
        ProductCode: RCWF, LicenseDate: 2026-02-10, ProductName: Telerik UI for WinForms, ProductVersion: 2026.1.210.462, Flags: None
      - \\FEAP1313L\Users\edward.barreras\source\repos\LIVE\MIA SRC\lib\RCWF\2026.1.210.462\Telerik.WinControls.Themes.Aqua.dll
        ProductCode: RCWF, LicenseDate: 2026-02-10, ProductName: Telerik UI for WinForms, ProductVersion: 2026.1.210.462, Flags: None
      - \\FEAP1313L\Users\edward.barreras\source\repos\LIVE\MIA SRC\lib\RCWF\2026.1.210.462\Telerik.WinControls.Themes.Breeze.dll
        ProductCode: RCWF, LicenseDate: 2026-02-10, ProductName: Telerik UI for WinForms, ProductVersion: 2026.1.210.462, Flags: None
      - \\FEAP1313L\Users\edward.barreras\source\repos\LIVE\MIA SRC\lib\RCWF\2026.1.210.462\Telerik.WinControls.Themes.Crystal.dll
        ProductCode: RCWF, LicenseDate: 2026-02-10, ProductName: Telerik UI for WinForms, ProductVersion: 2026.1.210.462, Flags: None
      - \\FEAP1313L\Users\edward.barreras\source\repos\LIVE\MIA SRC\lib\RCWF\2026.1.210.462\Telerik.WinControls.Themes.CrystalDark.dll
        ProductCode: RCWF, LicenseDate: 2026-02-10, ProductName: Telerik UI for WinForms, ProductVersion: 2026.1.210.462, Flags: None
      - \\FEAP1313L\Users\edward.barreras\source\repos\LIVE\MIA SRC\lib\RCWF\2026.1.210.462\Telerik.WinControls.Themes.Desert.dll
        ProductCode: RCWF, LicenseDate: 2026-02-10, ProductName: Telerik UI for WinForms, ProductVersion: 2026.1.210.462, Flags: None
      - \\FEAP1313L\Users\edward.barreras\source\repos\LIVE\MIA SRC\lib\RCWF\2026.1.210.462\Telerik.WinControls.Themes.Fluent.dll
        ProductCode: RCWF, LicenseDate: 2026-02-10, ProductName: Telerik UI for WinForms, ProductVersion: 2026.1.210.462, Flags: None
      - \\FEAP1313L\Users\edward.barreras\source\repos\LIVE\MIA SRC\lib\RCWF\2026.1.210.462\Telerik.WinControls.Themes.FluentDark.dll
        ProductCode: RCWF, LicenseDate: 2026-02-10, ProductName: Telerik UI for WinForms, ProductVersion: 2026.1.210.462, Flags: None
      - \\FEAP1313L\Users\edward.barreras\source\repos\LIVE\MIA SRC\lib\RCWF\2026.1.210.462\Telerik.WinControls.Themes.HighContrastBlack.dll
        ProductCode: RCWF, LicenseDate: 2026-02-10, ProductName: Telerik UI for WinForms, ProductVersion: 2026.1.210.462, Flags: None
      - \\FEAP1313L\Users\edward.barreras\source\repos\LIVE\MIA SRC\lib\RCWF\2026.1.210.462\Telerik.WinControls.Themes.Material.dll
        ProductCode: RCWF, LicenseDate: 2026-02-10, ProductName: Telerik UI for WinForms, ProductVersion: 2026.1.210.462, Flags: None
      - \\FEAP1313L\Users\edward.barreras\source\repos\LIVE\MIA SRC\lib\RCWF\2026.1.210.462\Telerik.WinControls.Themes.MaterialBlueGrey.dll
        ProductCode: RCWF, LicenseDate: 2026-02-10, ProductName: Telerik UI for WinForms, ProductVersion: 2026.1.210.462, Flags: None
      - \\FEAP1313L\Users\edward.barreras\source\repos\LIVE\MIA SRC\lib\RCWF\2026.1.210.462\Telerik.WinControls.Themes.MaterialPink.dll
        ProductCode: RCWF, LicenseDate: 2026-02-10, ProductName: Telerik UI for WinForms, ProductVersion: 2026.1.210.462, Flags: None
      - \\FEAP1313L\Users\edward.barreras\source\repos\LIVE\MIA SRC\lib\RCWF\2026.1.210.462\Telerik.WinControls.Themes.MaterialTeal.dll
        ProductCode: RCWF, LicenseDate: 2026-02-10, ProductName: Telerik UI for WinForms, ProductVersion: 2026.1.210.462, Flags: None
      - \\FEAP1313L\Users\edward.barreras\source\repos\LIVE\MIA SRC\lib\RCWF\2026.1.210.462\Telerik.WinControls.Themes.Office2007Black.dll
        ProductCode: RCWF, LicenseDate: 2026-02-10, ProductName: Telerik UI for WinForms, ProductVersion: 2026.1.210.462, Flags: None
      - \\FEAP1313L\Users\edward.barreras\source\repos\LIVE\MIA SRC\lib\RCWF\2026.1.210.462\Telerik.WinControls.Themes.Office2010Black.dll
        ProductCode: RCWF, LicenseDate: 2026-02-10, ProductName: Telerik UI for WinForms, ProductVersion: 2026.1.210.462, Flags: None
      - \\FEAP1313L\Users\edward.barreras\source\repos\LIVE\MIA SRC\lib\RCWF\2026.1.210.462\Telerik.WinControls.Themes.Office2010Blue.dll
        ProductCode: RCWF, LicenseDate: 2026-02-10, ProductName: Telerik UI for WinForms, ProductVersion: 2026.1.210.462, Flags: None
      - \\FEAP1313L\Users\edward.barreras\source\repos\LIVE\MIA SRC\lib\RCWF\2026.1.210.462\Telerik.WinControls.Themes.Office2010Silver.dll
        ProductCode: RCWF, LicenseDate: 2026-02-10, ProductName: Telerik UI for WinForms, ProductVersion: 2026.1.210.462, Flags: None
      - \\FEAP1313L\Users\edward.barreras\source\repos\LIVE\MIA SRC\lib\RCWF\2026.1.210.462\Telerik.WinControls.Themes.Office2013Dark.dll
        ProductCode: RCWF, LicenseDate: 2026-02-10, ProductName: Telerik UI for WinForms, ProductVersion: 2026.1.210.462, Flags: None
      - \\FEAP1313L\Users\edward.barreras\source\repos\LIVE\MIA SRC\lib\RCWF\2026.1.210.462\Telerik.WinControls.Themes.Office2013Light.dll
        ProductCode: RCWF, LicenseDate: 2026-02-10, ProductName: Telerik UI for WinForms, ProductVersion: 2026.1.210.462, Flags: None
      - \\FEAP1313L\Users\edward.barreras\source\repos\LIVE\MIA SRC\lib\RCWF\2026.1.210.462\Telerik.WinControls.Themes.TelerikMetroBlue.dll
        ProductCode: RCWF, LicenseDate: 2026-02-10, ProductName: Telerik UI for WinForms, ProductVersion: 2026.1.210.462, Flags: None
      - \\FEAP1313L\Users\edward.barreras\source\repos\LIVE\MIA SRC\lib\RCWF\2026.1.210.462\Telerik.WinControls.Themes.VisualStudio2012Dark.dll
        ProductCode: RCWF, LicenseDate: 2026-02-10, ProductName: Telerik UI for WinForms, ProductVersion: 2026.1.210.462, Flags: None
      - \\FEAP1313L\Users\edward.barreras\source\repos\LIVE\MIA SRC\lib\RCWF\2026.1.210.462\Telerik.WinControls.Themes.VisualStudio2012Light.dll
        ProductCode: RCWF, LicenseDate: 2026-02-10, ProductName: Telerik UI for WinForms, ProductVersion: 2026.1.210.462, Flags: None
      - \\FEAP1313L\Users\edward.barreras\source\repos\LIVE\MIA SRC\lib\RCWF\2026.1.210.462\Telerik.WinControls.Themes.Windows7.dll
        ProductCode: RCWF, LicenseDate: 2026-02-10, ProductName: Telerik UI for WinForms, ProductVersion: 2026.1.210.462, Flags: None
      - \\FEAP1313L\Users\edward.barreras\source\repos\LIVE\MIA SRC\lib\RCWF\2026.1.210.462\Telerik.WinControls.Themes.Windows8.dll
        ProductCode: RCWF, LicenseDate: 2026-02-10, ProductName: Telerik UI for WinForms, ProductVersion: 2026.1.210.462, Flags: None
      - \\FEAP1313L\Users\edward.barreras\source\repos\LIVE\MIA SRC\lib\RCWF\2026.1.210.462\Telerik.WinControls.UI.dll
        ProductCode: RCWF, LicenseDate: 2026-02-10, ProductName: Telerik UI for WinForms, ProductVersion: 2026.1.210.462, Flags: None
      - \\FEAP1313L\Users\edward.barreras\source\repos\LIVE\MIA SRC\lib\RCWF\2026.1.210.462\Telerik.Windows.Documents.Core.dll
        ProductCode: DPL, LicenseDate: 2026-02-10, Redistributed By: RCWPF, RCWF, MAUI, UIXAM, WINUI, RCAJAX, KENDOUIMVC, UIASPCORE, BLAZOR, ProductName: Telerik Document Processing Libraries, ProductVersion: 2026.1.210.462, Flags: None
      - \\FEAP1313L\Users\edward.barreras\source\repos\LIVE\MIA SRC\lib\RCWF\2026.1.210.462\Telerik.Windows.Documents.Fixed.dll
        ProductCode: DPL, LicenseDate: 2026-02-10, Redistributed By: RCWPF, RCWF, MAUI, UIXAM, WINUI, RCAJAX, KENDOUIMVC, UIASPCORE, BLAZOR, ProductName: Telerik Document Processing Libraries, ProductVersion: 2026.1.210.462, Flags: None
      - \\FEAP1313L\Users\edward.barreras\source\repos\LIVE\MIA SRC\lib\RCWF\2026.1.210.462\Telerik.Windows.Documents.Spreadsheet.dll
        ProductCode: DPL, LicenseDate: 2026-02-10, Redistributed By: RCWPF, RCWF, MAUI, UIXAM, WINUI, RCAJAX, KENDOUIMVC, UIASPCORE, BLAZOR, ProductName: Telerik Document Processing Libraries, ProductVersion: 2026.1.210.462, Flags: None
      - \\FEAP1313L\Users\edward.barreras\source\repos\LIVE\MIA SRC\lib\RCWF\2026.1.210.462\Telerik.Windows.Documents.Spreadsheet.FormatProviders.Pdf.dll
        ProductCode: DPL, LicenseDate: 2026-02-10, Redistributed By: RCWPF, RCWF, MAUI, UIXAM, WINUI, RCAJAX, KENDOUIMVC, UIASPCORE, BLAZOR, ProductName: Telerik Document Processing Libraries, ProductVersion: 2026.1.210.462, Flags: None
      - \\FEAP1313L\Users\edward.barreras\source\repos\LIVE\MIA SRC\lib\RCWF\2026.1.210.462\Telerik.Windows.Documents.Spreadsheet.FormatProviders.Xls.dll
        ProductCode: DPL, LicenseDate: 2026-02-10, Redistributed By: RCWPF, RCWF, MAUI, UIXAM, WINUI, RCAJAX, KENDOUIMVC, UIASPCORE, BLAZOR, ProductName: Telerik Document Processing Libraries, ProductVersion: 2026.1.210.462, Flags: None
      - \\FEAP1313L\Users\edward.barreras\source\repos\LIVE\MIA SRC\lib\RCWF\2026.1.210.462\Telerik.Windows.Zip.dll
        ProductCode: DPL, LicenseDate: 2026-02-10, Redistributed By: RCWPF, RCWF, MAUI, UIXAM, WINUI, RCAJAX, KENDOUIMVC, UIASPCORE, BLAZOR, ProductName: Telerik Document Processing Libraries, ProductVersion: 2026.1.210.462, Flags: None
      - \\FEAP1313L\Users\edward.barreras\source\repos\LIVE\MIA SRC\lib\RCWF\2026.1.210.462\TelerikCommon.dll
        ProductCode: RCWF, LicenseDate: 2026-02-10, ProductName: Telerik UI for WinForms, ProductVersion: 2026.1.210.462, Flags: None
      - \\FEAP1313L\Users\edward.barreras\source\repos\LIVE\MIA SRC\lib\RCWF\2026.1.210.462\TelerikExport.dll
        ProductCode: RCWF, LicenseDate: 2026-02-10, ProductName: Telerik UI for WinForms, ProductVersion: 2026.1.210.462, Flags: None
      Unique Products:
      - "Telerik Document Processing Libraries" (DPL) 2026.1.210.462 @2026-02-10
      - "Telerik UI for WinForms" (RCWF) 2026.1.210.462 @2026-02-10
      - "Telerik Reporting" (REPORTING) 19.1.25.521 @2025-05-21
      Found a total of 3 referenced Telerik products for 

[2026-03-23 15:55:19.629] [Low]   Provision Licensing
        Looking up license file...
        - EnvironmentVariablePath: TELERIK_LICENSE_PATH (NotAvailable)
        - EnvironmentVariable: TELERIK_LICENSE (NotAvailable)
        - EnvironmentVariable: KENDO_UI_LICENSE (NotAvailable)
        - RecursiveFilePath: \\FEAP1313L\Users\edward.barreras\source\repos\LIVE\MIA SRC\ERP\telerik-license.txt (NotAvailable)
        - RecursiveFilePath: \\FEAP1313L\Users\edward.barreras\source\repos\LIVE\MIA SRC\ERP\kendo-ui-license.txt (NotAvailable)
        - RecursiveFilePath: \\FEAP1313L\Users\edward.barreras\source\repos\LIVE\MIA SRC\telerik-license.txt (LicenseFound)
        - RecursiveFilePath: \\FEAP1313L\Users\edward.barreras\source\repos\LIVE\MIA SRC\kendo-ui-license.txt (Skip)
        - RecursiveFilePath: \\FEAP1313L\Users\edward.barreras\source\repos\LIVE\telerik-license.txt (Skip)
        - RecursiveFilePath: \\FEAP1313L\Users\edward.barreras\source\repos\LIVE\kendo-ui-license.txt (Skip)
        - RecursiveFilePath: \\FEAP1313L\Users\edward.barreras\source\repos\telerik-license.txt (Skip)
        - RecursiveFilePath: \\FEAP1313L\Users\edward.barreras\source\repos\kendo-ui-license.txt (Skip)
        - RecursiveFilePath: \\FEAP1313L\Users\edward.barreras\source\telerik-license.txt (Skip)
        - RecursiveFilePath: \\FEAP1313L\Users\edward.barreras\source\kendo-ui-license.txt (Skip)
        - RecursiveFilePath: \\FEAP1313L\Users\edward.barreras\telerik-license.txt (Skip)
        - RecursiveFilePath: \\FEAP1313L\Users\edward.barreras\kendo-ui-license.txt (Skip)
        - RecursiveFilePath: \\FEAP1313L\Users\telerik-license.txt (Skip)
        - RecursiveFilePath: \\FEAP1313L\Users\kendo-ui-license.txt (Skip)
        - UserDirectory: C:\Users\edward.barreras\AppData\Roaming\Telerik\telerik-license.txt (Skip)
        - UserDirectory: C:\Users\edward.barreras\AppData\Roaming\Telerik\kendo-ui-license.txt (Skip)
        LicenseKey
        - AUD: f***.m**@f***************.com
        - UsedId: ab69b8b5-c84c-45ed-8228-81dac868c759
        - LicenseId: e7eaafda-87c7-42d6-9ce6-49a541b8c4ed
        - IssuedAt: 1/20/2026 6:35:06 AM
        - Licenses
          0) Perpetual BLAZOR, expiration 9/25/2027 12:49:33 PM, type: 'perpetual'
          1) Perpetual JM, expiration 9/25/2027 12:49:33 PM, type: 'perpetual'
          2) Perpetual KENDOUIANGULAR, expiration 9/25/2027 12:49:33 PM, type: 'perpetual'
          3) Perpetual KENDOUICOMPLETE, expiration 9/25/2027 12:49:33 PM, type: 'perpetual'
          4) Perpetual KENDOUIMVC, expiration 9/25/2027 12:49:33 PM, type: 'perpetual'
          5) Perpetual KENDOUIREACT, expiration 9/25/2027 12:49:33 PM, type: 'perpetual'
          6) Perpetual KENDOUIVUE, expiration 9/25/2027 12:49:33 PM, type: 'perpetual'
          7) Perpetual MAUI, expiration 9/25/2027 12:49:33 PM, type: 'perpetual'
          8) Perpetual RCAJAX, expiration 9/25/2027 12:49:33 PM, type: 'perpetual'
          9) Perpetual RCWF, expiration 9/25/2027 12:49:33 PM, type: 'perpetual'
          10) Perpetual RCWPF, expiration 9/25/2027 12:49:33 PM, type: 'perpetual'
          11) Perpetual REPORTING, expiration 9/25/2027 12:49:33 PM, type: 'perpetual'
          12) Perpetual REPORTSERVER, expiration 9/25/2027 12:49:33 PM, type: 'perpetual'
          13) Perpetual UIASPCORE, expiration 9/25/2027 12:49:33 PM, type: 'perpetual'
          14) Perpetual UIXAM, expiration 2/19/2025 6:00:00 AM, type: 'perpetual'
          15) Perpetual WINUI, expiration 9/25/2027 12:49:33 PM, type: 'perpetual'
          16) Usage UserId: ab69b8b5-c84c-45ed-8228-81dac868c759, LicenseId: e7eaafda-87c7-42d6-9ce6-49a541b8c4ed, type: 'usage'

[2026-03-23 15:55:19.639] [Low]   License Resolution
        Messages
          - License OK for "Telerik UI for WinForms" (RCWF) 2026.1.210.462 @2026-02-10 - Perpetual, valid until 2027-09-25.
          - License OK for "Telerik Reporting" (REPORTING) 19.1.25.521 @2025-05-21 - Perpetual, valid until 2027-09-25.
          - License OK for "Telerik Document Processing Libraries" (DPL) 2026.1.210.462 @2026-02-10 - Perpetual for RCWF, valid until 2027-09-25.
        JWTs
          - eyJhbGciOiJSUzI1NiIsInR5cCI6IlRlbGVyaWsgTGljZW5zZSBFdmlkZW5jZSJ9.eyJjb2RlIjoiUkNXRiIsInR5cGUiOiJwZXJwZXR1YWwiLCJleHBpcmF0aW9uIjoxODIxODc2NTczLCJ1c2VySWQiOiJhYjY5YjhiNS1jODRjLTQ1ZWQtODIyOC04MWRhYzg2OGM3NTkiLCJsaWNlbnNlSWQiOiJlN2VhYWZkYS04N2M3LTQyZDYtOWNlNi00OWE1NDFiOGM0ZWQifQ.H8sxX5O2T3i22Uhy0PFV3YDo-lS1iHVocWX9Eu-82PheI3XbKMkEr7QiChWfuNwS9afgR7PMGy4_nx9HXRV5V9cRQ1zWvIkJsG2EbadPtKlygaAkCh-FXSRVflm3WITNHIAYfazZa26sHSnqBW_XRbH3o0GQkqVYkLlxLuLuKa4M7LlA1KtQZcVFhOH2oaXQoxfrkUMQxNFCz0JdI76T1YJNrAwxpXri8KUzfoDwKhY-IhN-bU25hJs19yGvWykTuZqrZ3lv603aQkaCaPnlF_tHROsmC7nbV4aaxaSHRF1PVD5lqsAhkA5OdGmqH8Kq9F5mhRXVVwYWf3WBcxZKkg
          - eyJhbGciOiJSUzI1NiIsInR5cCI6IlRlbGVyaWsgTGljZW5zZSBFdmlkZW5jZSJ9.eyJjb2RlIjoiUkVQT1JUSU5HIiwidHlwZSI6InBlcnBldHVhbCIsImV4cGlyYXRpb24iOjE4MjE4NzY1NzMsInVzZXJJZCI6ImFiNjliOGI1LWM4NGMtNDVlZC04MjI4LTgxZGFjODY4Yzc1OSIsImxpY2Vuc2VJZCI6ImU3ZWFhZmRhLTg3YzctNDJkNi05Y2U2LTQ5YTU0MWI4YzRlZCJ9.vMdezVVvhtRG-iThgXrXFDyr8L394y38spuHWK9Cyc_b9XZ2iHzEwyT9dLgOqBfvEQM3-GKFcOW6O4-_SSwoIjNhm9paVKSVEmeonMfEOgZjOXuqYFCrXmegYUefJNkHmL6P9cB0CPtA_PThVXqg_RGtCMGEoTW_ISG2ymjLnKXwuGf3uQoTxYWCmdBVMAeZHBlzpUh7aJ78fWmWbIvGf_jrykaFhCaWML2yJHyAjHIH1uzf088pGqdOeDvhBQsIva3Hg0KPLptC4ZqxkkVyYHFvvqFgwwkv8O3ex6Df238honjg-11aXIid1Ad6SSsrqEuKqHBUF__HbdhN0AvfLg
        Licenses
          - License OK for "Telerik UI for WinForms" (RCWF) 2026.1.210.462 @2026-02-10 - Perpetual, valid until 2027-09-25.
          - License OK for "Telerik Reporting" (REPORTING) 19.1.25.521 @2025-05-21 - Perpetual, valid until 2027-09-25.
          - License OK for "Telerik Document Processing Libraries" (DPL) 2026.1.210.462 @2026-02-10 - Perpetual for RCWF, valid until 2027-09-25.

[2026-03-23 15:55:19.642] [Low] OutputType: WinExe, ImportXamlTargets: True
[2026-03-23 15:55:19.656] [Low] 
      Call-Home Telerik Products (3 for )
      - "Telerik UI for WinForms" (RCWF) 2026.1.210
      - "DPL" (DPL) 2026.1.210
      - "Telerik Reporting" (REPORTING) 19.1.25

[2026-03-23 15:55:19.656] [Low] 
[2026-03-23 15:55:19.658] [Low] 
      Call-Home Telerik Features (0 for )

[2026-03-23 15:55:19.658] [Low] 
[2026-03-23 15:55:19.703] [Low]   Report Telerik.Licensing
        UserId: ab69b8b5-c84c-45ed-8228-81dac868c759
        LicenseId: e7eaafda-87c7-42d6-9ce6-49a541b8c4ed
        Products
        - LicenseUsed RCWF 2026.1.210.462 SKIPPED
        - LicenseUsed REPORTING 19.1.25.521 SKIPPED
        - LicenseUsed DPL 2026.1.210.462 SKIPPED
      Report finished in 00:00:00.0405341

[2026-03-23 15:55:19.705] [Low]   Sending Telemetry...
[2026-03-23 15:55:19.736] [Low]   Metrics done 00:00:00.0309980
[2026-03-23 15:55:19.738] [Normal] Resolve Telerik Products. Done (00:00:00.4756606) for 
[2026-03-23 15:56:41.804] [Normal] Resolve Telerik Products.
  MSBuildProjectName=2
  MSBuildProjectDirectory=\\FEAP1313L\Users\edward.barreras\source\repos\LIVE\MIA SRC\ERP
  MSBuildProjectExtension=.vbproj
  Language=VB
  OutputPath=bin\Debug\
  Platform=AnyCPU
  TargetFramework=
  TargetFrameworks=
  TargetFrameworkVersion=v4.8
  VisualStudioVersion=17.0
  UsingMicrosoftNETSdk=
  UsingMicrosoftNETSdkRazor=
  UsingMicrosoftNETSdkWeb=
  ImportXamlTargets=True
  OutputType=WinExe
  UseMaui=
  NuGetPackageRoot=

  PackageReferences
  ReferencePaths
  - BouncyCastle.Crypto.dll 1.8.3 at \\FEAP1313L\Users\edward.barreras\source\repos\LIVE\MIA SRC\packages\BouncyCastle.1.8.3.1\lib\BouncyCastle.Crypto.dll
  - BouncyCastle.Cryptography.dll 2.5.1 at \\FEAP1313L\Users\edward.barreras\source\repos\LIVE\MIA SRC\packages\BouncyCastle.Cryptography.2.5.1\lib\net461\BouncyCastle.Cryptography.dll
  - ClosedXML.dll 0.96.0 at \\FEAP1313L\Users\edward.barreras\source\repos\LIVE\MIA SRC\packages\ClosedXML.0.96.0\lib\net40\ClosedXML.dll
  - DocumentFormat.OpenXml.dll 2.16.0 at \\FEAP1313L\Users\edward.barreras\source\repos\LIVE\MIA SRC\packages\DocumentFormat.OpenXml.2.16.0\lib\net40\DocumentFormat.OpenXml.dll
  - ExcelNumberFormat.dll 1.1.0 at \\FEAP1313L\Users\edward.barreras\source\repos\LIVE\MIA SRC\packages\ExcelNumberFormat.1.1.0\lib\net20\ExcelNumberFormat.dll
  - FEAPNS.dll 1.0.0 at \\FEAP1313L\Users\edward.barreras\source\repos\LIVE\MIA SRC\ERP\bin\Debug\FEAPNS.dll
  - Gma.QrCodeNet.Encoding.dll 0.4.1 at \\FEAP1313L\Users\edward.barreras\source\repos\LIVE\MIA SRC\packages\Gma.QrCodeNet.0.4.1.2\lib\net40\Gma.QrCodeNet.Encoding.dll
  - Google.Protobuf.dll 3.30.0 at \\FEAP1313L\Users\edward.barreras\source\repos\LIVE\MIA SRC\packages\Google.Protobuf.3.30.0\lib\net45\Google.Protobuf.dll
  - K4os.Compression.LZ4.dll 1.3.8 at \\FEAP1313L\Users\edward.barreras\source\repos\LIVE\MIA SRC\packages\K4os.Compression.LZ4.1.3.8\lib\net462\K4os.Compression.LZ4.dll
  - K4os.Compression.LZ4.Streams.dll 1.3.8 at \\FEAP1313L\Users\edward.barreras\source\repos\LIVE\MIA SRC\packages\K4os.Compression.LZ4.Streams.1.3.8\lib\net462\K4os.Compression.LZ4.Streams.dll
  - K4os.Hash.xxHash.dll 1.0.8 at \\FEAP1313L\Users\edward.barreras\source\repos\LIVE\MIA SRC\packages\K4os.Hash.xxHash.1.0.8\lib\net462\K4os.Hash.xxHash.dll
  - MIA-Linq.dll 1.0.0 at \\FEAP1313L\Users\edward.barreras\source\repos\LIVE\MIA SRC\ERP\bin\Debug\MIA-Linq.dll
  - MIA-Report.dll 1.0.0 at \\FEAP1313L\Users\edward.barreras\source\repos\LIVE\MIA SRC\ERP\bin\Debug\MIA-Report.dll
  - Microsoft.Bcl.AsyncInterfaces.dll 5.0.0 at \\FEAP1313L\Users\edward.barreras\source\repos\LIVE\MIA SRC\packages\Microsoft.Bcl.AsyncInterfaces.5.0.0\lib\net461\Microsoft.Bcl.AsyncInterfaces.dll
  - Microsoft.CSharp.dll 4.8.3761 at C:\Program Files (x86)\Reference Assemblies\Microsoft\Framework\.NETFramework\v4.8\Microsoft.CSharp.dll
  - MySql.Data.dll 9.4.0 at \\FEAP1313L\Users\edward.barreras\source\repos\LIVE\MIA SRC\packages\MySql.Data.9.4.0\lib\net48\MySql.Data.dll
  - Newtonsoft.Json.dll 13.0.3 at \\FEAP1313L\Users\edward.barreras\source\repos\LIVE\MIA SRC\packages\Newtonsoft.Json.13.0.3\lib\net45\Newtonsoft.Json.dll
  - SRCDailyReportv2.dll 1.0.0 at \\FEAP1313L\Users\edward.barreras\source\repos\LIVE\MIA SRC\ERP\bin\Debug\SRCDailyReportv2.dll
  - System.Buffers.dll 4.6.28619 at \\FEAP1313L\Users\edward.barreras\source\repos\LIVE\MIA SRC\packages\System.Buffers.4.5.1\lib\net461\System.Buffers.dll
  - System.ComponentModel.DataAnnotations.dll 4.8.3761 at C:\Program Files (x86)\Reference Assemblies\Microsoft\Framework\.NETFramework\v4.8\System.ComponentModel.DataAnnotations.dll
  - System.ComponentModel.dll 4.8.3761 at C:\Program Files (x86)\Reference Assemblies\Microsoft\Framework\.NETFramework\v4.8\Facades\System.ComponentModel.dll
  - System.Configuration.ConfigurationManager.dll 8.0.0 at \\FEAP1313L\Users\edward.barreras\source\repos\LIVE\MIA SRC\packages\System.Configuration.ConfigurationManager.8.0.0\lib\net462\System.Configuration.ConfigurationManager.dll
  - System.Configuration.dll 4.8.3761 at C:\Program Files (x86)\Reference Assemblies\Microsoft\Framework\.NETFramework\v4.8\System.Configuration.dll
  - System.Configuration.Install.dll 4.8.3761 at C:\Program Files (x86)\Reference Assemblies\Microsoft\Framework\.NETFramework\v4.8\System.Configuration.Install.dll
  - System.Core.dll 4.8.3761 at C:\Program Files (x86)\Reference Assemblies\Microsoft\Framework\.NETFramework\v4.8\System.Core.dll
  - System.Data.DataSetExtensions.dll 4.8.3761 at C:\Program Files (x86)\Reference Assemblies\Microsoft\Framework\.NETFramework\v4.8\System.Data.DataSetExtensions.dll
  - System.Data.dll 4.8.3761 at C:\Program Files (x86)\Reference Assemblies\Microsoft\Framework\.NETFramework\v4.8\System.Data.dll
  - System.Data.OleDb.dll 9.0.2 at \\FEAP1313L\Users\edward.barreras\source\repos\LIVE\MIA SRC\packages\System.Data.OleDb.9.0.2\lib\net462\System.Data.OleDb.dll
  - System.Deployment.dll 4.8.3761 at C:\Program Files (x86)\Reference Assemblies\Microsoft\Framework\.NETFramework\v4.8\System.Deployment.dll
  - System.Diagnostics.DiagnosticSource.dll 8.0.4 at \\FEAP1313L\Users\edward.barreras\source\repos\LIVE\MIA SRC\packages\System.Diagnostics.DiagnosticSource.8.0.1\lib\net462\System.Diagnostics.DiagnosticSource.dll
  - System.dll 4.8.3761 at C:\Program Files (x86)\Reference Assemblies\Microsoft\Framework\.NETFramework\v4.8\System.dll
  - System.Drawing.Design.dll 4.8.3761 at C:\Program Files (x86)\Reference Assemblies\Microsoft\Framework\.NETFramework\v4.8\System.Drawing.Design.dll
  - System.Drawing.dll 4.8.3761 at C:\Program Files (x86)\Reference Assemblies\Microsoft\Framework\.NETFramework\v4.8\System.Drawing.dll
  - System.IO.Pipelines.dll 5.0.15 at \\FEAP1313L\Users\edward.barreras\source\repos\LIVE\MIA SRC\packages\System.IO.Pipelines.5.0.2\lib\net461\System.IO.Pipelines.dll
  - System.Management.dll 4.8.3761 at C:\Program Files (x86)\Reference Assemblies\Microsoft\Framework\.NETFramework\v4.8\System.Management.dll
  - System.Memory.dll 4.6.31308 at \\FEAP1313L\Users\edward.barreras\source\repos\LIVE\MIA SRC\packages\System.Memory.4.5.5\lib\net461\System.Memory.dll
  - System.Messaging.dll 4.8.3761 at C:\Program Files (x86)\Reference Assemblies\Microsoft\Framework\.NETFramework\v4.8\System.Messaging.dll
  - System.Net.Http.Formatting.dll 5.2.7 at C:\Program Files\Microsoft Visual Studio\2022\Community\Common7\IDE\PublicAssemblies\System.Net.Http.Formatting.dll
  - System.Numerics.dll 4.8.3761 at C:\Program Files (x86)\Reference Assemblies\Microsoft\Framework\.NETFramework\v4.8\System.Numerics.dll
  - System.Numerics.Vectors.dll 4.6.26515 at \\FEAP1313L\Users\edward.barreras\source\repos\LIVE\MIA SRC\packages\System.Numerics.Vectors.4.5.0\lib\net46\System.Numerics.Vectors.dll
  - System.Runtime.CompilerServices.Unsafe.dll 6.1.0 at \\FEAP1313L\Users\edward.barreras\source\repos\LIVE\MIA SRC\packages\System.Runtime.CompilerServices.Unsafe.6.1.0\lib\net462\System.Runtime.CompilerServices.Unsafe.dll
  - System.Threading.Tasks.Extensions.dll 4.6.0 at \\FEAP1313L\Users\edward.barreras\source\repos\LIVE\MIA SRC\packages\System.Threading.Tasks.Extensions.4.6.0\lib\net462\System.Threading.Tasks.Extensions.dll
  - System.Transactions.dll 4.8.3761 at C:\Program Files (x86)\Reference Assemblies\Microsoft\Framework\.NETFramework\v4.8\System.Transactions.dll
  - System.Web.Extensions.dll 4.8.3761 at C:\Program Files (x86)\Reference Assemblies\Microsoft\Framework\.NETFramework\v4.8\System.Web.Extensions.dll
  - System.Windows.Forms.dll 4.8.3761 at C:\Program Files (x86)\Reference Assemblies\Microsoft\Framework\.NETFramework\v4.8\System.Windows.Forms.dll
  - System.Xml.dll 4.8.3761 at C:\Program Files (x86)\Reference Assemblies\Microsoft\Framework\.NETFramework\v4.8\System.Xml.dll
  - System.Xml.Linq.dll 4.8.3761 at C:\Program Files (x86)\Reference Assemblies\Microsoft\Framework\.NETFramework\v4.8\System.Xml.Linq.dll
  - Telerik.Documents.SpreadsheetStreaming.dll 2026.1.210 at \\FEAP1313L\Users\edward.barreras\source\repos\LIVE\MIA SRC\lib\RCWF\2026.1.210.462\Telerik.Documents.SpreadsheetStreaming.dll
  - Telerik.Licensing.Runtime.dll 1.8.2 at \\FEAP1313L\Users\edward.barreras\source\repos\LIVE\MIA SRC\packages\Telerik.Licensing.1.8.2\lib\net462\Telerik.Licensing.Runtime.dll
  - Telerik.Reporting.dll 19.1.25 at \\FEAP1313L\Users\edward.barreras\source\repos\LIVE\MIA SRC\ERP\bin\Debug\Telerik.Reporting.dll
  - Telerik.Reporting.Services.HttpClient.dll 19.1.25 at \\FEAP1313L\Users\edward.barreras\source\repos\LIVE\MIA SRC\ERP\bin\Debug\Telerik.Reporting.Services.HttpClient.dll
  - Telerik.Reporting.Services.ServiceStack.dll 19.1.25 at \\FEAP1313L\Users\edward.barreras\source\repos\LIVE\MIA SRC\ERP\bin\Debug\Telerik.Reporting.Services.ServiceStack.dll
  - Telerik.ReportViewer.WinForms.dll 19.1.25 at \\FEAP1313L\Users\edward.barreras\source\repos\LIVE\MIA SRC\ERP\bin\Debug\Telerik.ReportViewer.WinForms.dll
  - Telerik.ReportViewer.Wpf.dll 19.1.25 at \\FEAP1313L\Users\edward.barreras\source\repos\LIVE\MIA SRC\ERP\bin\Debug\Telerik.ReportViewer.Wpf.dll
  - Telerik.WinControls.dll 2026.1.210 at \\FEAP1313L\Users\edward.barreras\source\repos\LIVE\MIA SRC\lib\RCWF\2026.1.210.462\Telerik.WinControls.dll
  - Telerik.WinControls.GridView.dll 2026.1.210 at \\FEAP1313L\Users\edward.barreras\source\repos\LIVE\MIA SRC\lib\RCWF\2026.1.210.462\Telerik.WinControls.GridView.dll
  - Telerik.WinControls.RadDock.dll 2026.1.210 at \\FEAP1313L\Users\edward.barreras\source\repos\LIVE\MIA SRC\lib\RCWF\2026.1.210.462\Telerik.WinControls.RadDock.dll
  - Telerik.WinControls.Themes.Aqua.dll 2026.1.210 at \\FEAP1313L\Users\edward.barreras\source\repos\LIVE\MIA SRC\lib\RCWF\2026.1.210.462\Telerik.WinControls.Themes.Aqua.dll
  - Telerik.WinControls.Themes.Breeze.dll 2026.1.210 at \\FEAP1313L\Users\edward.barreras\source\repos\LIVE\MIA SRC\lib\RCWF\2026.1.210.462\Telerik.WinControls.Themes.Breeze.dll
  - Telerik.WinControls.Themes.Crystal.dll 2026.1.210 at \\FEAP1313L\Users\edward.barreras\source\repos\LIVE\MIA SRC\lib\RCWF\2026.1.210.462\Telerik.WinControls.Themes.Crystal.dll
  - Telerik.WinControls.Themes.CrystalDark.dll 2026.1.210 at \\FEAP1313L\Users\edward.barreras\source\repos\LIVE\MIA SRC\lib\RCWF\2026.1.210.462\Telerik.WinControls.Themes.CrystalDark.dll
  - Telerik.WinControls.Themes.Desert.dll 2026.1.210 at \\FEAP1313L\Users\edward.barreras\source\repos\LIVE\MIA SRC\lib\RCWF\2026.1.210.462\Telerik.WinControls.Themes.Desert.dll
  - Telerik.WinControls.Themes.Fluent.dll 2026.1.210 at \\FEAP1313L\Users\edward.barreras\source\repos\LIVE\MIA SRC\lib\RCWF\2026.1.210.462\Telerik.WinControls.Themes.Fluent.dll
  - Telerik.WinControls.Themes.FluentDark.dll 2026.1.210 at \\FEAP1313L\Users\edward.barreras\source\repos\LIVE\MIA SRC\lib\RCWF\2026.1.210.462\Telerik.WinControls.Themes.FluentDark.dll
  - Telerik.WinControls.Themes.HighContrastBlack.dll 2026.1.210 at \\FEAP1313L\Users\edward.barreras\source\repos\LIVE\MIA SRC\lib\RCWF\2026.1.210.462\Telerik.WinControls.Themes.HighContrastBlack.dll
  - Telerik.WinControls.Themes.Material.dll 2026.1.210 at \\FEAP1313L\Users\edward.barreras\source\repos\LIVE\MIA SRC\lib\RCWF\2026.1.210.462\Telerik.WinControls.Themes.Material.dll
  - Telerik.WinControls.Themes.MaterialBlueGrey.dll 2026.1.210 at \\FEAP1313L\Users\edward.barreras\source\repos\LIVE\MIA SRC\lib\RCWF\2026.1.210.462\Telerik.WinControls.Themes.MaterialBlueGrey.dll
  - Telerik.WinControls.Themes.MaterialPink.dll 2026.1.210 at \\FEAP1313L\Users\edward.barreras\source\repos\LIVE\MIA SRC\lib\RCWF\2026.1.210.462\Telerik.WinControls.Themes.MaterialPink.dll
  - Telerik.WinControls.Themes.MaterialTeal.dll 2026.1.210 at \\FEAP1313L\Users\edward.barreras\source\repos\LIVE\MIA SRC\lib\RCWF\2026.1.210.462\Telerik.WinControls.Themes.MaterialTeal.dll
  - Telerik.WinControls.Themes.Office2007Black.dll 2026.1.210 at \\FEAP1313L\Users\edward.barreras\source\repos\LIVE\MIA SRC\lib\RCWF\2026.1.210.462\Telerik.WinControls.Themes.Office2007Black.dll
  - Telerik.WinControls.Themes.Office2010Black.dll 2026.1.210 at \\FEAP1313L\Users\edward.barreras\source\repos\LIVE\MIA SRC\lib\RCWF\2026.1.210.462\Telerik.WinControls.Themes.Office2010Black.dll
  - Telerik.WinControls.Themes.Office2010Blue.dll 2026.1.210 at \\FEAP1313L\Users\edward.barreras\source\repos\LIVE\MIA SRC\lib\RCWF\2026.1.210.462\Telerik.WinControls.Themes.Office2010Blue.dll
  - Telerik.WinControls.Themes.Office2010Silver.dll 2026.1.210 at \\FEAP1313L\Users\edward.barreras\source\repos\LIVE\MIA SRC\lib\RCWF\2026.1.210.462\Telerik.WinControls.Themes.Office2010Silver.dll
  - Telerik.WinControls.Themes.Office2013Dark.dll 2026.1.210 at \\FEAP1313L\Users\edward.barreras\source\repos\LIVE\MIA SRC\lib\RCWF\2026.1.210.462\Telerik.WinControls.Themes.Office2013Dark.dll
  - Telerik.WinControls.Themes.Office2013Light.dll 2026.1.210 at \\FEAP1313L\Users\edward.barreras\source\repos\LIVE\MIA SRC\lib\RCWF\2026.1.210.462\Telerik.WinControls.Themes.Office2013Light.dll
  - Telerik.WinControls.Themes.TelerikMetroBlue.dll 2026.1.210 at \\FEAP1313L\Users\edward.barreras\source\repos\LIVE\MIA SRC\lib\RCWF\2026.1.210.462\Telerik.WinControls.Themes.TelerikMetroBlue.dll
  - Telerik.WinControls.Themes.VisualStudio2012Dark.dll 2026.1.210 at \\FEAP1313L\Users\edward.barreras\source\repos\LIVE\MIA SRC\lib\RCWF\2026.1.210.462\Telerik.WinControls.Themes.VisualStudio2012Dark.dll
  - Telerik.WinControls.Themes.VisualStudio2012Light.dll 2026.1.210 at \\FEAP1313L\Users\edward.barreras\source\repos\LIVE\MIA SRC\lib\RCWF\2026.1.210.462\Telerik.WinControls.Themes.VisualStudio2012Light.dll
  - Telerik.WinControls.Themes.Windows7.dll 2026.1.210 at \\FEAP1313L\Users\edward.barreras\source\repos\LIVE\MIA SRC\lib\RCWF\2026.1.210.462\Telerik.WinControls.Themes.Windows7.dll
  - Telerik.WinControls.Themes.Windows8.dll 2026.1.210 at \\FEAP1313L\Users\edward.barreras\source\repos\LIVE\MIA SRC\lib\RCWF\2026.1.210.462\Telerik.WinControls.Themes.Windows8.dll
  - Telerik.WinControls.UI.dll 2026.1.210 at \\FEAP1313L\Users\edward.barreras\source\repos\LIVE\MIA SRC\lib\RCWF\2026.1.210.462\Telerik.WinControls.UI.dll
  - Telerik.Windows.Documents.Core.dll 2026.1.210 at \\FEAP1313L\Users\edward.barreras\source\repos\LIVE\MIA SRC\lib\RCWF\2026.1.210.462\Telerik.Windows.Documents.Core.dll
  - Telerik.Windows.Documents.Fixed.dll 2026.1.210 at \\FEAP1313L\Users\edward.barreras\source\repos\LIVE\MIA SRC\lib\RCWF\2026.1.210.462\Telerik.Windows.Documents.Fixed.dll
  - Telerik.Windows.Documents.Spreadsheet.dll 2026.1.210 at \\FEAP1313L\Users\edward.barreras\source\repos\LIVE\MIA SRC\lib\RCWF\2026.1.210.462\Telerik.Windows.Documents.Spreadsheet.dll
  - Telerik.Windows.Documents.Spreadsheet.FormatProviders.OpenXml.dll 2026.1.210 at \\FEAP1313L\Users\edward.barreras\source\repos\LIVE\MIA SRC\lib\RCWF\2026.1.210.462\Telerik.Windows.Documents.Spreadsheet.FormatProviders.OpenXml.dll
  - Telerik.Windows.Documents.Spreadsheet.FormatProviders.Pdf.dll 2026.1.210 at \\FEAP1313L\Users\edward.barreras\source\repos\LIVE\MIA SRC\lib\RCWF\2026.1.210.462\Telerik.Windows.Documents.Spreadsheet.FormatProviders.Pdf.dll
  - Telerik.Windows.Documents.Spreadsheet.FormatProviders.Xls.dll 2026.1.210 at \\FEAP1313L\Users\edward.barreras\source\repos\LIVE\MIA SRC\lib\RCWF\2026.1.210.462\Telerik.Windows.Documents.Spreadsheet.FormatProviders.Xls.dll
  - Telerik.Windows.Zip.dll 2026.1.210 at \\FEAP1313L\Users\edward.barreras\source\repos\LIVE\MIA SRC\lib\RCWF\2026.1.210.462\Telerik.Windows.Zip.dll
  - TelerikCommon.dll 2026.1.210 at \\FEAP1313L\Users\edward.barreras\source\repos\LIVE\MIA SRC\lib\RCWF\2026.1.210.462\TelerikCommon.dll
  - TelerikExport.dll 2026.1.210 at \\FEAP1313L\Users\edward.barreras\source\repos\LIVE\MIA SRC\lib\RCWF\2026.1.210.462\TelerikExport.dll
  - Ubiety.Dns.Core.dll 2.2.1 at \\FEAP1313L\Users\edward.barreras\source\repos\LIVE\MIA SRC\ERP\bin\Debug\Ubiety.Dns.Core.dll
  - WindowsBase.dll 4.8.3761 at C:\Program Files (x86)\Reference Assemblies\Microsoft\Framework\.NETFramework\v4.8\WindowsBase.dll
  - ZstdSharp.dll 0.8.5 at \\FEAP1313L\Users\edward.barreras\source\repos\LIVE\MIA SRC\packages\ZstdSharp.Port.0.8.5\lib\net462\ZstdSharp.dll
  MachineId=2xQjveFWQf4bUNzPt3x/SIfuym0=

[2026-03-23 15:56:41.903] [Low]   Looking for Telerik product metadata in referenced assemblies
      - \\FEAP1313L\Users\edward.barreras\source\repos\LIVE\MIA SRC\lib\RCWF\2026.1.210.462\Telerik.Documents.SpreadsheetStreaming.dll
        ProductCode: DPL, LicenseDate: 2026-02-10, Redistributed By: RCWPF, RCWF, MAUI, UIXAM, WINUI, RCAJAX, KENDOUIMVC, UIASPCORE, BLAZOR, ProductName: Telerik Document Processing Libraries, ProductVersion: 2026.1.210.462, Flags: None
      - \\FEAP1313L\Users\edward.barreras\source\repos\LIVE\MIA SRC\ERP\bin\Debug\Telerik.Reporting.dll
        ProductCode: REPORTING, LicenseDate: 2025-05-21, ProductName: Telerik Reporting, ProductVersion: 19.1.25.521, Flags: None
      - \\FEAP1313L\Users\edward.barreras\source\repos\LIVE\MIA SRC\lib\RCWF\2026.1.210.462\Telerik.WinControls.dll
        ProductCode: RCWF, LicenseDate: 2026-02-10, ProductName: Telerik UI for WinForms, ProductVersion: 2026.1.210.462, Flags: None
      - \\FEAP1313L\Users\edward.barreras\source\repos\LIVE\MIA SRC\lib\RCWF\2026.1.210.462\Telerik.WinControls.GridView.dll
        ProductCode: RCWF, LicenseDate: 2026-02-10, ProductName: Telerik UI for WinForms, ProductVersion: 2026.1.210.462, Flags: None
      - \\FEAP1313L\Users\edward.barreras\source\repos\LIVE\MIA SRC\lib\RCWF\2026.1.210.462\Telerik.WinControls.RadDock.dll
        ProductCode: RCWF, LicenseDate: 2026-02-10, ProductName: Telerik UI for WinForms, ProductVersion: 2026.1.210.462, Flags: None
      - \\FEAP1313L\Users\edward.barreras\source\repos\LIVE\MIA SRC\lib\RCWF\2026.1.210.462\Telerik.WinControls.Themes.Aqua.dll
        ProductCode: RCWF, LicenseDate: 2026-02-10, ProductName: Telerik UI for WinForms, ProductVersion: 2026.1.210.462, Flags: None
      - \\FEAP1313L\Users\edward.barreras\source\repos\LIVE\MIA SRC\lib\RCWF\2026.1.210.462\Telerik.WinControls.Themes.Breeze.dll
        ProductCode: RCWF, LicenseDate: 2026-02-10, ProductName: Telerik UI for WinForms, ProductVersion: 2026.1.210.462, Flags: None
      - \\FEAP1313L\Users\edward.barreras\source\repos\LIVE\MIA SRC\lib\RCWF\2026.1.210.462\Telerik.WinControls.Themes.Crystal.dll
        ProductCode: RCWF, LicenseDate: 2026-02-10, ProductName: Telerik UI for WinForms, ProductVersion: 2026.1.210.462, Flags: None
      - \\FEAP1313L\Users\edward.barreras\source\repos\LIVE\MIA SRC\lib\RCWF\2026.1.210.462\Telerik.WinControls.Themes.CrystalDark.dll
        ProductCode: RCWF, LicenseDate: 2026-02-10, ProductName: Telerik UI for WinForms, ProductVersion: 2026.1.210.462, Flags: None
      - \\FEAP1313L\Users\edward.barreras\source\repos\LIVE\MIA SRC\lib\RCWF\2026.1.210.462\Telerik.WinControls.Themes.Desert.dll
        ProductCode: RCWF, LicenseDate: 2026-02-10, ProductName: Telerik UI for WinForms, ProductVersion: 2026.1.210.462, Flags: None
      - \\FEAP1313L\Users\edward.barreras\source\repos\LIVE\MIA SRC\lib\RCWF\2026.1.210.462\Telerik.WinControls.Themes.Fluent.dll
        ProductCode: RCWF, LicenseDate: 2026-02-10, ProductName: Telerik UI for WinForms, ProductVersion: 2026.1.210.462, Flags: None
      - \\FEAP1313L\Users\edward.barreras\source\repos\LIVE\MIA SRC\lib\RCWF\2026.1.210.462\Telerik.WinControls.Themes.FluentDark.dll
        ProductCode: RCWF, LicenseDate: 2026-02-10, ProductName: Telerik UI for WinForms, ProductVersion: 2026.1.210.462, Flags: None
      - \\FEAP1313L\Users\edward.barreras\source\repos\LIVE\MIA SRC\lib\RCWF\2026.1.210.462\Telerik.WinControls.Themes.HighContrastBlack.dll
        ProductCode: RCWF, LicenseDate: 2026-02-10, ProductName: Telerik UI for WinForms, ProductVersion: 2026.1.210.462, Flags: None
      - \\FEAP1313L\Users\edward.barreras\source\repos\LIVE\MIA SRC\lib\RCWF\2026.1.210.462\Telerik.WinControls.Themes.Material.dll
        ProductCode: RCWF, LicenseDate: 2026-02-10, ProductName: Telerik UI for WinForms, ProductVersion: 2026.1.210.462, Flags: None
      - \\FEAP1313L\Users\edward.barreras\source\repos\LIVE\MIA SRC\lib\RCWF\2026.1.210.462\Telerik.WinControls.Themes.MaterialBlueGrey.dll
        ProductCode: RCWF, LicenseDate: 2026-02-10, ProductName: Telerik UI for WinForms, ProductVersion: 2026.1.210.462, Flags: None
      - \\FEAP1313L\Users\edward.barreras\source\repos\LIVE\MIA SRC\lib\RCWF\2026.1.210.462\Telerik.WinControls.Themes.MaterialPink.dll
        ProductCode: RCWF, LicenseDate: 2026-02-10, ProductName: Telerik UI for WinForms, ProductVersion: 2026.1.210.462, Flags: None
      - \\FEAP1313L\Users\edward.barreras\source\repos\LIVE\MIA SRC\lib\RCWF\2026.1.210.462\Telerik.WinControls.Themes.MaterialTeal.dll
        ProductCode: RCWF, LicenseDate: 2026-02-10, ProductName: Telerik UI for WinForms, ProductVersion: 2026.1.210.462, Flags: None
      - \\FEAP1313L\Users\edward.barreras\source\repos\LIVE\MIA SRC\lib\RCWF\2026.1.210.462\Telerik.WinControls.Themes.Office2007Black.dll
        ProductCode: RCWF, LicenseDate: 2026-02-10, ProductName: Telerik UI for WinForms, ProductVersion: 2026.1.210.462, Flags: None
      - \\FEAP1313L\Users\edward.barreras\source\repos\LIVE\MIA SRC\lib\RCWF\2026.1.210.462\Telerik.WinControls.Themes.Office2010Black.dll
        ProductCode: RCWF, LicenseDate: 2026-02-10, ProductName: Telerik UI for WinForms, ProductVersion: 2026.1.210.462, Flags: None
      - \\FEAP1313L\Users\edward.barreras\source\repos\LIVE\MIA SRC\lib\RCWF\2026.1.210.462\Telerik.WinControls.Themes.Office2010Blue.dll
        ProductCode: RCWF, LicenseDate: 2026-02-10, ProductName: Telerik UI for WinForms, ProductVersion: 2026.1.210.462, Flags: None
      - \\FEAP1313L\Users\edward.barreras\source\repos\LIVE\MIA SRC\lib\RCWF\2026.1.210.462\Telerik.WinControls.Themes.Office2010Silver.dll
        ProductCode: RCWF, LicenseDate: 2026-02-10, ProductName: Telerik UI for WinForms, ProductVersion: 2026.1.210.462, Flags: None
      - \\FEAP1313L\Users\edward.barreras\source\repos\LIVE\MIA SRC\lib\RCWF\2026.1.210.462\Telerik.WinControls.Themes.Office2013Dark.dll
        ProductCode: RCWF, LicenseDate: 2026-02-10, ProductName: Telerik UI for WinForms, ProductVersion: 2026.1.210.462, Flags: None
      - \\FEAP1313L\Users\edward.barreras\source\repos\LIVE\MIA SRC\lib\RCWF\2026.1.210.462\Telerik.WinControls.Themes.Office2013Light.dll
        ProductCode: RCWF, LicenseDate: 2026-02-10, ProductName: Telerik UI for WinForms, ProductVersion: 2026.1.210.462, Flags: None
      - \\FEAP1313L\Users\edward.barreras\source\repos\LIVE\MIA SRC\lib\RCWF\2026.1.210.462\Telerik.WinControls.Themes.TelerikMetroBlue.dll
        ProductCode: RCWF, LicenseDate: 2026-02-10, ProductName: Telerik UI for WinForms, ProductVersion: 2026.1.210.462, Flags: None
      - \\FEAP1313L\Users\edward.barreras\source\repos\LIVE\MIA SRC\lib\RCWF\2026.1.210.462\Telerik.WinControls.Themes.VisualStudio2012Dark.dll
        ProductCode: RCWF, LicenseDate: 2026-02-10, ProductName: Telerik UI for WinForms, ProductVersion: 2026.1.210.462, Flags: None
      - \\FEAP1313L\Users\edward.barreras\source\repos\LIVE\MIA SRC\lib\RCWF\2026.1.210.462\Telerik.WinControls.Themes.VisualStudio2012Light.dll
        ProductCode: RCWF, LicenseDate: 2026-02-10, ProductName: Telerik UI for WinForms, ProductVersion: 2026.1.210.462, Flags: None
      - \\FEAP1313L\Users\edward.barreras\source\repos\LIVE\MIA SRC\lib\RCWF\2026.1.210.462\Telerik.WinControls.Themes.Windows7.dll
        ProductCode: RCWF, LicenseDate: 2026-02-10, ProductName: Telerik UI for WinForms, ProductVersion: 2026.1.210.462, Flags: None
      - \\FEAP1313L\Users\edward.barreras\source\repos\LIVE\MIA SRC\lib\RCWF\2026.1.210.462\Telerik.WinControls.Themes.Windows8.dll
        ProductCode: RCWF, LicenseDate: 2026-02-10, ProductName: Telerik UI for WinForms, ProductVersion: 2026.1.210.462, Flags: None
      - \\FEAP1313L\Users\edward.barreras\source\repos\LIVE\MIA SRC\lib\RCWF\2026.1.210.462\Telerik.WinControls.UI.dll
        ProductCode: RCWF, LicenseDate: 2026-02-10, ProductName: Telerik UI for WinForms, ProductVersion: 2026.1.210.462, Flags: None
      - \\FEAP1313L\Users\edward.barreras\source\repos\LIVE\MIA SRC\lib\RCWF\2026.1.210.462\Telerik.Windows.Documents.Core.dll
        ProductCode: DPL, LicenseDate: 2026-02-10, Redistributed By: RCWPF, RCWF, MAUI, UIXAM, WINUI, RCAJAX, KENDOUIMVC, UIASPCORE, BLAZOR, ProductName: Telerik Document Processing Libraries, ProductVersion: 2026.1.210.462, Flags: None
      - \\FEAP1313L\Users\edward.barreras\source\repos\LIVE\MIA SRC\lib\RCWF\2026.1.210.462\Telerik.Windows.Documents.Fixed.dll
        ProductCode: DPL, LicenseDate: 2026-02-10, Redistributed By: RCWPF, RCWF, MAUI, UIXAM, WINUI, RCAJAX, KENDOUIMVC, UIASPCORE, BLAZOR, ProductName: Telerik Document Processing Libraries, ProductVersion: 2026.1.210.462, Flags: None
      - \\FEAP1313L\Users\edward.barreras\source\repos\LIVE\MIA SRC\lib\RCWF\2026.1.210.462\Telerik.Windows.Documents.Spreadsheet.dll
        ProductCode: DPL, LicenseDate: 2026-02-10, Redistributed By: RCWPF, RCWF, MAUI, UIXAM, WINUI, RCAJAX, KENDOUIMVC, UIASPCORE, BLAZOR, ProductName: Telerik Document Processing Libraries, ProductVersion: 2026.1.210.462, Flags: None
      - \\FEAP1313L\Users\edward.barreras\source\repos\LIVE\MIA SRC\lib\RCWF\2026.1.210.462\Telerik.Windows.Documents.Spreadsheet.FormatProviders.Pdf.dll
        ProductCode: DPL, LicenseDate: 2026-02-10, Redistributed By: RCWPF, RCWF, MAUI, UIXAM, WINUI, RCAJAX, KENDOUIMVC, UIASPCORE, BLAZOR, ProductName: Telerik Document Processing Libraries, ProductVersion: 2026.1.210.462, Flags: None
      - \\FEAP1313L\Users\edward.barreras\source\repos\LIVE\MIA SRC\lib\RCWF\2026.1.210.462\Telerik.Windows.Documents.Spreadsheet.FormatProviders.Xls.dll
        ProductCode: DPL, LicenseDate: 2026-02-10, Redistributed By: RCWPF, RCWF, MAUI, UIXAM, WINUI, RCAJAX, KENDOUIMVC, UIASPCORE, BLAZOR, ProductName: Telerik Document Processing Libraries, ProductVersion: 2026.1.210.462, Flags: None
      - \\FEAP1313L\Users\edward.barreras\source\repos\LIVE\MIA SRC\lib\RCWF\2026.1.210.462\Telerik.Windows.Zip.dll
        ProductCode: DPL, LicenseDate: 2026-02-10, Redistributed By: RCWPF, RCWF, MAUI, UIXAM, WINUI, RCAJAX, KENDOUIMVC, UIASPCORE, BLAZOR, ProductName: Telerik Document Processing Libraries, ProductVersion: 2026.1.210.462, Flags: None
      - \\FEAP1313L\Users\edward.barreras\source\repos\LIVE\MIA SRC\lib\RCWF\2026.1.210.462\TelerikCommon.dll
        ProductCode: RCWF, LicenseDate: 2026-02-10, ProductName: Telerik UI for WinForms, ProductVersion: 2026.1.210.462, Flags: None
      - \\FEAP1313L\Users\edward.barreras\source\repos\LIVE\MIA SRC\lib\RCWF\2026.1.210.462\TelerikExport.dll
        ProductCode: RCWF, LicenseDate: 2026-02-10, ProductName: Telerik UI for WinForms, ProductVersion: 2026.1.210.462, Flags: None
      Unique Products:
      - "Telerik Document Processing Libraries" (DPL) 2026.1.210.462 @2026-02-10
      - "Telerik UI for WinForms" (RCWF) 2026.1.210.462 @2026-02-10
      - "Telerik Reporting" (REPORTING) 19.1.25.521 @2025-05-21
      Found a total of 3 referenced Telerik products for 

[2026-03-23 15:56:41.942] [Low]   Provision Licensing
        Looking up license file...
        - EnvironmentVariablePath: TELERIK_LICENSE_PATH (NotAvailable)
        - EnvironmentVariable: TELERIK_LICENSE (NotAvailable)
        - EnvironmentVariable: KENDO_UI_LICENSE (NotAvailable)
        - RecursiveFilePath: \\FEAP1313L\Users\edward.barreras\source\repos\LIVE\MIA SRC\ERP\telerik-license.txt (NotAvailable)
        - RecursiveFilePath: \\FEAP1313L\Users\edward.barreras\source\repos\LIVE\MIA SRC\ERP\kendo-ui-license.txt (NotAvailable)
        - RecursiveFilePath: \\FEAP1313L\Users\edward.barreras\source\repos\LIVE\MIA SRC\telerik-license.txt (LicenseFound)
        - RecursiveFilePath: \\FEAP1313L\Users\edward.barreras\source\repos\LIVE\MIA SRC\kendo-ui-license.txt (Skip)
        - RecursiveFilePath: \\FEAP1313L\Users\edward.barreras\source\repos\LIVE\telerik-license.txt (Skip)
        - RecursiveFilePath: \\FEAP1313L\Users\edward.barreras\source\repos\LIVE\kendo-ui-license.txt (Skip)
        - RecursiveFilePath: \\FEAP1313L\Users\edward.barreras\source\repos\telerik-license.txt (Skip)
        - RecursiveFilePath: \\FEAP1313L\Users\edward.barreras\source\repos\kendo-ui-license.txt (Skip)
        - RecursiveFilePath: \\FEAP1313L\Users\edward.barreras\source\telerik-license.txt (Skip)
        - RecursiveFilePath: \\FEAP1313L\Users\edward.barreras\source\kendo-ui-license.txt (Skip)
        - RecursiveFilePath: \\FEAP1313L\Users\edward.barreras\telerik-license.txt (Skip)
        - RecursiveFilePath: \\FEAP1313L\Users\edward.barreras\kendo-ui-license.txt (Skip)
        - RecursiveFilePath: \\FEAP1313L\Users\telerik-license.txt (Skip)
        - RecursiveFilePath: \\FEAP1313L\Users\kendo-ui-license.txt (Skip)
        - UserDirectory: C:\Users\edward.barreras\AppData\Roaming\Telerik\telerik-license.txt (Skip)
        - UserDirectory: C:\Users\edward.barreras\AppData\Roaming\Telerik\kendo-ui-license.txt (Skip)
        LicenseKey
        - AUD: f***.m**@f***************.com
        - UsedId: ab69b8b5-c84c-45ed-8228-81dac868c759
        - LicenseId: e7eaafda-87c7-42d6-9ce6-49a541b8c4ed
        - IssuedAt: 1/20/2026 6:35:06 AM
        - Licenses
          0) Perpetual BLAZOR, expiration 9/25/2027 12:49:33 PM, type: 'perpetual'
          1) Perpetual JM, expiration 9/25/2027 12:49:33 PM, type: 'perpetual'
          2) Perpetual KENDOUIANGULAR, expiration 9/25/2027 12:49:33 PM, type: 'perpetual'
          3) Perpetual KENDOUICOMPLETE, expiration 9/25/2027 12:49:33 PM, type: 'perpetual'
          4) Perpetual KENDOUIMVC, expiration 9/25/2027 12:49:33 PM, type: 'perpetual'
          5) Perpetual KENDOUIREACT, expiration 9/25/2027 12:49:33 PM, type: 'perpetual'
          6) Perpetual KENDOUIVUE, expiration 9/25/2027 12:49:33 PM, type: 'perpetual'
          7) Perpetual MAUI, expiration 9/25/2027 12:49:33 PM, type: 'perpetual'
          8) Perpetual RCAJAX, expiration 9/25/2027 12:49:33 PM, type: 'perpetual'
          9) Perpetual RCWF, expiration 9/25/2027 12:49:33 PM, type: 'perpetual'
          10) Perpetual RCWPF, expiration 9/25/2027 12:49:33 PM, type: 'perpetual'
          11) Perpetual REPORTING, expiration 9/25/2027 12:49:33 PM, type: 'perpetual'
          12) Perpetual REPORTSERVER, expiration 9/25/2027 12:49:33 PM, type: 'perpetual'
          13) Perpetual UIASPCORE, expiration 9/25/2027 12:49:33 PM, type: 'perpetual'
          14) Perpetual UIXAM, expiration 2/19/2025 6:00:00 AM, type: 'perpetual'
          15) Perpetual WINUI, expiration 9/25/2027 12:49:33 PM, type: 'perpetual'
          16) Usage UserId: ab69b8b5-c84c-45ed-8228-81dac868c759, LicenseId: e7eaafda-87c7-42d6-9ce6-49a541b8c4ed, type: 'usage'

[2026-03-23 15:56:41.949] [Low]   License Resolution
        Messages
          - License OK for "Telerik UI for WinForms" (RCWF) 2026.1.210.462 @2026-02-10 - Perpetual, valid until 2027-09-25.
          - License OK for "Telerik Reporting" (REPORTING) 19.1.25.521 @2025-05-21 - Perpetual, valid until 2027-09-25.
          - License OK for "Telerik Document Processing Libraries" (DPL) 2026.1.210.462 @2026-02-10 - Perpetual for RCWF, valid until 2027-09-25.
        JWTs
          - eyJhbGciOiJSUzI1NiIsInR5cCI6IlRlbGVyaWsgTGljZW5zZSBFdmlkZW5jZSJ9.eyJjb2RlIjoiUkNXRiIsInR5cGUiOiJwZXJwZXR1YWwiLCJleHBpcmF0aW9uIjoxODIxODc2NTczLCJ1c2VySWQiOiJhYjY5YjhiNS1jODRjLTQ1ZWQtODIyOC04MWRhYzg2OGM3NTkiLCJsaWNlbnNlSWQiOiJlN2VhYWZkYS04N2M3LTQyZDYtOWNlNi00OWE1NDFiOGM0ZWQifQ.H8sxX5O2T3i22Uhy0PFV3YDo-lS1iHVocWX9Eu-82PheI3XbKMkEr7QiChWfuNwS9afgR7PMGy4_nx9HXRV5V9cRQ1zWvIkJsG2EbadPtKlygaAkCh-FXSRVflm3WITNHIAYfazZa26sHSnqBW_XRbH3o0GQkqVYkLlxLuLuKa4M7LlA1KtQZcVFhOH2oaXQoxfrkUMQxNFCz0JdI76T1YJNrAwxpXri8KUzfoDwKhY-IhN-bU25hJs19yGvWykTuZqrZ3lv603aQkaCaPnlF_tHROsmC7nbV4aaxaSHRF1PVD5lqsAhkA5OdGmqH8Kq9F5mhRXVVwYWf3WBcxZKkg
          - eyJhbGciOiJSUzI1NiIsInR5cCI6IlRlbGVyaWsgTGljZW5zZSBFdmlkZW5jZSJ9.eyJjb2RlIjoiUkVQT1JUSU5HIiwidHlwZSI6InBlcnBldHVhbCIsImV4cGlyYXRpb24iOjE4MjE4NzY1NzMsInVzZXJJZCI6ImFiNjliOGI1LWM4NGMtNDVlZC04MjI4LTgxZGFjODY4Yzc1OSIsImxpY2Vuc2VJZCI6ImU3ZWFhZmRhLTg3YzctNDJkNi05Y2U2LTQ5YTU0MWI4YzRlZCJ9.vMdezVVvhtRG-iThgXrXFDyr8L394y38spuHWK9Cyc_b9XZ2iHzEwyT9dLgOqBfvEQM3-GKFcOW6O4-_SSwoIjNhm9paVKSVEmeonMfEOgZjOXuqYFCrXmegYUefJNkHmL6P9cB0CPtA_PThVXqg_RGtCMGEoTW_ISG2ymjLnKXwuGf3uQoTxYWCmdBVMAeZHBlzpUh7aJ78fWmWbIvGf_jrykaFhCaWML2yJHyAjHIH1uzf088pGqdOeDvhBQsIva3Hg0KPLptC4ZqxkkVyYHFvvqFgwwkv8O3ex6Df238honjg-11aXIid1Ad6SSsrqEuKqHBUF__HbdhN0AvfLg
        Licenses
          - License OK for "Telerik UI for WinForms" (RCWF) 2026.1.210.462 @2026-02-10 - Perpetual, valid until 2027-09-25.
          - License OK for "Telerik Reporting" (REPORTING) 19.1.25.521 @2025-05-21 - Perpetual, valid until 2027-09-25.
          - License OK for "Telerik Document Processing Libraries" (DPL) 2026.1.210.462 @2026-02-10 - Perpetual for RCWF, valid until 2027-09-25.

[2026-03-23 15:56:41.952] [Low] OutputType: WinExe, ImportXamlTargets: True
[2026-03-23 15:56:41.966] [Low] 
      Call-Home Telerik Products (3 for )
      - "Telerik UI for WinForms" (RCWF) 2026.1.210
      - "DPL" (DPL) 2026.1.210
      - "Telerik Reporting" (REPORTING) 19.1.25

[2026-03-23 15:56:41.966] [Low] 
[2026-03-23 15:56:41.968] [Low] 
      Call-Home Telerik Features (0 for )

[2026-03-23 15:56:41.968] [Low] 
[2026-03-23 15:56:42.014] [Low]   Report Telerik.Licensing
        UserId: ab69b8b5-c84c-45ed-8228-81dac868c759
        LicenseId: e7eaafda-87c7-42d6-9ce6-49a541b8c4ed
        Products
        - LicenseUsed RCWF 2026.1.210.462 SKIPPED
        - LicenseUsed REPORTING 19.1.25.521 SKIPPED
        - LicenseUsed DPL 2026.1.210.462 SKIPPED
      Report finished in 00:00:00.0394478

[2026-03-23 15:56:42.015] [Low]   Sending Telemetry...
[2026-03-23 15:56:42.046] [Low]   Metrics done 00:00:00.0315191
[2026-03-23 15:56:42.050] [Normal] Resolve Telerik Products. Done (00:00:00.5021851) for 
[2026-03-23 15:59:47.042] [Normal] Resolve Telerik Products.
  MSBuildProjectName=2
  MSBuildProjectDirectory=\\FEAP1313L\Users\edward.barreras\source\repos\LIVE\MIA SRC\ERP
  MSBuildProjectExtension=.vbproj
  Language=VB
  OutputPath=bin\Debug\
  Platform=AnyCPU
  TargetFramework=
  TargetFrameworks=
  TargetFrameworkVersion=v4.8
  VisualStudioVersion=17.0
  UsingMicrosoftNETSdk=
  UsingMicrosoftNETSdkRazor=
  UsingMicrosoftNETSdkWeb=
  ImportXamlTargets=True
  OutputType=WinExe
  UseMaui=
  NuGetPackageRoot=

  PackageReferences
  ReferencePaths
  - BouncyCastle.Crypto.dll 1.8.3 at \\FEAP1313L\Users\edward.barreras\source\repos\LIVE\MIA SRC\packages\BouncyCastle.1.8.3.1\lib\BouncyCastle.Crypto.dll
  - BouncyCastle.Cryptography.dll 2.5.1 at \\FEAP1313L\Users\edward.barreras\source\repos\LIVE\MIA SRC\packages\BouncyCastle.Cryptography.2.5.1\lib\net461\BouncyCastle.Cryptography.dll
  - ClosedXML.dll 0.96.0 at \\FEAP1313L\Users\edward.barreras\source\repos\LIVE\MIA SRC\packages\ClosedXML.0.96.0\lib\net40\ClosedXML.dll
  - DocumentFormat.OpenXml.dll 2.16.0 at \\FEAP1313L\Users\edward.barreras\source\repos\LIVE\MIA SRC\packages\DocumentFormat.OpenXml.2.16.0\lib\net40\DocumentFormat.OpenXml.dll
  - ExcelNumberFormat.dll 1.1.0 at \\FEAP1313L\Users\edward.barreras\source\repos\LIVE\MIA SRC\packages\ExcelNumberFormat.1.1.0\lib\net20\ExcelNumberFormat.dll
  - FEAPNS.dll 1.0.0 at \\FEAP1313L\Users\edward.barreras\source\repos\LIVE\MIA SRC\ERP\bin\Debug\FEAPNS.dll
  - Gma.QrCodeNet.Encoding.dll 0.4.1 at \\FEAP1313L\Users\edward.barreras\source\repos\LIVE\MIA SRC\packages\Gma.QrCodeNet.0.4.1.2\lib\net40\Gma.QrCodeNet.Encoding.dll
  - Google.Protobuf.dll 3.30.0 at \\FEAP1313L\Users\edward.barreras\source\repos\LIVE\MIA SRC\packages\Google.Protobuf.3.30.0\lib\net45\Google.Protobuf.dll
  - K4os.Compression.LZ4.dll 1.3.8 at \\FEAP1313L\Users\edward.barreras\source\repos\LIVE\MIA SRC\packages\K4os.Compression.LZ4.1.3.8\lib\net462\K4os.Compression.LZ4.dll
  - K4os.Compression.LZ4.Streams.dll 1.3.8 at \\FEAP1313L\Users\edward.barreras\source\repos\LIVE\MIA SRC\packages\K4os.Compression.LZ4.Streams.1.3.8\lib\net462\K4os.Compression.LZ4.Streams.dll
  - K4os.Hash.xxHash.dll 1.0.8 at \\FEAP1313L\Users\edward.barreras\source\repos\LIVE\MIA SRC\packages\K4os.Hash.xxHash.1.0.8\lib\net462\K4os.Hash.xxHash.dll
  - MIA-Linq.dll 1.0.0 at \\FEAP1313L\Users\edward.barreras\source\repos\LIVE\MIA SRC\ERP\bin\Debug\MIA-Linq.dll
  - MIA-Report.dll 1.0.0 at \\FEAP1313L\Users\edward.barreras\source\repos\LIVE\MIA SRC\ERP\bin\Debug\MIA-Report.dll
  - Microsoft.Bcl.AsyncInterfaces.dll 5.0.0 at \\FEAP1313L\Users\edward.barreras\source\repos\LIVE\MIA SRC\packages\Microsoft.Bcl.AsyncInterfaces.5.0.0\lib\net461\Microsoft.Bcl.AsyncInterfaces.dll
  - Microsoft.CSharp.dll 4.8.3761 at C:\Program Files (x86)\Reference Assemblies\Microsoft\Framework\.NETFramework\v4.8\Microsoft.CSharp.dll
  - MySql.Data.dll 9.4.0 at \\FEAP1313L\Users\edward.barreras\source\repos\LIVE\MIA SRC\packages\MySql.Data.9.4.0\lib\net48\MySql.Data.dll
  - Newtonsoft.Json.dll 13.0.3 at \\FEAP1313L\Users\edward.barreras\source\repos\LIVE\MIA SRC\packages\Newtonsoft.Json.13.0.3\lib\net45\Newtonsoft.Json.dll
  - SRCDailyReportv2.dll 1.0.0 at \\FEAP1313L\Users\edward.barreras\source\repos\LIVE\MIA SRC\ERP\bin\Debug\SRCDailyReportv2.dll
  - System.Buffers.dll 4.6.28619 at \\FEAP1313L\Users\edward.barreras\source\repos\LIVE\MIA SRC\packages\System.Buffers.4.5.1\lib\net461\System.Buffers.dll
  - System.ComponentModel.DataAnnotations.dll 4.8.3761 at C:\Program Files (x86)\Reference Assemblies\Microsoft\Framework\.NETFramework\v4.8\System.ComponentModel.DataAnnotations.dll
  - System.ComponentModel.dll 4.8.3761 at C:\Program Files (x86)\Reference Assemblies\Microsoft\Framework\.NETFramework\v4.8\Facades\System.ComponentModel.dll
  - System.Configuration.ConfigurationManager.dll 8.0.0 at \\FEAP1313L\Users\edward.barreras\source\repos\LIVE\MIA SRC\packages\System.Configuration.ConfigurationManager.8.0.0\lib\net462\System.Configuration.ConfigurationManager.dll
  - System.Configuration.dll 4.8.3761 at C:\Program Files (x86)\Reference Assemblies\Microsoft\Framework\.NETFramework\v4.8\System.Configuration.dll
  - System.Configuration.Install.dll 4.8.3761 at C:\Program Files (x86)\Reference Assemblies\Microsoft\Framework\.NETFramework\v4.8\System.Configuration.Install.dll
  - System.Core.dll 4.8.3761 at C:\Program Files (x86)\Reference Assemblies\Microsoft\Framework\.NETFramework\v4.8\System.Core.dll
  - System.Data.DataSetExtensions.dll 4.8.3761 at C:\Program Files (x86)\Reference Assemblies\Microsoft\Framework\.NETFramework\v4.8\System.Data.DataSetExtensions.dll
  - System.Data.dll 4.8.3761 at C:\Program Files (x86)\Reference Assemblies\Microsoft\Framework\.NETFramework\v4.8\System.Data.dll
  - System.Data.OleDb.dll 9.0.2 at \\FEAP1313L\Users\edward.barreras\source\repos\LIVE\MIA SRC\packages\System.Data.OleDb.9.0.2\lib\net462\System.Data.OleDb.dll
  - System.Deployment.dll 4.8.3761 at C:\Program Files (x86)\Reference Assemblies\Microsoft\Framework\.NETFramework\v4.8\System.Deployment.dll
  - System.Diagnostics.DiagnosticSource.dll 8.0.4 at \\FEAP1313L\Users\edward.barreras\source\repos\LIVE\MIA SRC\packages\System.Diagnostics.DiagnosticSource.8.0.1\lib\net462\System.Diagnostics.DiagnosticSource.dll
  - System.dll 4.8.3761 at C:\Program Files (x86)\Reference Assemblies\Microsoft\Framework\.NETFramework\v4.8\System.dll
  - System.Drawing.Design.dll 4.8.3761 at C:\Program Files (x86)\Reference Assemblies\Microsoft\Framework\.NETFramework\v4.8\System.Drawing.Design.dll
  - System.Drawing.dll 4.8.3761 at C:\Program Files (x86)\Reference Assemblies\Microsoft\Framework\.NETFramework\v4.8\System.Drawing.dll
  - System.IO.Pipelines.dll 5.0.15 at \\FEAP1313L\Users\edward.barreras\source\repos\LIVE\MIA SRC\packages\System.IO.Pipelines.5.0.2\lib\net461\System.IO.Pipelines.dll
  - System.Management.dll 4.8.3761 at C:\Program Files (x86)\Reference Assemblies\Microsoft\Framework\.NETFramework\v4.8\System.Management.dll
  - System.Memory.dll 4.6.31308 at \\FEAP1313L\Users\edward.barreras\source\repos\LIVE\MIA SRC\packages\System.Memory.4.5.5\lib\net461\System.Memory.dll
  - System.Messaging.dll 4.8.3761 at C:\Program Files (x86)\Reference Assemblies\Microsoft\Framework\.NETFramework\v4.8\System.Messaging.dll
  - System.Net.Http.Formatting.dll 5.2.7 at C:\Program Files\Microsoft Visual Studio\2022\Community\Common7\IDE\PublicAssemblies\System.Net.Http.Formatting.dll
  - System.Numerics.dll 4.8.3761 at C:\Program Files (x86)\Reference Assemblies\Microsoft\Framework\.NETFramework\v4.8\System.Numerics.dll
  - System.Numerics.Vectors.dll 4.6.26515 at \\FEAP1313L\Users\edward.barreras\source\repos\LIVE\MIA SRC\packages\System.Numerics.Vectors.4.5.0\lib\net46\System.Numerics.Vectors.dll
  - System.Runtime.CompilerServices.Unsafe.dll 6.1.0 at \\FEAP1313L\Users\edward.barreras\source\repos\LIVE\MIA SRC\packages\System.Runtime.CompilerServices.Unsafe.6.1.0\lib\net462\System.Runtime.CompilerServices.Unsafe.dll
  - System.Threading.Tasks.Extensions.dll 4.6.0 at \\FEAP1313L\Users\edward.barreras\source\repos\LIVE\MIA SRC\packages\System.Threading.Tasks.Extensions.4.6.0\lib\net462\System.Threading.Tasks.Extensions.dll
  - System.Transactions.dll 4.8.3761 at C:\Program Files (x86)\Reference Assemblies\Microsoft\Framework\.NETFramework\v4.8\System.Transactions.dll
  - System.Web.Extensions.dll 4.8.3761 at C:\Program Files (x86)\Reference Assemblies\Microsoft\Framework\.NETFramework\v4.8\System.Web.Extensions.dll
  - System.Windows.Forms.dll 4.8.3761 at C:\Program Files (x86)\Reference Assemblies\Microsoft\Framework\.NETFramework\v4.8\System.Windows.Forms.dll
  - System.Xml.dll 4.8.3761 at C:\Program Files (x86)\Reference Assemblies\Microsoft\Framework\.NETFramework\v4.8\System.Xml.dll
  - System.Xml.Linq.dll 4.8.3761 at C:\Program Files (x86)\Reference Assemblies\Microsoft\Framework\.NETFramework\v4.8\System.Xml.Linq.dll
  - Telerik.Documents.SpreadsheetStreaming.dll 2026.1.210 at \\FEAP1313L\Users\edward.barreras\source\repos\LIVE\MIA SRC\lib\RCWF\2026.1.210.462\Telerik.Documents.SpreadsheetStreaming.dll
  - Telerik.Licensing.Runtime.dll 1.8.2 at \\FEAP1313L\Users\edward.barreras\source\repos\LIVE\MIA SRC\packages\Telerik.Licensing.1.8.2\lib\net462\Telerik.Licensing.Runtime.dll
  - Telerik.Reporting.dll 19.1.25 at \\FEAP1313L\Users\edward.barreras\source\repos\LIVE\MIA SRC\ERP\bin\Debug\Telerik.Reporting.dll
  - Telerik.Reporting.Services.HttpClient.dll 19.1.25 at \\FEAP1313L\Users\edward.barreras\source\repos\LIVE\MIA SRC\ERP\bin\Debug\Telerik.Reporting.Services.HttpClient.dll
  - Telerik.Reporting.Services.ServiceStack.dll 19.1.25 at \\FEAP1313L\Users\edward.barreras\source\repos\LIVE\MIA SRC\ERP\bin\Debug\Telerik.Reporting.Services.ServiceStack.dll
  - Telerik.ReportViewer.WinForms.dll 19.1.25 at \\FEAP1313L\Users\edward.barreras\source\repos\LIVE\MIA SRC\ERP\bin\Debug\Telerik.ReportViewer.WinForms.dll
  - Telerik.ReportViewer.Wpf.dll 19.1.25 at \\FEAP1313L\Users\edward.barreras\source\repos\LIVE\MIA SRC\ERP\bin\Debug\Telerik.ReportViewer.Wpf.dll
  - Telerik.WinControls.dll 2026.1.210 at \\FEAP1313L\Users\edward.barreras\source\repos\LIVE\MIA SRC\lib\RCWF\2026.1.210.462\Telerik.WinControls.dll
  - Telerik.WinControls.GridView.dll 2026.1.210 at \\FEAP1313L\Users\edward.barreras\source\repos\LIVE\MIA SRC\lib\RCWF\2026.1.210.462\Telerik.WinControls.GridView.dll
  - Telerik.WinControls.RadDock.dll 2026.1.210 at \\FEAP1313L\Users\edward.barreras\source\repos\LIVE\MIA SRC\lib\RCWF\2026.1.210.462\Telerik.WinControls.RadDock.dll
  - Telerik.WinControls.Themes.Aqua.dll 2026.1.210 at \\FEAP1313L\Users\edward.barreras\source\repos\LIVE\MIA SRC\lib\RCWF\2026.1.210.462\Telerik.WinControls.Themes.Aqua.dll
  - Telerik.WinControls.Themes.Breeze.dll 2026.1.210 at \\FEAP1313L\Users\edward.barreras\source\repos\LIVE\MIA SRC\lib\RCWF\2026.1.210.462\Telerik.WinControls.Themes.Breeze.dll
  - Telerik.WinControls.Themes.Crystal.dll 2026.1.210 at \\FEAP1313L\Users\edward.barreras\source\repos\LIVE\MIA SRC\lib\RCWF\2026.1.210.462\Telerik.WinControls.Themes.Crystal.dll
  - Telerik.WinControls.Themes.CrystalDark.dll 2026.1.210 at \\FEAP1313L\Users\edward.barreras\source\repos\LIVE\MIA SRC\lib\RCWF\2026.1.210.462\Telerik.WinControls.Themes.CrystalDark.dll
  - Telerik.WinControls.Themes.Desert.dll 2026.1.210 at \\FEAP1313L\Users\edward.barreras\source\repos\LIVE\MIA SRC\lib\RCWF\2026.1.210.462\Telerik.WinControls.Themes.Desert.dll
  - Telerik.WinControls.Themes.Fluent.dll 2026.1.210 at \\FEAP1313L\Users\edward.barreras\source\repos\LIVE\MIA SRC\lib\RCWF\2026.1.210.462\Telerik.WinControls.Themes.Fluent.dll
  - Telerik.WinControls.Themes.FluentDark.dll 2026.1.210 at \\FEAP1313L\Users\edward.barreras\source\repos\LIVE\MIA SRC\lib\RCWF\2026.1.210.462\Telerik.WinControls.Themes.FluentDark.dll
  - Telerik.WinControls.Themes.HighContrastBlack.dll 2026.1.210 at \\FEAP1313L\Users\edward.barreras\source\repos\LIVE\MIA SRC\lib\RCWF\2026.1.210.462\Telerik.WinControls.Themes.HighContrastBlack.dll
  - Telerik.WinControls.Themes.Material.dll 2026.1.210 at \\FEAP1313L\Users\edward.barreras\source\repos\LIVE\MIA SRC\lib\RCWF\2026.1.210.462\Telerik.WinControls.Themes.Material.dll
  - Telerik.WinControls.Themes.MaterialBlueGrey.dll 2026.1.210 at \\FEAP1313L\Users\edward.barreras\source\repos\LIVE\MIA SRC\lib\RCWF\2026.1.210.462\Telerik.WinControls.Themes.MaterialBlueGrey.dll
  - Telerik.WinControls.Themes.MaterialPink.dll 2026.1.210 at \\FEAP1313L\Users\edward.barreras\source\repos\LIVE\MIA SRC\lib\RCWF\2026.1.210.462\Telerik.WinControls.Themes.MaterialPink.dll
  - Telerik.WinControls.Themes.MaterialTeal.dll 2026.1.210 at \\FEAP1313L\Users\edward.barreras\source\repos\LIVE\MIA SRC\lib\RCWF\2026.1.210.462\Telerik.WinControls.Themes.MaterialTeal.dll
  - Telerik.WinControls.Themes.Office2007Black.dll 2026.1.210 at \\FEAP1313L\Users\edward.barreras\source\repos\LIVE\MIA SRC\lib\RCWF\2026.1.210.462\Telerik.WinControls.Themes.Office2007Black.dll
  - Telerik.WinControls.Themes.Office2010Black.dll 2026.1.210 at \\FEAP1313L\Users\edward.barreras\source\repos\LIVE\MIA SRC\lib\RCWF\2026.1.210.462\Telerik.WinControls.Themes.Office2010Black.dll
  - Telerik.WinControls.Themes.Office2010Blue.dll 2026.1.210 at \\FEAP1313L\Users\edward.barreras\source\repos\LIVE\MIA SRC\lib\RCWF\2026.1.210.462\Telerik.WinControls.Themes.Office2010Blue.dll
  - Telerik.WinControls.Themes.Office2010Silver.dll 2026.1.210 at \\FEAP1313L\Users\edward.barreras\source\repos\LIVE\MIA SRC\lib\RCWF\2026.1.210.462\Telerik.WinControls.Themes.Office2010Silver.dll
  - Telerik.WinControls.Themes.Office2013Dark.dll 2026.1.210 at \\FEAP1313L\Users\edward.barreras\source\repos\LIVE\MIA SRC\lib\RCWF\2026.1.210.462\Telerik.WinControls.Themes.Office2013Dark.dll
  - Telerik.WinControls.Themes.Office2013Light.dll 2026.1.210 at \\FEAP1313L\Users\edward.barreras\source\repos\LIVE\MIA SRC\lib\RCWF\2026.1.210.462\Telerik.WinControls.Themes.Office2013Light.dll
  - Telerik.WinControls.Themes.TelerikMetroBlue.dll 2026.1.210 at \\FEAP1313L\Users\edward.barreras\source\repos\LIVE\MIA SRC\lib\RCWF\2026.1.210.462\Telerik.WinControls.Themes.TelerikMetroBlue.dll
  - Telerik.WinControls.Themes.VisualStudio2012Dark.dll 2026.1.210 at \\FEAP1313L\Users\edward.barreras\source\repos\LIVE\MIA SRC\lib\RCWF\2026.1.210.462\Telerik.WinControls.Themes.VisualStudio2012Dark.dll
  - Telerik.WinControls.Themes.VisualStudio2012Light.dll 2026.1.210 at \\FEAP1313L\Users\edward.barreras\source\repos\LIVE\MIA SRC\lib\RCWF\2026.1.210.462\Telerik.WinControls.Themes.VisualStudio2012Light.dll
  - Telerik.WinControls.Themes.Windows7.dll 2026.1.210 at \\FEAP1313L\Users\edward.barreras\source\repos\LIVE\MIA SRC\lib\RCWF\2026.1.210.462\Telerik.WinControls.Themes.Windows7.dll
  - Telerik.WinControls.Themes.Windows8.dll 2026.1.210 at \\FEAP1313L\Users\edward.barreras\source\repos\LIVE\MIA SRC\lib\RCWF\2026.1.210.462\Telerik.WinControls.Themes.Windows8.dll
  - Telerik.WinControls.UI.dll 2026.1.210 at \\FEAP1313L\Users\edward.barreras\source\repos\LIVE\MIA SRC\lib\RCWF\2026.1.210.462\Telerik.WinControls.UI.dll
  - Telerik.Windows.Documents.Core.dll 2026.1.210 at \\FEAP1313L\Users\edward.barreras\source\repos\LIVE\MIA SRC\lib\RCWF\2026.1.210.462\Telerik.Windows.Documents.Core.dll
  - Telerik.Windows.Documents.Fixed.dll 2026.1.210 at \\FEAP1313L\Users\edward.barreras\source\repos\LIVE\MIA SRC\lib\RCWF\2026.1.210.462\Telerik.Windows.Documents.Fixed.dll
  - Telerik.Windows.Documents.Spreadsheet.dll 2026.1.210 at \\FEAP1313L\Users\edward.barreras\source\repos\LIVE\MIA SRC\lib\RCWF\2026.1.210.462\Telerik.Windows.Documents.Spreadsheet.dll
  - Telerik.Windows.Documents.Spreadsheet.FormatProviders.OpenXml.dll 2026.1.210 at \\FEAP1313L\Users\edward.barreras\source\repos\LIVE\MIA SRC\lib\RCWF\2026.1.210.462\Telerik.Windows.Documents.Spreadsheet.FormatProviders.OpenXml.dll
  - Telerik.Windows.Documents.Spreadsheet.FormatProviders.Pdf.dll 2026.1.210 at \\FEAP1313L\Users\edward.barreras\source\repos\LIVE\MIA SRC\lib\RCWF\2026.1.210.462\Telerik.Windows.Documents.Spreadsheet.FormatProviders.Pdf.dll
  - Telerik.Windows.Documents.Spreadsheet.FormatProviders.Xls.dll 2026.1.210 at \\FEAP1313L\Users\edward.barreras\source\repos\LIVE\MIA SRC\lib\RCWF\2026.1.210.462\Telerik.Windows.Documents.Spreadsheet.FormatProviders.Xls.dll
  - Telerik.Windows.Zip.dll 2026.1.210 at \\FEAP1313L\Users\edward.barreras\source\repos\LIVE\MIA SRC\lib\RCWF\2026.1.210.462\Telerik.Windows.Zip.dll
  - TelerikCommon.dll 2026.1.210 at \\FEAP1313L\Users\edward.barreras\source\repos\LIVE\MIA SRC\lib\RCWF\2026.1.210.462\TelerikCommon.dll
  - TelerikExport.dll 2026.1.210 at \\FEAP1313L\Users\edward.barreras\source\repos\LIVE\MIA SRC\lib\RCWF\2026.1.210.462\TelerikExport.dll
  - Ubiety.Dns.Core.dll 2.2.1 at \\FEAP1313L\Users\edward.barreras\source\repos\LIVE\MIA SRC\ERP\bin\Debug\Ubiety.Dns.Core.dll
  - WindowsBase.dll 4.8.3761 at C:\Program Files (x86)\Reference Assemblies\Microsoft\Framework\.NETFramework\v4.8\WindowsBase.dll
  - ZstdSharp.dll 0.8.5 at \\FEAP1313L\Users\edward.barreras\source\repos\LIVE\MIA SRC\packages\ZstdSharp.Port.0.8.5\lib\net462\ZstdSharp.dll
  MachineId=2xQjveFWQf4bUNzPt3x/SIfuym0=

[2026-03-23 15:59:47.128] [Low]   Looking for Telerik product metadata in referenced assemblies
      - \\FEAP1313L\Users\edward.barreras\source\repos\LIVE\MIA SRC\lib\RCWF\2026.1.210.462\Telerik.Documents.SpreadsheetStreaming.dll
        ProductCode: DPL, LicenseDate: 2026-02-10, Redistributed By: RCWPF, RCWF, MAUI, UIXAM, WINUI, RCAJAX, KENDOUIMVC, UIASPCORE, BLAZOR, ProductName: Telerik Document Processing Libraries, ProductVersion: 2026.1.210.462, Flags: None
      - \\FEAP1313L\Users\edward.barreras\source\repos\LIVE\MIA SRC\ERP\bin\Debug\Telerik.Reporting.dll
        ProductCode: REPORTING, LicenseDate: 2025-05-21, ProductName: Telerik Reporting, ProductVersion: 19.1.25.521, Flags: None
      - \\FEAP1313L\Users\edward.barreras\source\repos\LIVE\MIA SRC\lib\RCWF\2026.1.210.462\Telerik.WinControls.dll
        ProductCode: RCWF, LicenseDate: 2026-02-10, ProductName: Telerik UI for WinForms, ProductVersion: 2026.1.210.462, Flags: None
      - \\FEAP1313L\Users\edward.barreras\source\repos\LIVE\MIA SRC\lib\RCWF\2026.1.210.462\Telerik.WinControls.GridView.dll
        ProductCode: RCWF, LicenseDate: 2026-02-10, ProductName: Telerik UI for WinForms, ProductVersion: 2026.1.210.462, Flags: None
      - \\FEAP1313L\Users\edward.barreras\source\repos\LIVE\MIA SRC\lib\RCWF\2026.1.210.462\Telerik.WinControls.RadDock.dll
        ProductCode: RCWF, LicenseDate: 2026-02-10, ProductName: Telerik UI for WinForms, ProductVersion: 2026.1.210.462, Flags: None
      - \\FEAP1313L\Users\edward.barreras\source\repos\LIVE\MIA SRC\lib\RCWF\2026.1.210.462\Telerik.WinControls.Themes.Aqua.dll
        ProductCode: RCWF, LicenseDate: 2026-02-10, ProductName: Telerik UI for WinForms, ProductVersion: 2026.1.210.462, Flags: None
      - \\FEAP1313L\Users\edward.barreras\source\repos\LIVE\MIA SRC\lib\RCWF\2026.1.210.462\Telerik.WinControls.Themes.Breeze.dll
        ProductCode: RCWF, LicenseDate: 2026-02-10, ProductName: Telerik UI for WinForms, ProductVersion: 2026.1.210.462, Flags: None
      - \\FEAP1313L\Users\edward.barreras\source\repos\LIVE\MIA SRC\lib\RCWF\2026.1.210.462\Telerik.WinControls.Themes.Crystal.dll
        ProductCode: RCWF, LicenseDate: 2026-02-10, ProductName: Telerik UI for WinForms, ProductVersion: 2026.1.210.462, Flags: None
      - \\FEAP1313L\Users\edward.barreras\source\repos\LIVE\MIA SRC\lib\RCWF\2026.1.210.462\Telerik.WinControls.Themes.CrystalDark.dll
        ProductCode: RCWF, LicenseDate: 2026-02-10, ProductName: Telerik UI for WinForms, ProductVersion: 2026.1.210.462, Flags: None
      - \\FEAP1313L\Users\edward.barreras\source\repos\LIVE\MIA SRC\lib\RCWF\2026.1.210.462\Telerik.WinControls.Themes.Desert.dll
        ProductCode: RCWF, LicenseDate: 2026-02-10, ProductName: Telerik UI for WinForms, ProductVersion: 2026.1.210.462, Flags: None
      - \\FEAP1313L\Users\edward.barreras\source\repos\LIVE\MIA SRC\lib\RCWF\2026.1.210.462\Telerik.WinControls.Themes.Fluent.dll
        ProductCode: RCWF, LicenseDate: 2026-02-10, ProductName: Telerik UI for WinForms, ProductVersion: 2026.1.210.462, Flags: None
      - \\FEAP1313L\Users\edward.barreras\source\repos\LIVE\MIA SRC\lib\RCWF\2026.1.210.462\Telerik.WinControls.Themes.FluentDark.dll
        ProductCode: RCWF, LicenseDate: 2026-02-10, ProductName: Telerik UI for WinForms, ProductVersion: 2026.1.210.462, Flags: None
      - \\FEAP1313L\Users\edward.barreras\source\repos\LIVE\MIA SRC\lib\RCWF\2026.1.210.462\Telerik.WinControls.Themes.HighContrastBlack.dll
        ProductCode: RCWF, LicenseDate: 2026-02-10, ProductName: Telerik UI for WinForms, ProductVersion: 2026.1.210.462, Flags: None
      - \\FEAP1313L\Users\edward.barreras\source\repos\LIVE\MIA SRC\lib\RCWF\2026.1.210.462\Telerik.WinControls.Themes.Material.dll
        ProductCode: RCWF, LicenseDate: 2026-02-10, ProductName: Telerik UI for WinForms, ProductVersion: 2026.1.210.462, Flags: None
      - \\FEAP1313L\Users\edward.barreras\source\repos\LIVE\MIA SRC\lib\RCWF\2026.1.210.462\Telerik.WinControls.Themes.MaterialBlueGrey.dll
        ProductCode: RCWF, LicenseDate: 2026-02-10, ProductName: Telerik UI for WinForms, ProductVersion: 2026.1.210.462, Flags: None
      - \\FEAP1313L\Users\edward.barreras\source\repos\LIVE\MIA SRC\lib\RCWF\2026.1.210.462\Telerik.WinControls.Themes.MaterialPink.dll
        ProductCode: RCWF, LicenseDate: 2026-02-10, ProductName: Telerik UI for WinForms, ProductVersion: 2026.1.210.462, Flags: None
      - \\FEAP1313L\Users\edward.barreras\source\repos\LIVE\MIA SRC\lib\RCWF\2026.1.210.462\Telerik.WinControls.Themes.MaterialTeal.dll
        ProductCode: RCWF, LicenseDate: 2026-02-10, ProductName: Telerik UI for WinForms, ProductVersion: 2026.1.210.462, Flags: None
      - \\FEAP1313L\Users\edward.barreras\source\repos\LIVE\MIA SRC\lib\RCWF\2026.1.210.462\Telerik.WinControls.Themes.Office2007Black.dll
        ProductCode: RCWF, LicenseDate: 2026-02-10, ProductName: Telerik UI for WinForms, ProductVersion: 2026.1.210.462, Flags: None
      - \\FEAP1313L\Users\edward.barreras\source\repos\LIVE\MIA SRC\lib\RCWF\2026.1.210.462\Telerik.WinControls.Themes.Office2010Black.dll
        ProductCode: RCWF, LicenseDate: 2026-02-10, ProductName: Telerik UI for WinForms, ProductVersion: 2026.1.210.462, Flags: None
      - \\FEAP1313L\Users\edward.barreras\source\repos\LIVE\MIA SRC\lib\RCWF\2026.1.210.462\Telerik.WinControls.Themes.Office2010Blue.dll
        ProductCode: RCWF, LicenseDate: 2026-02-10, ProductName: Telerik UI for WinForms, ProductVersion: 2026.1.210.462, Flags: None
      - \\FEAP1313L\Users\edward.barreras\source\repos\LIVE\MIA SRC\lib\RCWF\2026.1.210.462\Telerik.WinControls.Themes.Office2010Silver.dll
        ProductCode: RCWF, LicenseDate: 2026-02-10, ProductName: Telerik UI for WinForms, ProductVersion: 2026.1.210.462, Flags: None
      - \\FEAP1313L\Users\edward.barreras\source\repos\LIVE\MIA SRC\lib\RCWF\2026.1.210.462\Telerik.WinControls.Themes.Office2013Dark.dll
        ProductCode: RCWF, LicenseDate: 2026-02-10, ProductName: Telerik UI for WinForms, ProductVersion: 2026.1.210.462, Flags: None
      - \\FEAP1313L\Users\edward.barreras\source\repos\LIVE\MIA SRC\lib\RCWF\2026.1.210.462\Telerik.WinControls.Themes.Office2013Light.dll
        ProductCode: RCWF, LicenseDate: 2026-02-10, ProductName: Telerik UI for WinForms, ProductVersion: 2026.1.210.462, Flags: None
      - \\FEAP1313L\Users\edward.barreras\source\repos\LIVE\MIA SRC\lib\RCWF\2026.1.210.462\Telerik.WinControls.Themes.TelerikMetroBlue.dll
        ProductCode: RCWF, LicenseDate: 2026-02-10, ProductName: Telerik UI for WinForms, ProductVersion: 2026.1.210.462, Flags: None
      - \\FEAP1313L\Users\edward.barreras\source\repos\LIVE\MIA SRC\lib\RCWF\2026.1.210.462\Telerik.WinControls.Themes.VisualStudio2012Dark.dll
        ProductCode: RCWF, LicenseDate: 2026-02-10, ProductName: Telerik UI for WinForms, ProductVersion: 2026.1.210.462, Flags: None
      - \\FEAP1313L\Users\edward.barreras\source\repos\LIVE\MIA SRC\lib\RCWF\2026.1.210.462\Telerik.WinControls.Themes.VisualStudio2012Light.dll
        ProductCode: RCWF, LicenseDate: 2026-02-10, ProductName: Telerik UI for WinForms, ProductVersion: 2026.1.210.462, Flags: None
      - \\FEAP1313L\Users\edward.barreras\source\repos\LIVE\MIA SRC\lib\RCWF\2026.1.210.462\Telerik.WinControls.Themes.Windows7.dll
        ProductCode: RCWF, LicenseDate: 2026-02-10, ProductName: Telerik UI for WinForms, ProductVersion: 2026.1.210.462, Flags: None
      - \\FEAP1313L\Users\edward.barreras\source\repos\LIVE\MIA SRC\lib\RCWF\2026.1.210.462\Telerik.WinControls.Themes.Windows8.dll
        ProductCode: RCWF, LicenseDate: 2026-02-10, ProductName: Telerik UI for WinForms, ProductVersion: 2026.1.210.462, Flags: None
      - \\FEAP1313L\Users\edward.barreras\source\repos\LIVE\MIA SRC\lib\RCWF\2026.1.210.462\Telerik.WinControls.UI.dll
        ProductCode: RCWF, LicenseDate: 2026-02-10, ProductName: Telerik UI for WinForms, ProductVersion: 2026.1.210.462, Flags: None
      - \\FEAP1313L\Users\edward.barreras\source\repos\LIVE\MIA SRC\lib\RCWF\2026.1.210.462\Telerik.Windows.Documents.Core.dll
        ProductCode: DPL, LicenseDate: 2026-02-10, Redistributed By: RCWPF, RCWF, MAUI, UIXAM, WINUI, RCAJAX, KENDOUIMVC, UIASPCORE, BLAZOR, ProductName: Telerik Document Processing Libraries, ProductVersion: 2026.1.210.462, Flags: None
      - \\FEAP1313L\Users\edward.barreras\source\repos\LIVE\MIA SRC\lib\RCWF\2026.1.210.462\Telerik.Windows.Documents.Fixed.dll
        ProductCode: DPL, LicenseDate: 2026-02-10, Redistributed By: RCWPF, RCWF, MAUI, UIXAM, WINUI, RCAJAX, KENDOUIMVC, UIASPCORE, BLAZOR, ProductName: Telerik Document Processing Libraries, ProductVersion: 2026.1.210.462, Flags: None
      - \\FEAP1313L\Users\edward.barreras\source\repos\LIVE\MIA SRC\lib\RCWF\2026.1.210.462\Telerik.Windows.Documents.Spreadsheet.dll
        ProductCode: DPL, LicenseDate: 2026-02-10, Redistributed By: RCWPF, RCWF, MAUI, UIXAM, WINUI, RCAJAX, KENDOUIMVC, UIASPCORE, BLAZOR, ProductName: Telerik Document Processing Libraries, ProductVersion: 2026.1.210.462, Flags: None
      - \\FEAP1313L\Users\edward.barreras\source\repos\LIVE\MIA SRC\lib\RCWF\2026.1.210.462\Telerik.Windows.Documents.Spreadsheet.FormatProviders.Pdf.dll
        ProductCode: DPL, LicenseDate: 2026-02-10, Redistributed By: RCWPF, RCWF, MAUI, UIXAM, WINUI, RCAJAX, KENDOUIMVC, UIASPCORE, BLAZOR, ProductName: Telerik Document Processing Libraries, ProductVersion: 2026.1.210.462, Flags: None
      - \\FEAP1313L\Users\edward.barreras\source\repos\LIVE\MIA SRC\lib\RCWF\2026.1.210.462\Telerik.Windows.Documents.Spreadsheet.FormatProviders.Xls.dll
        ProductCode: DPL, LicenseDate: 2026-02-10, Redistributed By: RCWPF, RCWF, MAUI, UIXAM, WINUI, RCAJAX, KENDOUIMVC, UIASPCORE, BLAZOR, ProductName: Telerik Document Processing Libraries, ProductVersion: 2026.1.210.462, Flags: None
      - \\FEAP1313L\Users\edward.barreras\source\repos\LIVE\MIA SRC\lib\RCWF\2026.1.210.462\Telerik.Windows.Zip.dll
        ProductCode: DPL, LicenseDate: 2026-02-10, Redistributed By: RCWPF, RCWF, MAUI, UIXAM, WINUI, RCAJAX, KENDOUIMVC, UIASPCORE, BLAZOR, ProductName: Telerik Document Processing Libraries, ProductVersion: 2026.1.210.462, Flags: None
      - \\FEAP1313L\Users\edward.barreras\source\repos\LIVE\MIA SRC\lib\RCWF\2026.1.210.462\TelerikCommon.dll
        ProductCode: RCWF, LicenseDate: 2026-02-10, ProductName: Telerik UI for WinForms, ProductVersion: 2026.1.210.462, Flags: None
      - \\FEAP1313L\Users\edward.barreras\source\repos\LIVE\MIA SRC\lib\RCWF\2026.1.210.462\TelerikExport.dll
        ProductCode: RCWF, LicenseDate: 2026-02-10, ProductName: Telerik UI for WinForms, ProductVersion: 2026.1.210.462, Flags: None
      Unique Products:
      - "Telerik Document Processing Libraries" (DPL) 2026.1.210.462 @2026-02-10
      - "Telerik UI for WinForms" (RCWF) 2026.1.210.462 @2026-02-10
      - "Telerik Reporting" (REPORTING) 19.1.25.521 @2025-05-21
      Found a total of 3 referenced Telerik products for 

[2026-03-23 15:59:47.164] [Low]   Provision Licensing
        Looking up license file...
        - EnvironmentVariablePath: TELERIK_LICENSE_PATH (NotAvailable)
        - EnvironmentVariable: TELERIK_LICENSE (NotAvailable)
        - EnvironmentVariable: KENDO_UI_LICENSE (NotAvailable)
        - RecursiveFilePath: \\FEAP1313L\Users\edward.barreras\source\repos\LIVE\MIA SRC\ERP\telerik-license.txt (NotAvailable)
        - RecursiveFilePath: \\FEAP1313L\Users\edward.barreras\source\repos\LIVE\MIA SRC\ERP\kendo-ui-license.txt (NotAvailable)
        - RecursiveFilePath: \\FEAP1313L\Users\edward.barreras\source\repos\LIVE\MIA SRC\telerik-license.txt (LicenseFound)
        - RecursiveFilePath: \\FEAP1313L\Users\edward.barreras\source\repos\LIVE\MIA SRC\kendo-ui-license.txt (Skip)
        - RecursiveFilePath: \\FEAP1313L\Users\edward.barreras\source\repos\LIVE\telerik-license.txt (Skip)
        - RecursiveFilePath: \\FEAP1313L\Users\edward.barreras\source\repos\LIVE\kendo-ui-license.txt (Skip)
        - RecursiveFilePath: \\FEAP1313L\Users\edward.barreras\source\repos\telerik-license.txt (Skip)
        - RecursiveFilePath: \\FEAP1313L\Users\edward.barreras\source\repos\kendo-ui-license.txt (Skip)
        - RecursiveFilePath: \\FEAP1313L\Users\edward.barreras\source\telerik-license.txt (Skip)
        - RecursiveFilePath: \\FEAP1313L\Users\edward.barreras\source\kendo-ui-license.txt (Skip)
        - RecursiveFilePath: \\FEAP1313L\Users\edward.barreras\telerik-license.txt (Skip)
        - RecursiveFilePath: \\FEAP1313L\Users\edward.barreras\kendo-ui-license.txt (Skip)
        - RecursiveFilePath: \\FEAP1313L\Users\telerik-license.txt (Skip)
        - RecursiveFilePath: \\FEAP1313L\Users\kendo-ui-license.txt (Skip)
        - UserDirectory: C:\Users\edward.barreras\AppData\Roaming\Telerik\telerik-license.txt (Skip)
        - UserDirectory: C:\Users\edward.barreras\AppData\Roaming\Telerik\kendo-ui-license.txt (Skip)
        LicenseKey
        - AUD: f***.m**@f***************.com
        - UsedId: ab69b8b5-c84c-45ed-8228-81dac868c759
        - LicenseId: e7eaafda-87c7-42d6-9ce6-49a541b8c4ed
        - IssuedAt: 1/20/2026 6:35:06 AM
        - Licenses
          0) Perpetual BLAZOR, expiration 9/25/2027 12:49:33 PM, type: 'perpetual'
          1) Perpetual JM, expiration 9/25/2027 12:49:33 PM, type: 'perpetual'
          2) Perpetual KENDOUIANGULAR, expiration 9/25/2027 12:49:33 PM, type: 'perpetual'
          3) Perpetual KENDOUICOMPLETE, expiration 9/25/2027 12:49:33 PM, type: 'perpetual'
          4) Perpetual KENDOUIMVC, expiration 9/25/2027 12:49:33 PM, type: 'perpetual'
          5) Perpetual KENDOUIREACT, expiration 9/25/2027 12:49:33 PM, type: 'perpetual'
          6) Perpetual KENDOUIVUE, expiration 9/25/2027 12:49:33 PM, type: 'perpetual'
          7) Perpetual MAUI, expiration 9/25/2027 12:49:33 PM, type: 'perpetual'
          8) Perpetual RCAJAX, expiration 9/25/2027 12:49:33 PM, type: 'perpetual'
          9) Perpetual RCWF, expiration 9/25/2027 12:49:33 PM, type: 'perpetual'
          10) Perpetual RCWPF, expiration 9/25/2027 12:49:33 PM, type: 'perpetual'
          11) Perpetual REPORTING, expiration 9/25/2027 12:49:33 PM, type: 'perpetual'
          12) Perpetual REPORTSERVER, expiration 9/25/2027 12:49:33 PM, type: 'perpetual'
          13) Perpetual UIASPCORE, expiration 9/25/2027 12:49:33 PM, type: 'perpetual'
          14) Perpetual UIXAM, expiration 2/19/2025 6:00:00 AM, type: 'perpetual'
          15) Perpetual WINUI, expiration 9/25/2027 12:49:33 PM, type: 'perpetual'
          16) Usage UserId: ab69b8b5-c84c-45ed-8228-81dac868c759, LicenseId: e7eaafda-87c7-42d6-9ce6-49a541b8c4ed, type: 'usage'

[2026-03-23 15:59:47.172] [Low]   License Resolution
        Messages
          - License OK for "Telerik UI for WinForms" (RCWF) 2026.1.210.462 @2026-02-10 - Perpetual, valid until 2027-09-25.
          - License OK for "Telerik Reporting" (REPORTING) 19.1.25.521 @2025-05-21 - Perpetual, valid until 2027-09-25.
          - License OK for "Telerik Document Processing Libraries" (DPL) 2026.1.210.462 @2026-02-10 - Perpetual for RCWF, valid until 2027-09-25.
        JWTs
          - eyJhbGciOiJSUzI1NiIsInR5cCI6IlRlbGVyaWsgTGljZW5zZSBFdmlkZW5jZSJ9.eyJjb2RlIjoiUkNXRiIsInR5cGUiOiJwZXJwZXR1YWwiLCJleHBpcmF0aW9uIjoxODIxODc2NTczLCJ1c2VySWQiOiJhYjY5YjhiNS1jODRjLTQ1ZWQtODIyOC04MWRhYzg2OGM3NTkiLCJsaWNlbnNlSWQiOiJlN2VhYWZkYS04N2M3LTQyZDYtOWNlNi00OWE1NDFiOGM0ZWQifQ.H8sxX5O2T3i22Uhy0PFV3YDo-lS1iHVocWX9Eu-82PheI3XbKMkEr7QiChWfuNwS9afgR7PMGy4_nx9HXRV5V9cRQ1zWvIkJsG2EbadPtKlygaAkCh-FXSRVflm3WITNHIAYfazZa26sHSnqBW_XRbH3o0GQkqVYkLlxLuLuKa4M7LlA1KtQZcVFhOH2oaXQoxfrkUMQxNFCz0JdI76T1YJNrAwxpXri8KUzfoDwKhY-IhN-bU25hJs19yGvWykTuZqrZ3lv603aQkaCaPnlF_tHROsmC7nbV4aaxaSHRF1PVD5lqsAhkA5OdGmqH8Kq9F5mhRXVVwYWf3WBcxZKkg
          - eyJhbGciOiJSUzI1NiIsInR5cCI6IlRlbGVyaWsgTGljZW5zZSBFdmlkZW5jZSJ9.eyJjb2RlIjoiUkVQT1JUSU5HIiwidHlwZSI6InBlcnBldHVhbCIsImV4cGlyYXRpb24iOjE4MjE4NzY1NzMsInVzZXJJZCI6ImFiNjliOGI1LWM4NGMtNDVlZC04MjI4LTgxZGFjODY4Yzc1OSIsImxpY2Vuc2VJZCI6ImU3ZWFhZmRhLTg3YzctNDJkNi05Y2U2LTQ5YTU0MWI4YzRlZCJ9.vMdezVVvhtRG-iThgXrXFDyr8L394y38spuHWK9Cyc_b9XZ2iHzEwyT9dLgOqBfvEQM3-GKFcOW6O4-_SSwoIjNhm9paVKSVEmeonMfEOgZjOXuqYFCrXmegYUefJNkHmL6P9cB0CPtA_PThVXqg_RGtCMGEoTW_ISG2ymjLnKXwuGf3uQoTxYWCmdBVMAeZHBlzpUh7aJ78fWmWbIvGf_jrykaFhCaWML2yJHyAjHIH1uzf088pGqdOeDvhBQsIva3Hg0KPLptC4ZqxkkVyYHFvvqFgwwkv8O3ex6Df238honjg-11aXIid1Ad6SSsrqEuKqHBUF__HbdhN0AvfLg
        Licenses
          - License OK for "Telerik UI for WinForms" (RCWF) 2026.1.210.462 @2026-02-10 - Perpetual, valid until 2027-09-25.
          - License OK for "Telerik Reporting" (REPORTING) 19.1.25.521 @2025-05-21 - Perpetual, valid until 2027-09-25.
          - License OK for "Telerik Document Processing Libraries" (DPL) 2026.1.210.462 @2026-02-10 - Perpetual for RCWF, valid until 2027-09-25.

[2026-03-23 15:59:47.176] [Low] OutputType: WinExe, ImportXamlTargets: True
[2026-03-23 15:59:47.190] [Low] 
      Call-Home Telerik Products (3 for )
      - "Telerik UI for WinForms" (RCWF) 2026.1.210
      - "DPL" (DPL) 2026.1.210
      - "Telerik Reporting" (REPORTING) 19.1.25

[2026-03-23 15:59:47.190] [Low] 
[2026-03-23 15:59:47.193] [Low] 
      Call-Home Telerik Features (0 for )

[2026-03-23 15:59:47.193] [Low] 
[2026-03-23 15:59:47.235] [Low]   Report Telerik.Licensing
        UserId: ab69b8b5-c84c-45ed-8228-81dac868c759
        LicenseId: e7eaafda-87c7-42d6-9ce6-49a541b8c4ed
        Products
        - LicenseUsed RCWF 2026.1.210.462 SKIPPED
        - LicenseUsed REPORTING 19.1.25.521 SKIPPED
        - LicenseUsed DPL 2026.1.210.462 SKIPPED
      Report finished in 00:00:00.0373626

[2026-03-23 15:59:47.237] [Low]   Sending Telemetry...
[2026-03-23 15:59:47.265] [Low]   Metrics done 00:00:00.0277173
[2026-03-23 15:59:47.268] [Normal] Resolve Telerik Products. Done (00:00:00.4527059) for 
[2026-03-23 16:00:26.852] [Normal] Resolve Telerik Products.
  MSBuildProjectName=2
  MSBuildProjectDirectory=\\FEAP1313L\Users\edward.barreras\source\repos\LIVE\MIA SRC\ERP
  MSBuildProjectExtension=.vbproj
  Language=VB
  OutputPath=bin\Debug\
  Platform=AnyCPU
  TargetFramework=
  TargetFrameworks=
  TargetFrameworkVersion=v4.8
  VisualStudioVersion=17.0
  UsingMicrosoftNETSdk=
  UsingMicrosoftNETSdkRazor=
  UsingMicrosoftNETSdkWeb=
  ImportXamlTargets=True
  OutputType=WinExe
  UseMaui=
  NuGetPackageRoot=

  PackageReferences
  ReferencePaths
  - BouncyCastle.Crypto.dll 1.8.3 at \\FEAP1313L\Users\edward.barreras\source\repos\LIVE\MIA SRC\packages\BouncyCastle.1.8.3.1\lib\BouncyCastle.Crypto.dll
  - BouncyCastle.Cryptography.dll 2.5.1 at \\FEAP1313L\Users\edward.barreras\source\repos\LIVE\MIA SRC\packages\BouncyCastle.Cryptography.2.5.1\lib\net461\BouncyCastle.Cryptography.dll
  - ClosedXML.dll 0.96.0 at \\FEAP1313L\Users\edward.barreras\source\repos\LIVE\MIA SRC\packages\ClosedXML.0.96.0\lib\net40\ClosedXML.dll
  - DocumentFormat.OpenXml.dll 2.16.0 at \\FEAP1313L\Users\edward.barreras\source\repos\LIVE\MIA SRC\packages\DocumentFormat.OpenXml.2.16.0\lib\net40\DocumentFormat.OpenXml.dll
  - ExcelNumberFormat.dll 1.1.0 at \\FEAP1313L\Users\edward.barreras\source\repos\LIVE\MIA SRC\packages\ExcelNumberFormat.1.1.0\lib\net20\ExcelNumberFormat.dll
  - FEAPNS.dll 1.0.0 at \\FEAP1313L\Users\edward.barreras\source\repos\LIVE\MIA SRC\ERP\bin\Debug\FEAPNS.dll
  - Gma.QrCodeNet.Encoding.dll 0.4.1 at \\FEAP1313L\Users\edward.barreras\source\repos\LIVE\MIA SRC\packages\Gma.QrCodeNet.0.4.1.2\lib\net40\Gma.QrCodeNet.Encoding.dll
  - Google.Protobuf.dll 3.30.0 at \\FEAP1313L\Users\edward.barreras\source\repos\LIVE\MIA SRC\packages\Google.Protobuf.3.30.0\lib\net45\Google.Protobuf.dll
  - K4os.Compression.LZ4.dll 1.3.8 at \\FEAP1313L\Users\edward.barreras\source\repos\LIVE\MIA SRC\packages\K4os.Compression.LZ4.1.3.8\lib\net462\K4os.Compression.LZ4.dll
  - K4os.Compression.LZ4.Streams.dll 1.3.8 at \\FEAP1313L\Users\edward.barreras\source\repos\LIVE\MIA SRC\packages\K4os.Compression.LZ4.Streams.1.3.8\lib\net462\K4os.Compression.LZ4.Streams.dll
  - K4os.Hash.xxHash.dll 1.0.8 at \\FEAP1313L\Users\edward.barreras\source\repos\LIVE\MIA SRC\packages\K4os.Hash.xxHash.1.0.8\lib\net462\K4os.Hash.xxHash.dll
  - MIA-Linq.dll 1.0.0 at \\FEAP1313L\Users\edward.barreras\source\repos\LIVE\MIA SRC\ERP\bin\Debug\MIA-Linq.dll
  - MIA-Report.dll 1.0.0 at \\FEAP1313L\Users\edward.barreras\source\repos\LIVE\MIA SRC\ERP\bin\Debug\MIA-Report.dll
  - Microsoft.Bcl.AsyncInterfaces.dll 5.0.0 at \\FEAP1313L\Users\edward.barreras\source\repos\LIVE\MIA SRC\packages\Microsoft.Bcl.AsyncInterfaces.5.0.0\lib\net461\Microsoft.Bcl.AsyncInterfaces.dll
  - Microsoft.CSharp.dll 4.8.3761 at C:\Program Files (x86)\Reference Assemblies\Microsoft\Framework\.NETFramework\v4.8\Microsoft.CSharp.dll
  - MySql.Data.dll 9.4.0 at \\FEAP1313L\Users\edward.barreras\source\repos\LIVE\MIA SRC\packages\MySql.Data.9.4.0\lib\net48\MySql.Data.dll
  - Newtonsoft.Json.dll 13.0.3 at \\FEAP1313L\Users\edward.barreras\source\repos\LIVE\MIA SRC\packages\Newtonsoft.Json.13.0.3\lib\net45\Newtonsoft.Json.dll
  - SRCDailyReportv2.dll 1.0.0 at \\FEAP1313L\Users\edward.barreras\source\repos\LIVE\MIA SRC\ERP\bin\Debug\SRCDailyReportv2.dll
  - System.Buffers.dll 4.6.28619 at \\FEAP1313L\Users\edward.barreras\source\repos\LIVE\MIA SRC\packages\System.Buffers.4.5.1\lib\net461\System.Buffers.dll
  - System.ComponentModel.DataAnnotations.dll 4.8.3761 at C:\Program Files (x86)\Reference Assemblies\Microsoft\Framework\.NETFramework\v4.8\System.ComponentModel.DataAnnotations.dll
  - System.ComponentModel.dll 4.8.3761 at C:\Program Files (x86)\Reference Assemblies\Microsoft\Framework\.NETFramework\v4.8\Facades\System.ComponentModel.dll
  - System.Configuration.ConfigurationManager.dll 8.0.0 at \\FEAP1313L\Users\edward.barreras\source\repos\LIVE\MIA SRC\packages\System.Configuration.ConfigurationManager.8.0.0\lib\net462\System.Configuration.ConfigurationManager.dll
  - System.Configuration.dll 4.8.3761 at C:\Program Files (x86)\Reference Assemblies\Microsoft\Framework\.NETFramework\v4.8\System.Configuration.dll
  - System.Configuration.Install.dll 4.8.3761 at C:\Program Files (x86)\Reference Assemblies\Microsoft\Framework\.NETFramework\v4.8\System.Configuration.Install.dll
  - System.Core.dll 4.8.3761 at C:\Program Files (x86)\Reference Assemblies\Microsoft\Framework\.NETFramework\v4.8\System.Core.dll
  - System.Data.DataSetExtensions.dll 4.8.3761 at C:\Program Files (x86)\Reference Assemblies\Microsoft\Framework\.NETFramework\v4.8\System.Data.DataSetExtensions.dll
  - System.Data.dll 4.8.3761 at C:\Program Files (x86)\Reference Assemblies\Microsoft\Framework\.NETFramework\v4.8\System.Data.dll
  - System.Data.OleDb.dll 9.0.2 at \\FEAP1313L\Users\edward.barreras\source\repos\LIVE\MIA SRC\packages\System.Data.OleDb.9.0.2\lib\net462\System.Data.OleDb.dll
  - System.Deployment.dll 4.8.3761 at C:\Program Files (x86)\Reference Assemblies\Microsoft\Framework\.NETFramework\v4.8\System.Deployment.dll
  - System.Diagnostics.DiagnosticSource.dll 8.0.4 at \\FEAP1313L\Users\edward.barreras\source\repos\LIVE\MIA SRC\packages\System.Diagnostics.DiagnosticSource.8.0.1\lib\net462\System.Diagnostics.DiagnosticSource.dll
  - System.dll 4.8.3761 at C:\Program Files (x86)\Reference Assemblies\Microsoft\Framework\.NETFramework\v4.8\System.dll
  - System.Drawing.Design.dll 4.8.3761 at C:\Program Files (x86)\Reference Assemblies\Microsoft\Framework\.NETFramework\v4.8\System.Drawing.Design.dll
  - System.Drawing.dll 4.8.3761 at C:\Program Files (x86)\Reference Assemblies\Microsoft\Framework\.NETFramework\v4.8\System.Drawing.dll
  - System.IO.Pipelines.dll 5.0.15 at \\FEAP1313L\Users\edward.barreras\source\repos\LIVE\MIA SRC\packages\System.IO.Pipelines.5.0.2\lib\net461\System.IO.Pipelines.dll
  - System.Management.dll 4.8.3761 at C:\Program Files (x86)\Reference Assemblies\Microsoft\Framework\.NETFramework\v4.8\System.Management.dll
  - System.Memory.dll 4.6.31308 at \\FEAP1313L\Users\edward.barreras\source\repos\LIVE\MIA SRC\packages\System.Memory.4.5.5\lib\net461\System.Memory.dll
  - System.Messaging.dll 4.8.3761 at C:\Program Files (x86)\Reference Assemblies\Microsoft\Framework\.NETFramework\v4.8\System.Messaging.dll
  - System.Net.Http.Formatting.dll 5.2.7 at C:\Program Files\Microsoft Visual Studio\2022\Community\Common7\IDE\PublicAssemblies\System.Net.Http.Formatting.dll
  - System.Numerics.dll 4.8.3761 at C:\Program Files (x86)\Reference Assemblies\Microsoft\Framework\.NETFramework\v4.8\System.Numerics.dll
  - System.Numerics.Vectors.dll 4.6.26515 at \\FEAP1313L\Users\edward.barreras\source\repos\LIVE\MIA SRC\packages\System.Numerics.Vectors.4.5.0\lib\net46\System.Numerics.Vectors.dll
  - System.Runtime.CompilerServices.Unsafe.dll 6.1.0 at \\FEAP1313L\Users\edward.barreras\source\repos\LIVE\MIA SRC\packages\System.Runtime.CompilerServices.Unsafe.6.1.0\lib\net462\System.Runtime.CompilerServices.Unsafe.dll
  - System.Threading.Tasks.Extensions.dll 4.6.0 at \\FEAP1313L\Users\edward.barreras\source\repos\LIVE\MIA SRC\packages\System.Threading.Tasks.Extensions.4.6.0\lib\net462\System.Threading.Tasks.Extensions.dll
  - System.Transactions.dll 4.8.3761 at C:\Program Files (x86)\Reference Assemblies\Microsoft\Framework\.NETFramework\v4.8\System.Transactions.dll
  - System.Web.Extensions.dll 4.8.3761 at C:\Program Files (x86)\Reference Assemblies\Microsoft\Framework\.NETFramework\v4.8\System.Web.Extensions.dll
  - System.Windows.Forms.dll 4.8.3761 at C:\Program Files (x86)\Reference Assemblies\Microsoft\Framework\.NETFramework\v4.8\System.Windows.Forms.dll
  - System.Xml.dll 4.8.3761 at C:\Program Files (x86)\Reference Assemblies\Microsoft\Framework\.NETFramework\v4.8\System.Xml.dll
  - System.Xml.Linq.dll 4.8.3761 at C:\Program Files (x86)\Reference Assemblies\Microsoft\Framework\.NETFramework\v4.8\System.Xml.Linq.dll
  - Telerik.Documents.SpreadsheetStreaming.dll 2026.1.210 at \\FEAP1313L\Users\edward.barreras\source\repos\LIVE\MIA SRC\lib\RCWF\2026.1.210.462\Telerik.Documents.SpreadsheetStreaming.dll
  - Telerik.Licensing.Runtime.dll 1.8.2 at \\FEAP1313L\Users\edward.barreras\source\repos\LIVE\MIA SRC\packages\Telerik.Licensing.1.8.2\lib\net462\Telerik.Licensing.Runtime.dll
  - Telerik.Reporting.dll 19.1.25 at \\FEAP1313L\Users\edward.barreras\source\repos\LIVE\MIA SRC\ERP\bin\Debug\Telerik.Reporting.dll
  - Telerik.Reporting.Services.HttpClient.dll 19.1.25 at \\FEAP1313L\Users\edward.barreras\source\repos\LIVE\MIA SRC\ERP\bin\Debug\Telerik.Reporting.Services.HttpClient.dll
  - Telerik.Reporting.Services.ServiceStack.dll 19.1.25 at \\FEAP1313L\Users\edward.barreras\source\repos\LIVE\MIA SRC\ERP\bin\Debug\Telerik.Reporting.Services.ServiceStack.dll
  - Telerik.ReportViewer.WinForms.dll 19.1.25 at \\FEAP1313L\Users\edward.barreras\source\repos\LIVE\MIA SRC\ERP\bin\Debug\Telerik.ReportViewer.WinForms.dll
  - Telerik.ReportViewer.Wpf.dll 19.1.25 at \\FEAP1313L\Users\edward.barreras\source\repos\LIVE\MIA SRC\ERP\bin\Debug\Telerik.ReportViewer.Wpf.dll
  - Telerik.WinControls.dll 2026.1.210 at \\FEAP1313L\Users\edward.barreras\source\repos\LIVE\MIA SRC\lib\RCWF\2026.1.210.462\Telerik.WinControls.dll
  - Telerik.WinControls.GridView.dll 2026.1.210 at \\FEAP1313L\Users\edward.barreras\source\repos\LIVE\MIA SRC\lib\RCWF\2026.1.210.462\Telerik.WinControls.GridView.dll
  - Telerik.WinControls.RadDock.dll 2026.1.210 at \\FEAP1313L\Users\edward.barreras\source\repos\LIVE\MIA SRC\lib\RCWF\2026.1.210.462\Telerik.WinControls.RadDock.dll
  - Telerik.WinControls.Themes.Aqua.dll 2026.1.210 at \\FEAP1313L\Users\edward.barreras\source\repos\LIVE\MIA SRC\lib\RCWF\2026.1.210.462\Telerik.WinControls.Themes.Aqua.dll
  - Telerik.WinControls.Themes.Breeze.dll 2026.1.210 at \\FEAP1313L\Users\edward.barreras\source\repos\LIVE\MIA SRC\lib\RCWF\2026.1.210.462\Telerik.WinControls.Themes.Breeze.dll
  - Telerik.WinControls.Themes.Crystal.dll 2026.1.210 at \\FEAP1313L\Users\edward.barreras\source\repos\LIVE\MIA SRC\lib\RCWF\2026.1.210.462\Telerik.WinControls.Themes.Crystal.dll
  - Telerik.WinControls.Themes.CrystalDark.dll 2026.1.210 at \\FEAP1313L\Users\edward.barreras\source\repos\LIVE\MIA SRC\lib\RCWF\2026.1.210.462\Telerik.WinControls.Themes.CrystalDark.dll
  - Telerik.WinControls.Themes.Desert.dll 2026.1.210 at \\FEAP1313L\Users\edward.barreras\source\repos\LIVE\MIA SRC\lib\RCWF\2026.1.210.462\Telerik.WinControls.Themes.Desert.dll
  - Telerik.WinControls.Themes.Fluent.dll 2026.1.210 at \\FEAP1313L\Users\edward.barreras\source\repos\LIVE\MIA SRC\lib\RCWF\2026.1.210.462\Telerik.WinControls.Themes.Fluent.dll
  - Telerik.WinControls.Themes.FluentDark.dll 2026.1.210 at \\FEAP1313L\Users\edward.barreras\source\repos\LIVE\MIA SRC\lib\RCWF\2026.1.210.462\Telerik.WinControls.Themes.FluentDark.dll
  - Telerik.WinControls.Themes.HighContrastBlack.dll 2026.1.210 at \\FEAP1313L\Users\edward.barreras\source\repos\LIVE\MIA SRC\lib\RCWF\2026.1.210.462\Telerik.WinControls.Themes.HighContrastBlack.dll
  - Telerik.WinControls.Themes.Material.dll 2026.1.210 at \\FEAP1313L\Users\edward.barreras\source\repos\LIVE\MIA SRC\lib\RCWF\2026.1.210.462\Telerik.WinControls.Themes.Material.dll
  - Telerik.WinControls.Themes.MaterialBlueGrey.dll 2026.1.210 at \\FEAP1313L\Users\edward.barreras\source\repos\LIVE\MIA SRC\lib\RCWF\2026.1.210.462\Telerik.WinControls.Themes.MaterialBlueGrey.dll
  - Telerik.WinControls.Themes.MaterialPink.dll 2026.1.210 at \\FEAP1313L\Users\edward.barreras\source\repos\LIVE\MIA SRC\lib\RCWF\2026.1.210.462\Telerik.WinControls.Themes.MaterialPink.dll
  - Telerik.WinControls.Themes.MaterialTeal.dll 2026.1.210 at \\FEAP1313L\Users\edward.barreras\source\repos\LIVE\MIA SRC\lib\RCWF\2026.1.210.462\Telerik.WinControls.Themes.MaterialTeal.dll
  - Telerik.WinControls.Themes.Office2007Black.dll 2026.1.210 at \\FEAP1313L\Users\edward.barreras\source\repos\LIVE\MIA SRC\lib\RCWF\2026.1.210.462\Telerik.WinControls.Themes.Office2007Black.dll
  - Telerik.WinControls.Themes.Office2010Black.dll 2026.1.210 at \\FEAP1313L\Users\edward.barreras\source\repos\LIVE\MIA SRC\lib\RCWF\2026.1.210.462\Telerik.WinControls.Themes.Office2010Black.dll
  - Telerik.WinControls.Themes.Office2010Blue.dll 2026.1.210 at \\FEAP1313L\Users\edward.barreras\source\repos\LIVE\MIA SRC\lib\RCWF\2026.1.210.462\Telerik.WinControls.Themes.Office2010Blue.dll
  - Telerik.WinControls.Themes.Office2010Silver.dll 2026.1.210 at \\FEAP1313L\Users\edward.barreras\source\repos\LIVE\MIA SRC\lib\RCWF\2026.1.210.462\Telerik.WinControls.Themes.Office2010Silver.dll
  - Telerik.WinControls.Themes.Office2013Dark.dll 2026.1.210 at \\FEAP1313L\Users\edward.barreras\source\repos\LIVE\MIA SRC\lib\RCWF\2026.1.210.462\Telerik.WinControls.Themes.Office2013Dark.dll
  - Telerik.WinControls.Themes.Office2013Light.dll 2026.1.210 at \\FEAP1313L\Users\edward.barreras\source\repos\LIVE\MIA SRC\lib\RCWF\2026.1.210.462\Telerik.WinControls.Themes.Office2013Light.dll
  - Telerik.WinControls.Themes.TelerikMetroBlue.dll 2026.1.210 at \\FEAP1313L\Users\edward.barreras\source\repos\LIVE\MIA SRC\lib\RCWF\2026.1.210.462\Telerik.WinControls.Themes.TelerikMetroBlue.dll
  - Telerik.WinControls.Themes.VisualStudio2012Dark.dll 2026.1.210 at \\FEAP1313L\Users\edward.barreras\source\repos\LIVE\MIA SRC\lib\RCWF\2026.1.210.462\Telerik.WinControls.Themes.VisualStudio2012Dark.dll
  - Telerik.WinControls.Themes.VisualStudio2012Light.dll 2026.1.210 at \\FEAP1313L\Users\edward.barreras\source\repos\LIVE\MIA SRC\lib\RCWF\2026.1.210.462\Telerik.WinControls.Themes.VisualStudio2012Light.dll
  - Telerik.WinControls.Themes.Windows7.dll 2026.1.210 at \\FEAP1313L\Users\edward.barreras\source\repos\LIVE\MIA SRC\lib\RCWF\2026.1.210.462\Telerik.WinControls.Themes.Windows7.dll
  - Telerik.WinControls.Themes.Windows8.dll 2026.1.210 at \\FEAP1313L\Users\edward.barreras\source\repos\LIVE\MIA SRC\lib\RCWF\2026.1.210.462\Telerik.WinControls.Themes.Windows8.dll
  - Telerik.WinControls.UI.dll 2026.1.210 at \\FEAP1313L\Users\edward.barreras\source\repos\LIVE\MIA SRC\lib\RCWF\2026.1.210.462\Telerik.WinControls.UI.dll
  - Telerik.Windows.Documents.Core.dll 2026.1.210 at \\FEAP1313L\Users\edward.barreras\source\repos\LIVE\MIA SRC\lib\RCWF\2026.1.210.462\Telerik.Windows.Documents.Core.dll
  - Telerik.Windows.Documents.Fixed.dll 2026.1.210 at \\FEAP1313L\Users\edward.barreras\source\repos\LIVE\MIA SRC\lib\RCWF\2026.1.210.462\Telerik.Windows.Documents.Fixed.dll
  - Telerik.Windows.Documents.Spreadsheet.dll 2026.1.210 at \\FEAP1313L\Users\edward.barreras\source\repos\LIVE\MIA SRC\lib\RCWF\2026.1.210.462\Telerik.Windows.Documents.Spreadsheet.dll
  - Telerik.Windows.Documents.Spreadsheet.FormatProviders.OpenXml.dll 2026.1.210 at \\FEAP1313L\Users\edward.barreras\source\repos\LIVE\MIA SRC\lib\RCWF\2026.1.210.462\Telerik.Windows.Documents.Spreadsheet.FormatProviders.OpenXml.dll
  - Telerik.Windows.Documents.Spreadsheet.FormatProviders.Pdf.dll 2026.1.210 at \\FEAP1313L\Users\edward.barreras\source\repos\LIVE\MIA SRC\lib\RCWF\2026.1.210.462\Telerik.Windows.Documents.Spreadsheet.FormatProviders.Pdf.dll
  - Telerik.Windows.Documents.Spreadsheet.FormatProviders.Xls.dll 2026.1.210 at \\FEAP1313L\Users\edward.barreras\source\repos\LIVE\MIA SRC\lib\RCWF\2026.1.210.462\Telerik.Windows.Documents.Spreadsheet.FormatProviders.Xls.dll
  - Telerik.Windows.Zip.dll 2026.1.210 at \\FEAP1313L\Users\edward.barreras\source\repos\LIVE\MIA SRC\lib\RCWF\2026.1.210.462\Telerik.Windows.Zip.dll
  - TelerikCommon.dll 2026.1.210 at \\FEAP1313L\Users\edward.barreras\source\repos\LIVE\MIA SRC\lib\RCWF\2026.1.210.462\TelerikCommon.dll
  - TelerikExport.dll 2026.1.210 at \\FEAP1313L\Users\edward.barreras\source\repos\LIVE\MIA SRC\lib\RCWF\2026.1.210.462\TelerikExport.dll
  - Ubiety.Dns.Core.dll 2.2.1 at \\FEAP1313L\Users\edward.barreras\source\repos\LIVE\MIA SRC\ERP\bin\Debug\Ubiety.Dns.Core.dll
  - WindowsBase.dll 4.8.3761 at C:\Program Files (x86)\Reference Assemblies\Microsoft\Framework\.NETFramework\v4.8\WindowsBase.dll
  - ZstdSharp.dll 0.8.5 at \\FEAP1313L\Users\edward.barreras\source\repos\LIVE\MIA SRC\packages\ZstdSharp.Port.0.8.5\lib\net462\ZstdSharp.dll
  MachineId=2xQjveFWQf4bUNzPt3x/SIfuym0=

[2026-03-23 16:00:26.955] [Low]   Looking for Telerik product metadata in referenced assemblies
      - \\FEAP1313L\Users\edward.barreras\source\repos\LIVE\MIA SRC\lib\RCWF\2026.1.210.462\Telerik.Documents.SpreadsheetStreaming.dll
        ProductCode: DPL, LicenseDate: 2026-02-10, Redistributed By: RCWPF, RCWF, MAUI, UIXAM, WINUI, RCAJAX, KENDOUIMVC, UIASPCORE, BLAZOR, ProductName: Telerik Document Processing Libraries, ProductVersion: 2026.1.210.462, Flags: None
      - \\FEAP1313L\Users\edward.barreras\source\repos\LIVE\MIA SRC\ERP\bin\Debug\Telerik.Reporting.dll
        ProductCode: REPORTING, LicenseDate: 2025-05-21, ProductName: Telerik Reporting, ProductVersion: 19.1.25.521, Flags: None
      - \\FEAP1313L\Users\edward.barreras\source\repos\LIVE\MIA SRC\lib\RCWF\2026.1.210.462\Telerik.WinControls.dll
        ProductCode: RCWF, LicenseDate: 2026-02-10, ProductName: Telerik UI for WinForms, ProductVersion: 2026.1.210.462, Flags: None
      - \\FEAP1313L\Users\edward.barreras\source\repos\LIVE\MIA SRC\lib\RCWF\2026.1.210.462\Telerik.WinControls.GridView.dll
        ProductCode: RCWF, LicenseDate: 2026-02-10, ProductName: Telerik UI for WinForms, ProductVersion: 2026.1.210.462, Flags: None
      - \\FEAP1313L\Users\edward.barreras\source\repos\LIVE\MIA SRC\lib\RCWF\2026.1.210.462\Telerik.WinControls.RadDock.dll
        ProductCode: RCWF, LicenseDate: 2026-02-10, ProductName: Telerik UI for WinForms, ProductVersion: 2026.1.210.462, Flags: None
      - \\FEAP1313L\Users\edward.barreras\source\repos\LIVE\MIA SRC\lib\RCWF\2026.1.210.462\Telerik.WinControls.Themes.Aqua.dll
        ProductCode: RCWF, LicenseDate: 2026-02-10, ProductName: Telerik UI for WinForms, ProductVersion: 2026.1.210.462, Flags: None
      - \\FEAP1313L\Users\edward.barreras\source\repos\LIVE\MIA SRC\lib\RCWF\2026.1.210.462\Telerik.WinControls.Themes.Breeze.dll
        ProductCode: RCWF, LicenseDate: 2026-02-10, ProductName: Telerik UI for WinForms, ProductVersion: 2026.1.210.462, Flags: None
      - \\FEAP1313L\Users\edward.barreras\source\repos\LIVE\MIA SRC\lib\RCWF\2026.1.210.462\Telerik.WinControls.Themes.Crystal.dll
        ProductCode: RCWF, LicenseDate: 2026-02-10, ProductName: Telerik UI for WinForms, ProductVersion: 2026.1.210.462, Flags: None
      - \\FEAP1313L\Users\edward.barreras\source\repos\LIVE\MIA SRC\lib\RCWF\2026.1.210.462\Telerik.WinControls.Themes.CrystalDark.dll
        ProductCode: RCWF, LicenseDate: 2026-02-10, ProductName: Telerik UI for WinForms, ProductVersion: 2026.1.210.462, Flags: None
      - \\FEAP1313L\Users\edward.barreras\source\repos\LIVE\MIA SRC\lib\RCWF\2026.1.210.462\Telerik.WinControls.Themes.Desert.dll
        ProductCode: RCWF, LicenseDate: 2026-02-10, ProductName: Telerik UI for WinForms, ProductVersion: 2026.1.210.462, Flags: None
      - \\FEAP1313L\Users\edward.barreras\source\repos\LIVE\MIA SRC\lib\RCWF\2026.1.210.462\Telerik.WinControls.Themes.Fluent.dll
        ProductCode: RCWF, LicenseDate: 2026-02-10, ProductName: Telerik UI for WinForms, ProductVersion: 2026.1.210.462, Flags: None
      - \\FEAP1313L\Users\edward.barreras\source\repos\LIVE\MIA SRC\lib\RCWF\2026.1.210.462\Telerik.WinControls.Themes.FluentDark.dll
        ProductCode: RCWF, LicenseDate: 2026-02-10, ProductName: Telerik UI for WinForms, ProductVersion: 2026.1.210.462, Flags: None
      - \\FEAP1313L\Users\edward.barreras\source\repos\LIVE\MIA SRC\lib\RCWF\2026.1.210.462\Telerik.WinControls.Themes.HighContrastBlack.dll
        ProductCode: RCWF, LicenseDate: 2026-02-10, ProductName: Telerik UI for WinForms, ProductVersion: 2026.1.210.462, Flags: None
      - \\FEAP1313L\Users\edward.barreras\source\repos\LIVE\MIA SRC\lib\RCWF\2026.1.210.462\Telerik.WinControls.Themes.Material.dll
        ProductCode: RCWF, LicenseDate: 2026-02-10, ProductName: Telerik UI for WinForms, ProductVersion: 2026.1.210.462, Flags: None
      - \\FEAP1313L\Users\edward.barreras\source\repos\LIVE\MIA SRC\lib\RCWF\2026.1.210.462\Telerik.WinControls.Themes.MaterialBlueGrey.dll
        ProductCode: RCWF, LicenseDate: 2026-02-10, ProductName: Telerik UI for WinForms, ProductVersion: 2026.1.210.462, Flags: None
      - \\FEAP1313L\Users\edward.barreras\source\repos\LIVE\MIA SRC\lib\RCWF\2026.1.210.462\Telerik.WinControls.Themes.MaterialPink.dll
        ProductCode: RCWF, LicenseDate: 2026-02-10, ProductName: Telerik UI for WinForms, ProductVersion: 2026.1.210.462, Flags: None
      - \\FEAP1313L\Users\edward.barreras\source\repos\LIVE\MIA SRC\lib\RCWF\2026.1.210.462\Telerik.WinControls.Themes.MaterialTeal.dll
        ProductCode: RCWF, LicenseDate: 2026-02-10, ProductName: Telerik UI for WinForms, ProductVersion: 2026.1.210.462, Flags: None
      - \\FEAP1313L\Users\edward.barreras\source\repos\LIVE\MIA SRC\lib\RCWF\2026.1.210.462\Telerik.WinControls.Themes.Office2007Black.dll
        ProductCode: RCWF, LicenseDate: 2026-02-10, ProductName: Telerik UI for WinForms, ProductVersion: 2026.1.210.462, Flags: None
      - \\FEAP1313L\Users\edward.barreras\source\repos\LIVE\MIA SRC\lib\RCWF\2026.1.210.462\Telerik.WinControls.Themes.Office2010Black.dll
        ProductCode: RCWF, LicenseDate: 2026-02-10, ProductName: Telerik UI for WinForms, ProductVersion: 2026.1.210.462, Flags: None
      - \\FEAP1313L\Users\edward.barreras\source\repos\LIVE\MIA SRC\lib\RCWF\2026.1.210.462\Telerik.WinControls.Themes.Office2010Blue.dll
        ProductCode: RCWF, LicenseDate: 2026-02-10, ProductName: Telerik UI for WinForms, ProductVersion: 2026.1.210.462, Flags: None
      - \\FEAP1313L\Users\edward.barreras\source\repos\LIVE\MIA SRC\lib\RCWF\2026.1.210.462\Telerik.WinControls.Themes.Office2010Silver.dll
        ProductCode: RCWF, LicenseDate: 2026-02-10, ProductName: Telerik UI for WinForms, ProductVersion: 2026.1.210.462, Flags: None
      - \\FEAP1313L\Users\edward.barreras\source\repos\LIVE\MIA SRC\lib\RCWF\2026.1.210.462\Telerik.WinControls.Themes.Office2013Dark.dll
        ProductCode: RCWF, LicenseDate: 2026-02-10, ProductName: Telerik UI for WinForms, ProductVersion: 2026.1.210.462, Flags: None
      - \\FEAP1313L\Users\edward.barreras\source\repos\LIVE\MIA SRC\lib\RCWF\2026.1.210.462\Telerik.WinControls.Themes.Office2013Light.dll
        ProductCode: RCWF, LicenseDate: 2026-02-10, ProductName: Telerik UI for WinForms, ProductVersion: 2026.1.210.462, Flags: None
      - \\FEAP1313L\Users\edward.barreras\source\repos\LIVE\MIA SRC\lib\RCWF\2026.1.210.462\Telerik.WinControls.Themes.TelerikMetroBlue.dll
        ProductCode: RCWF, LicenseDate: 2026-02-10, ProductName: Telerik UI for WinForms, ProductVersion: 2026.1.210.462, Flags: None
      - \\FEAP1313L\Users\edward.barreras\source\repos\LIVE\MIA SRC\lib\RCWF\2026.1.210.462\Telerik.WinControls.Themes.VisualStudio2012Dark.dll
        ProductCode: RCWF, LicenseDate: 2026-02-10, ProductName: Telerik UI for WinForms, ProductVersion: 2026.1.210.462, Flags: None
      - \\FEAP1313L\Users\edward.barreras\source\repos\LIVE\MIA SRC\lib\RCWF\2026.1.210.462\Telerik.WinControls.Themes.VisualStudio2012Light.dll
        ProductCode: RCWF, LicenseDate: 2026-02-10, ProductName: Telerik UI for WinForms, ProductVersion: 2026.1.210.462, Flags: None
      - \\FEAP1313L\Users\edward.barreras\source\repos\LIVE\MIA SRC\lib\RCWF\2026.1.210.462\Telerik.WinControls.Themes.Windows7.dll
        ProductCode: RCWF, LicenseDate: 2026-02-10, ProductName: Telerik UI for WinForms, ProductVersion: 2026.1.210.462, Flags: None
      - \\FEAP1313L\Users\edward.barreras\source\repos\LIVE\MIA SRC\lib\RCWF\2026.1.210.462\Telerik.WinControls.Themes.Windows8.dll
        ProductCode: RCWF, LicenseDate: 2026-02-10, ProductName: Telerik UI for WinForms, ProductVersion: 2026.1.210.462, Flags: None
      - \\FEAP1313L\Users\edward.barreras\source\repos\LIVE\MIA SRC\lib\RCWF\2026.1.210.462\Telerik.WinControls.UI.dll
        ProductCode: RCWF, LicenseDate: 2026-02-10, ProductName: Telerik UI for WinForms, ProductVersion: 2026.1.210.462, Flags: None
      - \\FEAP1313L\Users\edward.barreras\source\repos\LIVE\MIA SRC\lib\RCWF\2026.1.210.462\Telerik.Windows.Documents.Core.dll
        ProductCode: DPL, LicenseDate: 2026-02-10, Redistributed By: RCWPF, RCWF, MAUI, UIXAM, WINUI, RCAJAX, KENDOUIMVC, UIASPCORE, BLAZOR, ProductName: Telerik Document Processing Libraries, ProductVersion: 2026.1.210.462, Flags: None
      - \\FEAP1313L\Users\edward.barreras\source\repos\LIVE\MIA SRC\lib\RCWF\2026.1.210.462\Telerik.Windows.Documents.Fixed.dll
        ProductCode: DPL, LicenseDate: 2026-02-10, Redistributed By: RCWPF, RCWF, MAUI, UIXAM, WINUI, RCAJAX, KENDOUIMVC, UIASPCORE, BLAZOR, ProductName: Telerik Document Processing Libraries, ProductVersion: 2026.1.210.462, Flags: None
      - \\FEAP1313L\Users\edward.barreras\source\repos\LIVE\MIA SRC\lib\RCWF\2026.1.210.462\Telerik.Windows.Documents.Spreadsheet.dll
        ProductCode: DPL, LicenseDate: 2026-02-10, Redistributed By: RCWPF, RCWF, MAUI, UIXAM, WINUI, RCAJAX, KENDOUIMVC, UIASPCORE, BLAZOR, ProductName: Telerik Document Processing Libraries, ProductVersion: 2026.1.210.462, Flags: None
      - \\FEAP1313L\Users\edward.barreras\source\repos\LIVE\MIA SRC\lib\RCWF\2026.1.210.462\Telerik.Windows.Documents.Spreadsheet.FormatProviders.Pdf.dll
        ProductCode: DPL, LicenseDate: 2026-02-10, Redistributed By: RCWPF, RCWF, MAUI, UIXAM, WINUI, RCAJAX, KENDOUIMVC, UIASPCORE, BLAZOR, ProductName: Telerik Document Processing Libraries, ProductVersion: 2026.1.210.462, Flags: None
      - \\FEAP1313L\Users\edward.barreras\source\repos\LIVE\MIA SRC\lib\RCWF\2026.1.210.462\Telerik.Windows.Documents.Spreadsheet.FormatProviders.Xls.dll
        ProductCode: DPL, LicenseDate: 2026-02-10, Redistributed By: RCWPF, RCWF, MAUI, UIXAM, WINUI, RCAJAX, KENDOUIMVC, UIASPCORE, BLAZOR, ProductName: Telerik Document Processing Libraries, ProductVersion: 2026.1.210.462, Flags: None
      - \\FEAP1313L\Users\edward.barreras\source\repos\LIVE\MIA SRC\lib\RCWF\2026.1.210.462\Telerik.Windows.Zip.dll
        ProductCode: DPL, LicenseDate: 2026-02-10, Redistributed By: RCWPF, RCWF, MAUI, UIXAM, WINUI, RCAJAX, KENDOUIMVC, UIASPCORE, BLAZOR, ProductName: Telerik Document Processing Libraries, ProductVersion: 2026.1.210.462, Flags: None
      - \\FEAP1313L\Users\edward.barreras\source\repos\LIVE\MIA SRC\lib\RCWF\2026.1.210.462\TelerikCommon.dll
        ProductCode: RCWF, LicenseDate: 2026-02-10, ProductName: Telerik UI for WinForms, ProductVersion: 2026.1.210.462, Flags: None
      - \\FEAP1313L\Users\edward.barreras\source\repos\LIVE\MIA SRC\lib\RCWF\2026.1.210.462\TelerikExport.dll
        ProductCode: RCWF, LicenseDate: 2026-02-10, ProductName: Telerik UI for WinForms, ProductVersion: 2026.1.210.462, Flags: None
      Unique Products:
      - "Telerik Document Processing Libraries" (DPL) 2026.1.210.462 @2026-02-10
      - "Telerik UI for WinForms" (RCWF) 2026.1.210.462 @2026-02-10
      - "Telerik Reporting" (REPORTING) 19.1.25.521 @2025-05-21
      Found a total of 3 referenced Telerik products for 

[2026-03-23 16:00:26.990] [Low]   Provision Licensing
        Looking up license file...
        - EnvironmentVariablePath: TELERIK_LICENSE_PATH (NotAvailable)
        - EnvironmentVariable: TELERIK_LICENSE (NotAvailable)
        - EnvironmentVariable: KENDO_UI_LICENSE (NotAvailable)
        - RecursiveFilePath: \\FEAP1313L\Users\edward.barreras\source\repos\LIVE\MIA SRC\ERP\telerik-license.txt (NotAvailable)
        - RecursiveFilePath: \\FEAP1313L\Users\edward.barreras\source\repos\LIVE\MIA SRC\ERP\kendo-ui-license.txt (NotAvailable)
        - RecursiveFilePath: \\FEAP1313L\Users\edward.barreras\source\repos\LIVE\MIA SRC\telerik-license.txt (LicenseFound)
        - RecursiveFilePath: \\FEAP1313L\Users\edward.barreras\source\repos\LIVE\MIA SRC\kendo-ui-license.txt (Skip)
        - RecursiveFilePath: \\FEAP1313L\Users\edward.barreras\source\repos\LIVE\telerik-license.txt (Skip)
        - RecursiveFilePath: \\FEAP1313L\Users\edward.barreras\source\repos\LIVE\kendo-ui-license.txt (Skip)
        - RecursiveFilePath: \\FEAP1313L\Users\edward.barreras\source\repos\telerik-license.txt (Skip)
        - RecursiveFilePath: \\FEAP1313L\Users\edward.barreras\source\repos\kendo-ui-license.txt (Skip)
        - RecursiveFilePath: \\FEAP1313L\Users\edward.barreras\source\telerik-license.txt (Skip)
        - RecursiveFilePath: \\FEAP1313L\Users\edward.barreras\source\kendo-ui-license.txt (Skip)
        - RecursiveFilePath: \\FEAP1313L\Users\edward.barreras\telerik-license.txt (Skip)
        - RecursiveFilePath: \\FEAP1313L\Users\edward.barreras\kendo-ui-license.txt (Skip)
        - RecursiveFilePath: \\FEAP1313L\Users\telerik-license.txt (Skip)
        - RecursiveFilePath: \\FEAP1313L\Users\kendo-ui-license.txt (Skip)
        - UserDirectory: C:\Users\edward.barreras\AppData\Roaming\Telerik\telerik-license.txt (Skip)
        - UserDirectory: C:\Users\edward.barreras\AppData\Roaming\Telerik\kendo-ui-license.txt (Skip)
        LicenseKey
        - AUD: f***.m**@f***************.com
        - UsedId: ab69b8b5-c84c-45ed-8228-81dac868c759
        - LicenseId: e7eaafda-87c7-42d6-9ce6-49a541b8c4ed
        - IssuedAt: 1/20/2026 6:35:06 AM
        - Licenses
          0) Perpetual BLAZOR, expiration 9/25/2027 12:49:33 PM, type: 'perpetual'
          1) Perpetual JM, expiration 9/25/2027 12:49:33 PM, type: 'perpetual'
          2) Perpetual KENDOUIANGULAR, expiration 9/25/2027 12:49:33 PM, type: 'perpetual'
          3) Perpetual KENDOUICOMPLETE, expiration 9/25/2027 12:49:33 PM, type: 'perpetual'
          4) Perpetual KENDOUIMVC, expiration 9/25/2027 12:49:33 PM, type: 'perpetual'
          5) Perpetual KENDOUIREACT, expiration 9/25/2027 12:49:33 PM, type: 'perpetual'
          6) Perpetual KENDOUIVUE, expiration 9/25/2027 12:49:33 PM, type: 'perpetual'
          7) Perpetual MAUI, expiration 9/25/2027 12:49:33 PM, type: 'perpetual'
          8) Perpetual RCAJAX, expiration 9/25/2027 12:49:33 PM, type: 'perpetual'
          9) Perpetual RCWF, expiration 9/25/2027 12:49:33 PM, type: 'perpetual'
          10) Perpetual RCWPF, expiration 9/25/2027 12:49:33 PM, type: 'perpetual'
          11) Perpetual REPORTING, expiration 9/25/2027 12:49:33 PM, type: 'perpetual'
          12) Perpetual REPORTSERVER, expiration 9/25/2027 12:49:33 PM, type: 'perpetual'
          13) Perpetual UIASPCORE, expiration 9/25/2027 12:49:33 PM, type: 'perpetual'
          14) Perpetual UIXAM, expiration 2/19/2025 6:00:00 AM, type: 'perpetual'
          15) Perpetual WINUI, expiration 9/25/2027 12:49:33 PM, type: 'perpetual'
          16) Usage UserId: ab69b8b5-c84c-45ed-8228-81dac868c759, LicenseId: e7eaafda-87c7-42d6-9ce6-49a541b8c4ed, type: 'usage'

[2026-03-23 16:00:26.999] [Low]   License Resolution
        Messages
          - License OK for "Telerik UI for WinForms" (RCWF) 2026.1.210.462 @2026-02-10 - Perpetual, valid until 2027-09-25.
          - License OK for "Telerik Reporting" (REPORTING) 19.1.25.521 @2025-05-21 - Perpetual, valid until 2027-09-25.
          - License OK for "Telerik Document Processing Libraries" (DPL) 2026.1.210.462 @2026-02-10 - Perpetual for RCWF, valid until 2027-09-25.
        JWTs
          - eyJhbGciOiJSUzI1NiIsInR5cCI6IlRlbGVyaWsgTGljZW5zZSBFdmlkZW5jZSJ9.eyJjb2RlIjoiUkNXRiIsInR5cGUiOiJwZXJwZXR1YWwiLCJleHBpcmF0aW9uIjoxODIxODc2NTczLCJ1c2VySWQiOiJhYjY5YjhiNS1jODRjLTQ1ZWQtODIyOC04MWRhYzg2OGM3NTkiLCJsaWNlbnNlSWQiOiJlN2VhYWZkYS04N2M3LTQyZDYtOWNlNi00OWE1NDFiOGM0ZWQifQ.H8sxX5O2T3i22Uhy0PFV3YDo-lS1iHVocWX9Eu-82PheI3XbKMkEr7QiChWfuNwS9afgR7PMGy4_nx9HXRV5V9cRQ1zWvIkJsG2EbadPtKlygaAkCh-FXSRVflm3WITNHIAYfazZa26sHSnqBW_XRbH3o0GQkqVYkLlxLuLuKa4M7LlA1KtQZcVFhOH2oaXQoxfrkUMQxNFCz0JdI76T1YJNrAwxpXri8KUzfoDwKhY-IhN-bU25hJs19yGvWykTuZqrZ3lv603aQkaCaPnlF_tHROsmC7nbV4aaxaSHRF1PVD5lqsAhkA5OdGmqH8Kq9F5mhRXVVwYWf3WBcxZKkg
          - eyJhbGciOiJSUzI1NiIsInR5cCI6IlRlbGVyaWsgTGljZW5zZSBFdmlkZW5jZSJ9.eyJjb2RlIjoiUkVQT1JUSU5HIiwidHlwZSI6InBlcnBldHVhbCIsImV4cGlyYXRpb24iOjE4MjE4NzY1NzMsInVzZXJJZCI6ImFiNjliOGI1LWM4NGMtNDVlZC04MjI4LTgxZGFjODY4Yzc1OSIsImxpY2Vuc2VJZCI6ImU3ZWFhZmRhLTg3YzctNDJkNi05Y2U2LTQ5YTU0MWI4YzRlZCJ9.vMdezVVvhtRG-iThgXrXFDyr8L394y38spuHWK9Cyc_b9XZ2iHzEwyT9dLgOqBfvEQM3-GKFcOW6O4-_SSwoIjNhm9paVKSVEmeonMfEOgZjOXuqYFCrXmegYUefJNkHmL6P9cB0CPtA_PThVXqg_RGtCMGEoTW_ISG2ymjLnKXwuGf3uQoTxYWCmdBVMAeZHBlzpUh7aJ78fWmWbIvGf_jrykaFhCaWML2yJHyAjHIH1uzf088pGqdOeDvhBQsIva3Hg0KPLptC4ZqxkkVyYHFvvqFgwwkv8O3ex6Df238honjg-11aXIid1Ad6SSsrqEuKqHBUF__HbdhN0AvfLg
        Licenses
          - License OK for "Telerik UI for WinForms" (RCWF) 2026.1.210.462 @2026-02-10 - Perpetual, valid until 2027-09-25.
          - License OK for "Telerik Reporting" (REPORTING) 19.1.25.521 @2025-05-21 - Perpetual, valid until 2027-09-25.
          - License OK for "Telerik Document Processing Libraries" (DPL) 2026.1.210.462 @2026-02-10 - Perpetual for RCWF, valid until 2027-09-25.

[2026-03-23 16:00:27.002] [Low] OutputType: WinExe, ImportXamlTargets: True
[2026-03-23 16:00:27.017] [Low] 
      Call-Home Telerik Products (3 for )
      - "Telerik UI for WinForms" (RCWF) 2026.1.210
      - "DPL" (DPL) 2026.1.210
      - "Telerik Reporting" (REPORTING) 19.1.25

[2026-03-23 16:00:27.017] [Low] 
[2026-03-23 16:00:27.020] [Low] 
      Call-Home Telerik Features (0 for )

[2026-03-23 16:00:27.020] [Low] 
[2026-03-23 16:00:27.068] [Low]   Report Telerik.Licensing
        UserId: ab69b8b5-c84c-45ed-8228-81dac868c759
        LicenseId: e7eaafda-87c7-42d6-9ce6-49a541b8c4ed
        Products
        - LicenseUsed RCWF 2026.1.210.462 SKIPPED
        - LicenseUsed REPORTING 19.1.25.521 SKIPPED
        - LicenseUsed DPL 2026.1.210.462 SKIPPED
      Report finished in 00:00:00.0410183

[2026-03-23 16:00:27.069] [Low]   Sending Telemetry...
[2026-03-23 16:00:27.096] [Low]   Metrics done 00:00:00.0268376
[2026-03-23 16:00:27.098] [Normal] Resolve Telerik Products. Done (00:00:00.4789020) for 
[2026-03-24 07:30:12.960] [Normal] Resolve Telerik Products.
  MSBuildProjectName=2
  MSBuildProjectDirectory=\\FEAP1313L\Users\edward.barreras\source\repos\MIA SRC\ERP
  MSBuildProjectExtension=.vbproj
  Language=VB
  OutputPath=bin\Debug\
  Platform=AnyCPU
  TargetFramework=
  TargetFrameworks=
  TargetFrameworkVersion=v4.8
  VisualStudioVersion=17.0
  UsingMicrosoftNETSdk=
  UsingMicrosoftNETSdkRazor=
  UsingMicrosoftNETSdkWeb=
  ImportXamlTargets=True
  OutputType=WinExe
  UseMaui=
  NuGetPackageRoot=

  PackageReferences
  ReferencePaths
  - BouncyCastle.Crypto.dll 1.8.3 at \\FEAP1313L\Users\edward.barreras\source\repos\MIA SRC\packages\BouncyCastle.1.8.3.1\lib\BouncyCastle.Crypto.dll
  - BouncyCastle.Cryptography.dll 2.5.1 at \\FEAP1313L\Users\edward.barreras\source\repos\MIA SRC\packages\BouncyCastle.Cryptography.2.5.1\lib\net461\BouncyCastle.Cryptography.dll
  - ClosedXML.dll 0.96.0 at \\FEAP1313L\Users\edward.barreras\source\repos\MIA SRC\packages\ClosedXML.0.96.0\lib\net40\ClosedXML.dll
  - DocumentFormat.OpenXml.dll 2.16.0 at \\FEAP1313L\Users\edward.barreras\source\repos\MIA SRC\packages\DocumentFormat.OpenXml.2.16.0\lib\net40\DocumentFormat.OpenXml.dll
  - ExcelNumberFormat.dll 1.1.0 at \\FEAP1313L\Users\edward.barreras\source\repos\MIA SRC\packages\ExcelNumberFormat.1.1.0\lib\net20\ExcelNumberFormat.dll
  - FEAPNS.dll 1.0.0 at \\FEAP1313L\Users\edward.barreras\source\repos\MIA SRC\ERP\bin\Debug\FEAPNS.dll
  - Gma.QrCodeNet.Encoding.dll 0.4.1 at \\FEAP1313L\Users\edward.barreras\source\repos\MIA SRC\packages\Gma.QrCodeNet.0.4.1.2\lib\net40\Gma.QrCodeNet.Encoding.dll
  - Google.Protobuf.dll 3.30.0 at \\FEAP1313L\Users\edward.barreras\source\repos\MIA SRC\packages\Google.Protobuf.3.30.0\lib\net45\Google.Protobuf.dll
  - K4os.Compression.LZ4.dll 1.3.8 at \\FEAP1313L\Users\edward.barreras\source\repos\MIA SRC\packages\K4os.Compression.LZ4.1.3.8\lib\net462\K4os.Compression.LZ4.dll
  - K4os.Compression.LZ4.Streams.dll 1.3.8 at \\FEAP1313L\Users\edward.barreras\source\repos\MIA SRC\packages\K4os.Compression.LZ4.Streams.1.3.8\lib\net462\K4os.Compression.LZ4.Streams.dll
  - K4os.Hash.xxHash.dll 1.0.8 at \\FEAP1313L\Users\edward.barreras\source\repos\MIA SRC\packages\K4os.Hash.xxHash.1.0.8\lib\net462\K4os.Hash.xxHash.dll
  - MIA-Linq.dll 1.0.0 at \\FEAP1313L\Users\edward.barreras\source\repos\MIA SRC\ERP\bin\Debug\MIA-Linq.dll
  - MIA-Report.dll 1.0.0 at \\FEAP1313L\Users\edward.barreras\source\repos\MIA SRC\ERP\bin\Debug\MIA-Report.dll
  - Microsoft.Bcl.AsyncInterfaces.dll 5.0.0 at \\FEAP1313L\Users\edward.barreras\source\repos\MIA SRC\packages\Microsoft.Bcl.AsyncInterfaces.5.0.0\lib\net461\Microsoft.Bcl.AsyncInterfaces.dll
  - Microsoft.CSharp.dll 4.8.3761 at C:\Program Files (x86)\Reference Assemblies\Microsoft\Framework\.NETFramework\v4.8\Microsoft.CSharp.dll
  - MySql.Data.dll 9.4.0 at \\FEAP1313L\Users\edward.barreras\source\repos\MIA SRC\packages\MySql.Data.9.4.0\lib\net48\MySql.Data.dll
  - Newtonsoft.Json.dll 13.0.3 at \\FEAP1313L\Users\edward.barreras\source\repos\MIA SRC\packages\Newtonsoft.Json.13.0.3\lib\net45\Newtonsoft.Json.dll
  - SRCDailyReportv2.dll 1.0.0 at \\FEAP1313L\Users\edward.barreras\source\repos\MIA SRC\ERP\bin\Debug\SRCDailyReportv2.dll
  - System.Buffers.dll 4.6.28619 at \\FEAP1313L\Users\edward.barreras\source\repos\MIA SRC\packages\System.Buffers.4.5.1\lib\net461\System.Buffers.dll
  - System.ComponentModel.DataAnnotations.dll 4.8.3761 at C:\Program Files (x86)\Reference Assemblies\Microsoft\Framework\.NETFramework\v4.8\System.ComponentModel.DataAnnotations.dll
  - System.ComponentModel.dll 4.8.3761 at C:\Program Files (x86)\Reference Assemblies\Microsoft\Framework\.NETFramework\v4.8\Facades\System.ComponentModel.dll
  - System.Configuration.ConfigurationManager.dll 8.0.0 at \\FEAP1313L\Users\edward.barreras\source\repos\MIA SRC\packages\System.Configuration.ConfigurationManager.8.0.0\lib\net462\System.Configuration.ConfigurationManager.dll
  - System.Configuration.dll 4.8.3761 at C:\Program Files (x86)\Reference Assemblies\Microsoft\Framework\.NETFramework\v4.8\System.Configuration.dll
  - System.Configuration.Install.dll 4.8.3761 at C:\Program Files (x86)\Reference Assemblies\Microsoft\Framework\.NETFramework\v4.8\System.Configuration.Install.dll
  - System.Core.dll 4.8.3761 at C:\Program Files (x86)\Reference Assemblies\Microsoft\Framework\.NETFramework\v4.8\System.Core.dll
  - System.Data.DataSetExtensions.dll 4.8.3761 at C:\Program Files (x86)\Reference Assemblies\Microsoft\Framework\.NETFramework\v4.8\System.Data.DataSetExtensions.dll
  - System.Data.dll 4.8.3761 at C:\Program Files (x86)\Reference Assemblies\Microsoft\Framework\.NETFramework\v4.8\System.Data.dll
  - System.Data.OleDb.dll 9.0.2 at \\FEAP1313L\Users\edward.barreras\source\repos\MIA SRC\packages\System.Data.OleDb.9.0.2\lib\net462\System.Data.OleDb.dll
  - System.Deployment.dll 4.8.3761 at C:\Program Files (x86)\Reference Assemblies\Microsoft\Framework\.NETFramework\v4.8\System.Deployment.dll
  - System.Diagnostics.DiagnosticSource.dll 8.0.4 at \\FEAP1313L\Users\edward.barreras\source\repos\MIA SRC\packages\System.Diagnostics.DiagnosticSource.8.0.1\lib\net462\System.Diagnostics.DiagnosticSource.dll
  - System.dll 4.8.3761 at C:\Program Files (x86)\Reference Assemblies\Microsoft\Framework\.NETFramework\v4.8\System.dll
  - System.Drawing.Design.dll 4.8.3761 at C:\Program Files (x86)\Reference Assemblies\Microsoft\Framework\.NETFramework\v4.8\System.Drawing.Design.dll
  - System.Drawing.dll 4.8.3761 at C:\Program Files (x86)\Reference Assemblies\Microsoft\Framework\.NETFramework\v4.8\System.Drawing.dll
  - System.IO.Pipelines.dll 5.0.15 at \\FEAP1313L\Users\edward.barreras\source\repos\MIA SRC\packages\System.IO.Pipelines.5.0.2\lib\net461\System.IO.Pipelines.dll
  - System.Management.dll 4.8.3761 at C:\Program Files (x86)\Reference Assemblies\Microsoft\Framework\.NETFramework\v4.8\System.Management.dll
  - System.Memory.dll 4.6.31308 at \\FEAP1313L\Users\edward.barreras\source\repos\MIA SRC\packages\System.Memory.4.5.5\lib\net461\System.Memory.dll
  - System.Messaging.dll 4.8.3761 at C:\Program Files (x86)\Reference Assemblies\Microsoft\Framework\.NETFramework\v4.8\System.Messaging.dll
  - System.Net.Http.Formatting.dll 5.2.7 at C:\Program Files\Microsoft Visual Studio\2022\Community\Common7\IDE\PublicAssemblies\System.Net.Http.Formatting.dll
  - System.Numerics.dll 4.8.3761 at C:\Program Files (x86)\Reference Assemblies\Microsoft\Framework\.NETFramework\v4.8\System.Numerics.dll
  - System.Numerics.Vectors.dll 4.6.26515 at \\FEAP1313L\Users\edward.barreras\source\repos\MIA SRC\packages\System.Numerics.Vectors.4.5.0\lib\net46\System.Numerics.Vectors.dll
  - System.Runtime.CompilerServices.Unsafe.dll 6.1.0 at \\FEAP1313L\Users\edward.barreras\source\repos\MIA SRC\packages\System.Runtime.CompilerServices.Unsafe.6.1.0\lib\net462\System.Runtime.CompilerServices.Unsafe.dll
  - System.Threading.Tasks.Extensions.dll 4.6.0 at \\FEAP1313L\Users\edward.barreras\source\repos\MIA SRC\packages\System.Threading.Tasks.Extensions.4.6.0\lib\net462\System.Threading.Tasks.Extensions.dll
  - System.Transactions.dll 4.8.3761 at C:\Program Files (x86)\Reference Assemblies\Microsoft\Framework\.NETFramework\v4.8\System.Transactions.dll
  - System.Web.Extensions.dll 4.8.3761 at C:\Program Files (x86)\Reference Assemblies\Microsoft\Framework\.NETFramework\v4.8\System.Web.Extensions.dll
  - System.Windows.Forms.dll 4.8.3761 at C:\Program Files (x86)\Reference Assemblies\Microsoft\Framework\.NETFramework\v4.8\System.Windows.Forms.dll
  - System.Xml.dll 4.8.3761 at C:\Program Files (x86)\Reference Assemblies\Microsoft\Framework\.NETFramework\v4.8\System.Xml.dll
  - System.Xml.Linq.dll 4.8.3761 at C:\Program Files (x86)\Reference Assemblies\Microsoft\Framework\.NETFramework\v4.8\System.Xml.Linq.dll
  - Telerik.Documents.SpreadsheetStreaming.dll 2026.1.210 at \\FEAP1313L\Users\edward.barreras\source\repos\MIA SRC\lib\RCWF\2026.1.210.462\Telerik.Documents.SpreadsheetStreaming.dll
  - Telerik.Licensing.Runtime.dll 1.8.2 at \\FEAP1313L\Users\edward.barreras\source\repos\MIA SRC\packages\Telerik.Licensing.1.8.2\lib\net462\Telerik.Licensing.Runtime.dll
  - Telerik.Reporting.dll 19.1.25 at \\FEAP1313L\Users\edward.barreras\source\repos\MIA SRC\ERP\bin\Debug\Telerik.Reporting.dll
  - Telerik.Reporting.Services.HttpClient.dll 19.1.25 at \\FEAP1313L\Users\edward.barreras\source\repos\MIA SRC\ERP\bin\Debug\Telerik.Reporting.Services.HttpClient.dll
  - Telerik.Reporting.Services.ServiceStack.dll 19.1.25 at \\FEAP1313L\Users\edward.barreras\source\repos\MIA SRC\ERP\bin\Debug\Telerik.Reporting.Services.ServiceStack.dll
  - Telerik.ReportViewer.WinForms.dll 19.1.25 at \\FEAP1313L\Users\edward.barreras\source\repos\MIA SRC\ERP\bin\Debug\Telerik.ReportViewer.WinForms.dll
  - Telerik.ReportViewer.Wpf.dll 19.1.25 at \\FEAP1313L\Users\edward.barreras\source\repos\MIA SRC\ERP\bin\Debug\Telerik.ReportViewer.Wpf.dll
  - Telerik.WinControls.dll 2026.1.210 at \\FEAP1313L\Users\edward.barreras\source\repos\MIA SRC\lib\RCWF\2026.1.210.462\Telerik.WinControls.dll
  - Telerik.WinControls.GridView.dll 2026.1.210 at \\FEAP1313L\Users\edward.barreras\source\repos\MIA SRC\lib\RCWF\2026.1.210.462\Telerik.WinControls.GridView.dll
  - Telerik.WinControls.RadDock.dll 2026.1.210 at \\FEAP1313L\Users\edward.barreras\source\repos\MIA SRC\lib\RCWF\2026.1.210.462\Telerik.WinControls.RadDock.dll
  - Telerik.WinControls.Themes.Aqua.dll 2026.1.210 at \\FEAP1313L\Users\edward.barreras\source\repos\MIA SRC\lib\RCWF\2026.1.210.462\Telerik.WinControls.Themes.Aqua.dll
  - Telerik.WinControls.Themes.Breeze.dll 2026.1.210 at \\FEAP1313L\Users\edward.barreras\source\repos\MIA SRC\lib\RCWF\2026.1.210.462\Telerik.WinControls.Themes.Breeze.dll
  - Telerik.WinControls.Themes.Crystal.dll 2026.1.210 at \\FEAP1313L\Users\edward.barreras\source\repos\MIA SRC\lib\RCWF\2026.1.210.462\Telerik.WinControls.Themes.Crystal.dll
  - Telerik.WinControls.Themes.CrystalDark.dll 2026.1.210 at \\FEAP1313L\Users\edward.barreras\source\repos\MIA SRC\lib\RCWF\2026.1.210.462\Telerik.WinControls.Themes.CrystalDark.dll
  - Telerik.WinControls.Themes.Desert.dll 2026.1.210 at \\FEAP1313L\Users\edward.barreras\source\repos\MIA SRC\lib\RCWF\2026.1.210.462\Telerik.WinControls.Themes.Desert.dll
  - Telerik.WinControls.Themes.Fluent.dll 2026.1.210 at \\FEAP1313L\Users\edward.barreras\source\repos\MIA SRC\lib\RCWF\2026.1.210.462\Telerik.WinControls.Themes.Fluent.dll
  - Telerik.WinControls.Themes.FluentDark.dll 2026.1.210 at \\FEAP1313L\Users\edward.barreras\source\repos\MIA SRC\lib\RCWF\2026.1.210.462\Telerik.WinControls.Themes.FluentDark.dll
  - Telerik.WinControls.Themes.HighContrastBlack.dll 2026.1.210 at \\FEAP1313L\Users\edward.barreras\source\repos\MIA SRC\lib\RCWF\2026.1.210.462\Telerik.WinControls.Themes.HighContrastBlack.dll
  - Telerik.WinControls.Themes.Material.dll 2026.1.210 at \\FEAP1313L\Users\edward.barreras\source\repos\MIA SRC\lib\RCWF\2026.1.210.462\Telerik.WinControls.Themes.Material.dll
  - Telerik.WinControls.Themes.MaterialBlueGrey.dll 2026.1.210 at \\FEAP1313L\Users\edward.barreras\source\repos\MIA SRC\lib\RCWF\2026.1.210.462\Telerik.WinControls.Themes.MaterialBlueGrey.dll
  - Telerik.WinControls.Themes.MaterialPink.dll 2026.1.210 at \\FEAP1313L\Users\edward.barreras\source\repos\MIA SRC\lib\RCWF\2026.1.210.462\Telerik.WinControls.Themes.MaterialPink.dll
  - Telerik.WinControls.Themes.MaterialTeal.dll 2026.1.210 at \\FEAP1313L\Users\edward.barreras\source\repos\MIA SRC\lib\RCWF\2026.1.210.462\Telerik.WinControls.Themes.MaterialTeal.dll
  - Telerik.WinControls.Themes.Office2007Black.dll 2026.1.210 at \\FEAP1313L\Users\edward.barreras\source\repos\MIA SRC\lib\RCWF\2026.1.210.462\Telerik.WinControls.Themes.Office2007Black.dll
  - Telerik.WinControls.Themes.Office2010Black.dll 2026.1.210 at \\FEAP1313L\Users\edward.barreras\source\repos\MIA SRC\lib\RCWF\2026.1.210.462\Telerik.WinControls.Themes.Office2010Black.dll
  - Telerik.WinControls.Themes.Office2010Blue.dll 2026.1.210 at \\FEAP1313L\Users\edward.barreras\source\repos\MIA SRC\lib\RCWF\2026.1.210.462\Telerik.WinControls.Themes.Office2010Blue.dll
  - Telerik.WinControls.Themes.Office2010Silver.dll 2026.1.210 at \\FEAP1313L\Users\edward.barreras\source\repos\MIA SRC\lib\RCWF\2026.1.210.462\Telerik.WinControls.Themes.Office2010Silver.dll
  - Telerik.WinControls.Themes.Office2013Dark.dll 2026.1.210 at \\FEAP1313L\Users\edward.barreras\source\repos\MIA SRC\lib\RCWF\2026.1.210.462\Telerik.WinControls.Themes.Office2013Dark.dll
  - Telerik.WinControls.Themes.Office2013Light.dll 2026.1.210 at \\FEAP1313L\Users\edward.barreras\source\repos\MIA SRC\lib\RCWF\2026.1.210.462\Telerik.WinControls.Themes.Office2013Light.dll
  - Telerik.WinControls.Themes.TelerikMetroBlue.dll 2026.1.210 at \\FEAP1313L\Users\edward.barreras\source\repos\MIA SRC\lib\RCWF\2026.1.210.462\Telerik.WinControls.Themes.TelerikMetroBlue.dll
  - Telerik.WinControls.Themes.VisualStudio2012Dark.dll 2026.1.210 at \\FEAP1313L\Users\edward.barreras\source\repos\MIA SRC\lib\RCWF\2026.1.210.462\Telerik.WinControls.Themes.VisualStudio2012Dark.dll
  - Telerik.WinControls.Themes.VisualStudio2012Light.dll 2026.1.210 at \\FEAP1313L\Users\edward.barreras\source\repos\MIA SRC\lib\RCWF\2026.1.210.462\Telerik.WinControls.Themes.VisualStudio2012Light.dll
  - Telerik.WinControls.Themes.Windows7.dll 2026.1.210 at \\FEAP1313L\Users\edward.barreras\source\repos\MIA SRC\lib\RCWF\2026.1.210.462\Telerik.WinControls.Themes.Windows7.dll
  - Telerik.WinControls.Themes.Windows8.dll 2026.1.210 at \\FEAP1313L\Users\edward.barreras\source\repos\MIA SRC\lib\RCWF\2026.1.210.462\Telerik.WinControls.Themes.Windows8.dll
  - Telerik.WinControls.UI.dll 2026.1.210 at \\FEAP1313L\Users\edward.barreras\source\repos\MIA SRC\lib\RCWF\2026.1.210.462\Telerik.WinControls.UI.dll
  - Telerik.Windows.Documents.Core.dll 2026.1.210 at \\FEAP1313L\Users\edward.barreras\source\repos\MIA SRC\lib\RCWF\2026.1.210.462\Telerik.Windows.Documents.Core.dll
  - Telerik.Windows.Documents.Fixed.dll 2026.1.210 at \\FEAP1313L\Users\edward.barreras\source\repos\MIA SRC\lib\RCWF\2026.1.210.462\Telerik.Windows.Documents.Fixed.dll
  - Telerik.Windows.Documents.Spreadsheet.dll 2026.1.210 at \\FEAP1313L\Users\edward.barreras\source\repos\MIA SRC\lib\RCWF\2026.1.210.462\Telerik.Windows.Documents.Spreadsheet.dll
  - Telerik.Windows.Documents.Spreadsheet.FormatProviders.OpenXml.dll 2026.1.210 at \\FEAP1313L\Users\edward.barreras\source\repos\MIA SRC\lib\RCWF\2026.1.210.462\Telerik.Windows.Documents.Spreadsheet.FormatProviders.OpenXml.dll
  - Telerik.Windows.Documents.Spreadsheet.FormatProviders.Pdf.dll 2026.1.210 at \\FEAP1313L\Users\edward.barreras\source\repos\MIA SRC\lib\RCWF\2026.1.210.462\Telerik.Windows.Documents.Spreadsheet.FormatProviders.Pdf.dll
  - Telerik.Windows.Documents.Spreadsheet.FormatProviders.Xls.dll 2026.1.210 at \\FEAP1313L\Users\edward.barreras\source\repos\MIA SRC\lib\RCWF\2026.1.210.462\Telerik.Windows.Documents.Spreadsheet.FormatProviders.Xls.dll
  - Telerik.Windows.Zip.dll 2026.1.210 at \\FEAP1313L\Users\edward.barreras\source\repos\MIA SRC\lib\RCWF\2026.1.210.462\Telerik.Windows.Zip.dll
  - TelerikCommon.dll 2026.1.210 at \\FEAP1313L\Users\edward.barreras\source\repos\MIA SRC\lib\RCWF\2026.1.210.462\TelerikCommon.dll
  - TelerikExport.dll 2026.1.210 at \\FEAP1313L\Users\edward.barreras\source\repos\MIA SRC\lib\RCWF\2026.1.210.462\TelerikExport.dll
  - Ubiety.Dns.Core.dll 2.2.1 at \\FEAP1313L\Users\edward.barreras\source\repos\MIA SRC\ERP\bin\Debug\Ubiety.Dns.Core.dll
  - WindowsBase.dll 4.8.3761 at C:\Program Files (x86)\Reference Assemblies\Microsoft\Framework\.NETFramework\v4.8\WindowsBase.dll
  - ZstdSharp.dll 0.8.5 at \\FEAP1313L\Users\edward.barreras\source\repos\MIA SRC\packages\ZstdSharp.Port.0.8.5\lib\net462\ZstdSharp.dll
  MachineId=2xQjveFWQf4bUNzPt3x/SIfuym0=

[2026-03-24 07:30:13.494] [Low]   Looking for Telerik product metadata in referenced assemblies
      - \\FEAP1313L\Users\edward.barreras\source\repos\MIA SRC\lib\RCWF\2026.1.210.462\Telerik.Documents.SpreadsheetStreaming.dll
        ProductCode: DPL, LicenseDate: 2026-02-10, Redistributed By: RCWPF, RCWF, MAUI, UIXAM, WINUI, RCAJAX, KENDOUIMVC, UIASPCORE, BLAZOR, ProductName: Telerik Document Processing Libraries, ProductVersion: 2026.1.210.462, Flags: None
      - \\FEAP1313L\Users\edward.barreras\source\repos\MIA SRC\ERP\bin\Debug\Telerik.Reporting.dll
        ProductCode: REPORTING, LicenseDate: 2025-05-21, ProductName: Telerik Reporting, ProductVersion: 19.1.25.521, Flags: None
      - \\FEAP1313L\Users\edward.barreras\source\repos\MIA SRC\lib\RCWF\2026.1.210.462\Telerik.WinControls.dll
        ProductCode: RCWF, LicenseDate: 2026-02-10, ProductName: Telerik UI for WinForms, ProductVersion: 2026.1.210.462, Flags: None
      - \\FEAP1313L\Users\edward.barreras\source\repos\MIA SRC\lib\RCWF\2026.1.210.462\Telerik.WinControls.GridView.dll
        ProductCode: RCWF, LicenseDate: 2026-02-10, ProductName: Telerik UI for WinForms, ProductVersion: 2026.1.210.462, Flags: None
      - \\FEAP1313L\Users\edward.barreras\source\repos\MIA SRC\lib\RCWF\2026.1.210.462\Telerik.WinControls.RadDock.dll
        ProductCode: RCWF, LicenseDate: 2026-02-10, ProductName: Telerik UI for WinForms, ProductVersion: 2026.1.210.462, Flags: None
      - \\FEAP1313L\Users\edward.barreras\source\repos\MIA SRC\lib\RCWF\2026.1.210.462\Telerik.WinControls.Themes.Aqua.dll
        ProductCode: RCWF, LicenseDate: 2026-02-10, ProductName: Telerik UI for WinForms, ProductVersion: 2026.1.210.462, Flags: None
      - \\FEAP1313L\Users\edward.barreras\source\repos\MIA SRC\lib\RCWF\2026.1.210.462\Telerik.WinControls.Themes.Breeze.dll
        ProductCode: RCWF, LicenseDate: 2026-02-10, ProductName: Telerik UI for WinForms, ProductVersion: 2026.1.210.462, Flags: None
      - \\FEAP1313L\Users\edward.barreras\source\repos\MIA SRC\lib\RCWF\2026.1.210.462\Telerik.WinControls.Themes.Crystal.dll
        ProductCode: RCWF, LicenseDate: 2026-02-10, ProductName: Telerik UI for WinForms, ProductVersion: 2026.1.210.462, Flags: None
      - \\FEAP1313L\Users\edward.barreras\source\repos\MIA SRC\lib\RCWF\2026.1.210.462\Telerik.WinControls.Themes.CrystalDark.dll
        ProductCode: RCWF, LicenseDate: 2026-02-10, ProductName: Telerik UI for WinForms, ProductVersion: 2026.1.210.462, Flags: None
      - \\FEAP1313L\Users\edward.barreras\source\repos\MIA SRC\lib\RCWF\2026.1.210.462\Telerik.WinControls.Themes.Desert.dll
        ProductCode: RCWF, LicenseDate: 2026-02-10, ProductName: Telerik UI for WinForms, ProductVersion: 2026.1.210.462, Flags: None
      - \\FEAP1313L\Users\edward.barreras\source\repos\MIA SRC\lib\RCWF\2026.1.210.462\Telerik.WinControls.Themes.Fluent.dll
        ProductCode: RCWF, LicenseDate: 2026-02-10, ProductName: Telerik UI for WinForms, ProductVersion: 2026.1.210.462, Flags: None
      - \\FEAP1313L\Users\edward.barreras\source\repos\MIA SRC\lib\RCWF\2026.1.210.462\Telerik.WinControls.Themes.FluentDark.dll
        ProductCode: RCWF, LicenseDate: 2026-02-10, ProductName: Telerik UI for WinForms, ProductVersion: 2026.1.210.462, Flags: None
      - \\FEAP1313L\Users\edward.barreras\source\repos\MIA SRC\lib\RCWF\2026.1.210.462\Telerik.WinControls.Themes.HighContrastBlack.dll
        ProductCode: RCWF, LicenseDate: 2026-02-10, ProductName: Telerik UI for WinForms, ProductVersion: 2026.1.210.462, Flags: None
      - \\FEAP1313L\Users\edward.barreras\source\repos\MIA SRC\lib\RCWF\2026.1.210.462\Telerik.WinControls.Themes.Material.dll
        ProductCode: RCWF, LicenseDate: 2026-02-10, ProductName: Telerik UI for WinForms, ProductVersion: 2026.1.210.462, Flags: None
      - \\FEAP1313L\Users\edward.barreras\source\repos\MIA SRC\lib\RCWF\2026.1.210.462\Telerik.WinControls.Themes.MaterialBlueGrey.dll
        ProductCode: RCWF, LicenseDate: 2026-02-10, ProductName: Telerik UI for WinForms, ProductVersion: 2026.1.210.462, Flags: None
      - \\FEAP1313L\Users\edward.barreras\source\repos\MIA SRC\lib\RCWF\2026.1.210.462\Telerik.WinControls.Themes.MaterialPink.dll
        ProductCode: RCWF, LicenseDate: 2026-02-10, ProductName: Telerik UI for WinForms, ProductVersion: 2026.1.210.462, Flags: None
      - \\FEAP1313L\Users\edward.barreras\source\repos\MIA SRC\lib\RCWF\2026.1.210.462\Telerik.WinControls.Themes.MaterialTeal.dll
        ProductCode: RCWF, LicenseDate: 2026-02-10, ProductName: Telerik UI for WinForms, ProductVersion: 2026.1.210.462, Flags: None
      - \\FEAP1313L\Users\edward.barreras\source\repos\MIA SRC\lib\RCWF\2026.1.210.462\Telerik.WinControls.Themes.Office2007Black.dll
        ProductCode: RCWF, LicenseDate: 2026-02-10, ProductName: Telerik UI for WinForms, ProductVersion: 2026.1.210.462, Flags: None
      - \\FEAP1313L\Users\edward.barreras\source\repos\MIA SRC\lib\RCWF\2026.1.210.462\Telerik.WinControls.Themes.Office2010Black.dll
        ProductCode: RCWF, LicenseDate: 2026-02-10, ProductName: Telerik UI for WinForms, ProductVersion: 2026.1.210.462, Flags: None
      - \\FEAP1313L\Users\edward.barreras\source\repos\MIA SRC\lib\RCWF\2026.1.210.462\Telerik.WinControls.Themes.Office2010Blue.dll
        ProductCode: RCWF, LicenseDate: 2026-02-10, ProductName: Telerik UI for WinForms, ProductVersion: 2026.1.210.462, Flags: None
      - \\FEAP1313L\Users\edward.barreras\source\repos\MIA SRC\lib\RCWF\2026.1.210.462\Telerik.WinControls.Themes.Office2010Silver.dll
        ProductCode: RCWF, LicenseDate: 2026-02-10, ProductName: Telerik UI for WinForms, ProductVersion: 2026.1.210.462, Flags: None
      - \\FEAP1313L\Users\edward.barreras\source\repos\MIA SRC\lib\RCWF\2026.1.210.462\Telerik.WinControls.Themes.Office2013Dark.dll
        ProductCode: RCWF, LicenseDate: 2026-02-10, ProductName: Telerik UI for WinForms, ProductVersion: 2026.1.210.462, Flags: None
      - \\FEAP1313L\Users\edward.barreras\source\repos\MIA SRC\lib\RCWF\2026.1.210.462\Telerik.WinControls.Themes.Office2013Light.dll
        ProductCode: RCWF, LicenseDate: 2026-02-10, ProductName: Telerik UI for WinForms, ProductVersion: 2026.1.210.462, Flags: None
      - \\FEAP1313L\Users\edward.barreras\source\repos\MIA SRC\lib\RCWF\2026.1.210.462\Telerik.WinControls.Themes.TelerikMetroBlue.dll
        ProductCode: RCWF, LicenseDate: 2026-02-10, ProductName: Telerik UI for WinForms, ProductVersion: 2026.1.210.462, Flags: None
      - \\FEAP1313L\Users\edward.barreras\source\repos\MIA SRC\lib\RCWF\2026.1.210.462\Telerik.WinControls.Themes.VisualStudio2012Dark.dll
        ProductCode: RCWF, LicenseDate: 2026-02-10, ProductName: Telerik UI for WinForms, ProductVersion: 2026.1.210.462, Flags: None
      - \\FEAP1313L\Users\edward.barreras\source\repos\MIA SRC\lib\RCWF\2026.1.210.462\Telerik.WinControls.Themes.VisualStudio2012Light.dll
        ProductCode: RCWF, LicenseDate: 2026-02-10, ProductName: Telerik UI for WinForms, ProductVersion: 2026.1.210.462, Flags: None
      - \\FEAP1313L\Users\edward.barreras\source\repos\MIA SRC\lib\RCWF\2026.1.210.462\Telerik.WinControls.Themes.Windows7.dll
        ProductCode: RCWF, LicenseDate: 2026-02-10, ProductName: Telerik UI for WinForms, ProductVersion: 2026.1.210.462, Flags: None
      - \\FEAP1313L\Users\edward.barreras\source\repos\MIA SRC\lib\RCWF\2026.1.210.462\Telerik.WinControls.Themes.Windows8.dll
        ProductCode: RCWF, LicenseDate: 2026-02-10, ProductName: Telerik UI for WinForms, ProductVersion: 2026.1.210.462, Flags: None
      - \\FEAP1313L\Users\edward.barreras\source\repos\MIA SRC\lib\RCWF\2026.1.210.462\Telerik.WinControls.UI.dll
        ProductCode: RCWF, LicenseDate: 2026-02-10, ProductName: Telerik UI for WinForms, ProductVersion: 2026.1.210.462, Flags: None
      - \\FEAP1313L\Users\edward.barreras\source\repos\MIA SRC\lib\RCWF\2026.1.210.462\Telerik.Windows.Documents.Core.dll
        ProductCode: DPL, LicenseDate: 2026-02-10, Redistributed By: RCWPF, RCWF, MAUI, UIXAM, WINUI, RCAJAX, KENDOUIMVC, UIASPCORE, BLAZOR, ProductName: Telerik Document Processing Libraries, ProductVersion: 2026.1.210.462, Flags: None
      - \\FEAP1313L\Users\edward.barreras\source\repos\MIA SRC\lib\RCWF\2026.1.210.462\Telerik.Windows.Documents.Fixed.dll
        ProductCode: DPL, LicenseDate: 2026-02-10, Redistributed By: RCWPF, RCWF, MAUI, UIXAM, WINUI, RCAJAX, KENDOUIMVC, UIASPCORE, BLAZOR, ProductName: Telerik Document Processing Libraries, ProductVersion: 2026.1.210.462, Flags: None
      - \\FEAP1313L\Users\edward.barreras\source\repos\MIA SRC\lib\RCWF\2026.1.210.462\Telerik.Windows.Documents.Spreadsheet.dll
        ProductCode: DPL, LicenseDate: 2026-02-10, Redistributed By: RCWPF, RCWF, MAUI, UIXAM, WINUI, RCAJAX, KENDOUIMVC, UIASPCORE, BLAZOR, ProductName: Telerik Document Processing Libraries, ProductVersion: 2026.1.210.462, Flags: None
      - \\FEAP1313L\Users\edward.barreras\source\repos\MIA SRC\lib\RCWF\2026.1.210.462\Telerik.Windows.Documents.Spreadsheet.FormatProviders.Pdf.dll
        ProductCode: DPL, LicenseDate: 2026-02-10, Redistributed By: RCWPF, RCWF, MAUI, UIXAM, WINUI, RCAJAX, KENDOUIMVC, UIASPCORE, BLAZOR, ProductName: Telerik Document Processing Libraries, ProductVersion: 2026.1.210.462, Flags: None
      - \\FEAP1313L\Users\edward.barreras\source\repos\MIA SRC\lib\RCWF\2026.1.210.462\Telerik.Windows.Documents.Spreadsheet.FormatProviders.Xls.dll
        ProductCode: DPL, LicenseDate: 2026-02-10, Redistributed By: RCWPF, RCWF, MAUI, UIXAM, WINUI, RCAJAX, KENDOUIMVC, UIASPCORE, BLAZOR, ProductName: Telerik Document Processing Libraries, ProductVersion: 2026.1.210.462, Flags: None
      - \\FEAP1313L\Users\edward.barreras\source\repos\MIA SRC\lib\RCWF\2026.1.210.462\Telerik.Windows.Zip.dll
        ProductCode: DPL, LicenseDate: 2026-02-10, Redistributed By: RCWPF, RCWF, MAUI, UIXAM, WINUI, RCAJAX, KENDOUIMVC, UIASPCORE, BLAZOR, ProductName: Telerik Document Processing Libraries, ProductVersion: 2026.1.210.462, Flags: None
      - \\FEAP1313L\Users\edward.barreras\source\repos\MIA SRC\lib\RCWF\2026.1.210.462\TelerikCommon.dll
        ProductCode: RCWF, LicenseDate: 2026-02-10, ProductName: Telerik UI for WinForms, ProductVersion: 2026.1.210.462, Flags: None
      - \\FEAP1313L\Users\edward.barreras\source\repos\MIA SRC\lib\RCWF\2026.1.210.462\TelerikExport.dll
        ProductCode: RCWF, LicenseDate: 2026-02-10, ProductName: Telerik UI for WinForms, ProductVersion: 2026.1.210.462, Flags: None
      Unique Products:
      - "Telerik Document Processing Libraries" (DPL) 2026.1.210.462 @2026-02-10
      - "Telerik UI for WinForms" (RCWF) 2026.1.210.462 @2026-02-10
      - "Telerik Reporting" (REPORTING) 19.1.25.521 @2025-05-21
      Found a total of 3 referenced Telerik products for 

[2026-03-24 07:30:13.637] [Low]   Provision Licensing
        Looking up license file...
        - EnvironmentVariablePath: TELERIK_LICENSE_PATH (NotAvailable)
        - EnvironmentVariable: TELERIK_LICENSE (NotAvailable)
        - EnvironmentVariable: KENDO_UI_LICENSE (NotAvailable)
        - RecursiveFilePath: \\FEAP1313L\Users\edward.barreras\source\repos\MIA SRC\ERP\telerik-license.txt (NotAvailable)
        - RecursiveFilePath: \\FEAP1313L\Users\edward.barreras\source\repos\MIA SRC\ERP\kendo-ui-license.txt (NotAvailable)
        - RecursiveFilePath: \\FEAP1313L\Users\edward.barreras\source\repos\MIA SRC\telerik-license.txt (LicenseFound)
        - RecursiveFilePath: \\FEAP1313L\Users\edward.barreras\source\repos\MIA SRC\kendo-ui-license.txt (Skip)
        - RecursiveFilePath: \\FEAP1313L\Users\edward.barreras\source\repos\telerik-license.txt (Skip)
        - RecursiveFilePath: \\FEAP1313L\Users\edward.barreras\source\repos\kendo-ui-license.txt (Skip)
        - RecursiveFilePath: \\FEAP1313L\Users\edward.barreras\source\telerik-license.txt (Skip)
        - RecursiveFilePath: \\FEAP1313L\Users\edward.barreras\source\kendo-ui-license.txt (Skip)
        - RecursiveFilePath: \\FEAP1313L\Users\edward.barreras\telerik-license.txt (Skip)
        - RecursiveFilePath: \\FEAP1313L\Users\edward.barreras\kendo-ui-license.txt (Skip)
        - RecursiveFilePath: \\FEAP1313L\Users\telerik-license.txt (Skip)
        - RecursiveFilePath: \\FEAP1313L\Users\kendo-ui-license.txt (Skip)
        - UserDirectory: C:\Users\edward.barreras\AppData\Roaming\Telerik\telerik-license.txt (Skip)
        - UserDirectory: C:\Users\edward.barreras\AppData\Roaming\Telerik\kendo-ui-license.txt (Skip)
        LicenseKey
        - AUD: f***.m**@f***************.com
        - UsedId: ab69b8b5-c84c-45ed-8228-81dac868c759
        - LicenseId: e7eaafda-87c7-42d6-9ce6-49a541b8c4ed
        - IssuedAt: 1/20/2026 6:35:06 AM
        - Licenses
          0) Perpetual BLAZOR, expiration 9/25/2027 12:49:33 PM, type: 'perpetual'
          1) Perpetual JM, expiration 9/25/2027 12:49:33 PM, type: 'perpetual'
          2) Perpetual KENDOUIANGULAR, expiration 9/25/2027 12:49:33 PM, type: 'perpetual'
          3) Perpetual KENDOUICOMPLETE, expiration 9/25/2027 12:49:33 PM, type: 'perpetual'
          4) Perpetual KENDOUIMVC, expiration 9/25/2027 12:49:33 PM, type: 'perpetual'
          5) Perpetual KENDOUIREACT, expiration 9/25/2027 12:49:33 PM, type: 'perpetual'
          6) Perpetual KENDOUIVUE, expiration 9/25/2027 12:49:33 PM, type: 'perpetual'
          7) Perpetual MAUI, expiration 9/25/2027 12:49:33 PM, type: 'perpetual'
          8) Perpetual RCAJAX, expiration 9/25/2027 12:49:33 PM, type: 'perpetual'
          9) Perpetual RCWF, expiration 9/25/2027 12:49:33 PM, type: 'perpetual'
          10) Perpetual RCWPF, expiration 9/25/2027 12:49:33 PM, type: 'perpetual'
          11) Perpetual REPORTING, expiration 9/25/2027 12:49:33 PM, type: 'perpetual'
          12) Perpetual REPORTSERVER, expiration 9/25/2027 12:49:33 PM, type: 'perpetual'
          13) Perpetual UIASPCORE, expiration 9/25/2027 12:49:33 PM, type: 'perpetual'
          14) Perpetual UIXAM, expiration 2/19/2025 6:00:00 AM, type: 'perpetual'
          15) Perpetual WINUI, expiration 9/25/2027 12:49:33 PM, type: 'perpetual'
          16) Usage UserId: ab69b8b5-c84c-45ed-8228-81dac868c759, LicenseId: e7eaafda-87c7-42d6-9ce6-49a541b8c4ed, type: 'usage'

[2026-03-24 07:30:13.659] [Low]   License Resolution
        Messages
          - License OK for "Telerik UI for WinForms" (RCWF) 2026.1.210.462 @2026-02-10 - Perpetual, valid until 2027-09-25.
          - License OK for "Telerik Reporting" (REPORTING) 19.1.25.521 @2025-05-21 - Perpetual, valid until 2027-09-25.
          - License OK for "Telerik Document Processing Libraries" (DPL) 2026.1.210.462 @2026-02-10 - Perpetual for RCWF, valid until 2027-09-25.
        JWTs
          - eyJhbGciOiJSUzI1NiIsInR5cCI6IlRlbGVyaWsgTGljZW5zZSBFdmlkZW5jZSJ9.eyJjb2RlIjoiUkNXRiIsInR5cGUiOiJwZXJwZXR1YWwiLCJleHBpcmF0aW9uIjoxODIxODc2NTczLCJ1c2VySWQiOiJhYjY5YjhiNS1jODRjLTQ1ZWQtODIyOC04MWRhYzg2OGM3NTkiLCJsaWNlbnNlSWQiOiJlN2VhYWZkYS04N2M3LTQyZDYtOWNlNi00OWE1NDFiOGM0ZWQifQ.H8sxX5O2T3i22Uhy0PFV3YDo-lS1iHVocWX9Eu-82PheI3XbKMkEr7QiChWfuNwS9afgR7PMGy4_nx9HXRV5V9cRQ1zWvIkJsG2EbadPtKlygaAkCh-FXSRVflm3WITNHIAYfazZa26sHSnqBW_XRbH3o0GQkqVYkLlxLuLuKa4M7LlA1KtQZcVFhOH2oaXQoxfrkUMQxNFCz0JdI76T1YJNrAwxpXri8KUzfoDwKhY-IhN-bU25hJs19yGvWykTuZqrZ3lv603aQkaCaPnlF_tHROsmC7nbV4aaxaSHRF1PVD5lqsAhkA5OdGmqH8Kq9F5mhRXVVwYWf3WBcxZKkg
          - eyJhbGciOiJSUzI1NiIsInR5cCI6IlRlbGVyaWsgTGljZW5zZSBFdmlkZW5jZSJ9.eyJjb2RlIjoiUkVQT1JUSU5HIiwidHlwZSI6InBlcnBldHVhbCIsImV4cGlyYXRpb24iOjE4MjE4NzY1NzMsInVzZXJJZCI6ImFiNjliOGI1LWM4NGMtNDVlZC04MjI4LTgxZGFjODY4Yzc1OSIsImxpY2Vuc2VJZCI6ImU3ZWFhZmRhLTg3YzctNDJkNi05Y2U2LTQ5YTU0MWI4YzRlZCJ9.vMdezVVvhtRG-iThgXrXFDyr8L394y38spuHWK9Cyc_b9XZ2iHzEwyT9dLgOqBfvEQM3-GKFcOW6O4-_SSwoIjNhm9paVKSVEmeonMfEOgZjOXuqYFCrXmegYUefJNkHmL6P9cB0CPtA_PThVXqg_RGtCMGEoTW_ISG2ymjLnKXwuGf3uQoTxYWCmdBVMAeZHBlzpUh7aJ78fWmWbIvGf_jrykaFhCaWML2yJHyAjHIH1uzf088pGqdOeDvhBQsIva3Hg0KPLptC4ZqxkkVyYHFvvqFgwwkv8O3ex6Df238honjg-11aXIid1Ad6SSsrqEuKqHBUF__HbdhN0AvfLg
        Licenses
          - License OK for "Telerik UI for WinForms" (RCWF) 2026.1.210.462 @2026-02-10 - Perpetual, valid until 2027-09-25.
          - License OK for "Telerik Reporting" (REPORTING) 19.1.25.521 @2025-05-21 - Perpetual, valid until 2027-09-25.
          - License OK for "Telerik Document Processing Libraries" (DPL) 2026.1.210.462 @2026-02-10 - Perpetual for RCWF, valid until 2027-09-25.

[2026-03-24 07:30:13.668] [Low] OutputType: WinExe, ImportXamlTargets: True
[2026-03-24 07:30:13.731] [Low] 
      Call-Home Telerik Products (3 for )
      - "Telerik UI for WinForms" (RCWF) 2026.1.210
      - "DPL" (DPL) 2026.1.210
      - "Telerik Reporting" (REPORTING) 19.1.25

[2026-03-24 07:30:13.731] [Low] 
[2026-03-24 07:30:13.740] [Low] 
      Call-Home Telerik Features (0 for )

[2026-03-24 07:30:13.740] [Low] 
[2026-03-24 07:30:17.256] [Low]   Report Telerik.Licensing
        UserId: ab69b8b5-c84c-45ed-8228-81dac868c759
        LicenseId: e7eaafda-87c7-42d6-9ce6-49a541b8c4ed
        Products
        WorkstationId: 092bc162-c6aa-3bde-8739-b3082b89249c
        - LicenseUsed RCWF 2026.1.210.462 OK
        - LicenseUsed REPORTING 19.1.25.521 OK
        - LicenseUsed DPL 2026.1.210.462 OK
      Report finished in 00:00:03.4904238

[2026-03-24 07:30:17.271] [Low]   Sending Telemetry...
[2026-03-24 07:30:22.431] [Low]   Metrics done 00:00:05.1600527
[2026-03-24 07:30:22.440] [Normal] Resolve Telerik Products. Done (00:00:13.6592805) for 
